timestamp,incident_id,service,cpu_usage,memory_usage,request_rate,latency_ms,error_rate,db_connection_utilization,downstream_latency_ms
2026-02-25T13:46:00,INC-023,api-gateway,16.00,36.06,407.18,142.3,0.211,,165.0
2026-02-25T13:46:00,INC-023,database,19.78,61.05,1318.94,2.3,0.037,48.62,
2026-02-25T13:46:00,INC-023,inventory-service,18.04,28.82,151.61,28.5,0.066,34.93,73.7
2026-02-25T13:46:00,INC-023,orders-api,38.68,52.69,96.13,183.3,0.309,33.08,69.3
2026-02-25T13:46:00,INC-023,payment-api,26.48,48.89,61.94,225.8,0.107,37.89,240.4
2026-02-25T13:46:00,INC-023,recommendation-service,36.56,55.37,232.86,121.2,0.332,17.04,
2026-02-25T13:47:00,INC-023,api-gateway,17.91,35.70,415.01,132.3,0.221,,158.6
2026-02-25T13:47:00,INC-023,database,19.76,60.85,1240.06,2.2,0.033,48.03,
2026-02-25T13:47:00,INC-023,inventory-service,19.52,28.60,146.84,28.7,0.039,34.34,79.6
2026-02-25T13:47:00,INC-023,orders-api,40.20,52.09,93.89,181.1,0.250,30.48,72.3
2026-02-25T13:47:00,INC-023,payment-api,24.32,48.75,60.58,213.9,0.071,35.78,262.1
2026-02-25T13:47:00,INC-023,recommendation-service,37.96,55.37,226.45,208.8,0.607,16.57,
2026-02-25T13:48:00,INC-023,api-gateway,18.81,35.76,408.52,137.0,0.270,,156.6
2026-02-25T13:48:00,INC-023,database,18.04,60.85,1325.97,2.2,0.022,45.12,
2026-02-25T13:48:00,INC-023,inventory-service,19.87,28.78,144.02,26.7,0.033,34.45,75.8
2026-02-25T13:48:00,INC-023,orders-api,40.03,52.50,101.14,186.1,0.137,31.94,78.5
2026-02-25T13:48:00,INC-023,payment-api,24.99,48.86,66.48,224.0,0.126,35.80,288.6
2026-02-25T13:48:00,INC-023,recommendation-service,38.24,54.91,226.02,106.8,0.241,16.31,
2026-02-25T13:49:00,INC-023,api-gateway,17.04,35.87,387.33,135.6,0.215,,151.4
2026-02-25T13:49:00,INC-023,database,16.93,60.83,1321.76,1.9,0.021,46.87,
2026-02-25T13:49:00,INC-023,inventory-service,20.06,29.35,148.39,26.2,0.059,35.10,71.9
2026-02-25T13:49:00,INC-023,orders-api,39.14,52.50,104.05,162.7,0.184,33.83,77.6
2026-02-25T13:49:00,INC-023,payment-api,24.20,48.27,64.97,194.7,0.162,36.16,263.8
2026-02-25T13:49:00,INC-023,recommendation-service,36.87,55.54,223.80,106.8,0.149,16.45,
2026-02-25T13:50:00,INC-023,api-gateway,16.63,36.23,372.49,138.7,0.122,,163.5
2026-02-25T13:50:00,INC-023,database,14.28,60.82,1436.87,2.1,0.023,46.75,
2026-02-25T13:50:00,INC-023,inventory-service,21.22,28.46,153.30,25.5,0.067,37.61,79.5
2026-02-25T13:50:00,INC-023,orders-api,40.09,52.67,100.19,154.1,0.393,33.14,81.3
2026-02-25T13:50:00,INC-023,payment-api,26.40,48.04,69.11,200.2,0.140,36.64,256.5
2026-02-25T13:50:00,INC-023,recommendation-service,37.38,55.02,230.11,102.4,0.227,16.30,
2026-02-25T13:51:00,INC-023,api-gateway,14.88,35.92,393.49,139.0,0.116,,151.4
2026-02-25T13:51:00,INC-023,database,17.21,60.22,1437.90,2.1,0.029,48.40,
2026-02-25T13:51:00,INC-023,inventory-service,21.96,28.42,160.37,27.2,0.062,35.20,81.2
2026-02-25T13:51:00,INC-023,orders-api,39.11,53.02,95.17,153.1,0.306,30.83,86.9
2026-02-25T13:51:00,INC-023,payment-api,25.28,48.09,66.11,192.7,0.121,35.88,229.6
2026-02-25T13:51:00,INC-023,recommendation-service,39.73,55.06,242.85,107.7,0.347,16.53,
2026-02-25T13:52:00,INC-023,api-gateway,16.10,36.09,386.06,135.5,0.214,,176.7
2026-02-25T13:52:00,INC-023,database,18.57,60.22,1336.51,2.3,0.030,47.33,
2026-02-25T13:52:00,INC-023,inventory-service,21.38,28.61,151.60,26.6,0.051,36.18,84.4
2026-02-25T13:52:00,INC-023,orders-api,39.92,53.35,98.31,150.2,0.424,30.38,84.9
2026-02-25T13:52:00,INC-023,payment-api,26.50,48.70,63.26,181.6,0.104,37.71,206.7
2026-02-25T13:52:00,INC-023,recommendation-service,40.62,55.53,247.31,102.4,0.330,16.30,
2026-02-25T13:53:00,INC-023,api-gateway,15.80,36.53,400.60,148.0,0.267,,190.0
2026-02-25T13:53:00,INC-023,database,19.01,60.68,1353.53,2.5,0.030,45.67,
2026-02-25T13:53:00,INC-023,inventory-service,22.29,28.40,155.94,26.1,0.095,33.28,92.8
2026-02-25T13:53:00,INC-023,orders-api,39.91,53.65,99.33,160.0,0.481,31.86,82.4
2026-02-25T13:53:00,INC-023,payment-api,27.52,48.48,64.86,172.5,0.071,37.75,220.1
2026-02-25T13:53:00,INC-023,recommendation-service,40.18,55.29,240.20,188.5,0.527,16.48,
2026-02-25T13:54:00,INC-023,api-gateway,15.92,36.31,410.43,153.9,0.285,,171.5
2026-02-25T13:54:00,INC-023,database,18.28,60.40,1390.43,2.5,0.046,47.77,
2026-02-25T13:54:00,INC-023,inventory-service,23.33,28.73,166.82,28.8,0.083,33.74,82.5
2026-02-25T13:54:00,INC-023,orders-api,41.68,53.17,102.23,164.1,0.495,32.56,81.2
2026-02-25T13:54:00,INC-023,payment-api,27.30,48.67,62.81,186.0,0.063,36.96,216.1
2026-02-25T13:54:00,INC-023,recommendation-service,37.88,55.20,242.28,111.6,0.243,17.86,
2026-02-25T13:55:00,INC-023,api-gateway,14.77,36.47,398.18,136.2,0.237,,148.7
2026-02-25T13:55:00,INC-023,database,16.40,60.70,1401.80,2.5,0.034,46.54,
2026-02-25T13:55:00,INC-023,inventory-service,22.99,28.84,165.17,27.7,0.076,34.05,71.4
2026-02-25T13:55:00,INC-023,orders-api,40.37,53.29,97.61,166.6,0.417,30.78,80.7
2026-02-25T13:55:00,INC-023,payment-api,24.77,48.34,61.92,196.5,0.068,38.05,207.5
2026-02-25T13:55:00,INC-023,recommendation-service,38.43,55.35,244.52,119.8,0.269,16.76,
2026-02-25T13:56:00,INC-023,api-gateway,16.19,36.27,394.48,139.5,0.198,,154.7
2026-02-25T13:56:00,INC-023,database,19.95,59.99,1387.27,2.6,0.046,44.99,
2026-02-25T13:56:00,INC-023,inventory-service,21.18,28.77,164.45,30.2,0.069,35.21,82.6
2026-02-25T13:56:00,INC-023,orders-api,39.98,52.43,98.25,159.0,0.559,32.85,76.8
2026-02-25T13:56:00,INC-023,payment-api,23.14,48.13,63.47,191.7,0.138,38.78,218.0
2026-02-25T13:56:00,INC-023,recommendation-service,40.17,54.65,245.71,126.3,0.417,14.66,
2026-02-25T13:57:00,INC-023,api-gateway,16.81,35.69,382.57,133.5,0.136,,148.2
2026-02-25T13:57:00,INC-023,database,20.78,60.05,1322.62,2.4,0.059,46.60,
2026-02-25T13:57:00,INC-023,inventory-service,19.90,29.37,154.72,30.5,0.073,33.58,76.9
2026-02-25T13:57:00,INC-023,orders-api,37.93,52.50,97.90,158.5,0.511,31.43,72.4
2026-02-25T13:57:00,INC-023,payment-api,24.48,47.96,61.87,190.7,0.181,38.56,208.5
2026-02-25T13:57:00,INC-023,recommendation-service,37.65,55.03,241.54,105.7,0.347,15.61,
2026-02-25T13:58:00,INC-023,api-gateway,14.87,35.99,391.35,139.8,0.120,,154.2
2026-02-25T13:58:00,INC-023,database,20.00,60.25,1415.12,3.8,0.557,47.80,
2026-02-25T13:58:00,INC-023,inventory-service,20.48,28.70,149.43,30.5,0.082,33.68,79.0
2026-02-25T13:58:00,INC-023,orders-api,38.75,52.71,100.63,176.0,0.426,34.34,81.8
2026-02-25T13:58:00,INC-023,payment-api,26.25,48.33,66.54,187.6,0.166,34.50,214.7
2026-02-25T13:58:00,INC-023,recommendation-service,37.44,55.55,247.82,117.2,0.212,17.42,
2026-02-25T13:59:00,INC-023,api-gateway,15.62,35.98,409.81,157.6,0.107,,143.6
2026-02-25T13:59:00,INC-023,database,20.21,60.89,1409.86,2.5,0.040,46.21,
2026-02-25T13:59:00,INC-023,inventory-service,20.82,28.41,150.77,30.6,0.063,31.56,75.6
2026-02-25T13:59:00,INC-023,orders-api,41.88,52.82,101.82,165.1,0.257,33.41,78.4
2026-02-25T13:59:00,INC-023,payment-api,26.09,49.07,65.50,191.9,0.124,36.32,209.7
2026-02-25T13:59:00,INC-023,recommendation-service,37.76,55.72,244.59,107.6,0.312,16.63,
2026-02-25T14:00:00,INC-023,api-gateway,16.18,36.47,408.95,161.5,0.109,,136.0
2026-02-25T14:00:00,INC-023,database,20.29,61.02,1433.74,2.7,0.064,45.90,
2026-02-25T14:00:00,INC-023,inventory-service,19.57,28.99,156.17,29.4,0.046,31.96,67.6
2026-02-25T14:00:00,INC-023,orders-api,41.37,53.38,99.10,147.8,0.390,33.46,76.4
2026-02-25T14:00:00,INC-023,payment-api,25.51,48.74,67.43,199.1,0.116,38.09,229.1
2026-02-25T14:00:00,INC-023,recommendation-service,36.14,55.36,241.75,110.6,0.315,18.49,
2026-02-25T14:01:00,INC-023,api-gateway,16.24,36.00,399.29,156.6,0.137,,144.8
2026-02-25T14:01:00,INC-023,database,18.38,60.86,1404.20,2.6,0.052,46.03,
2026-02-25T14:01:00,INC-023,inventory-service,18.89,28.68,150.70,28.7,0.062,30.27,74.2
2026-02-25T14:01:00,INC-023,orders-api,40.35,53.63,93.24,164.4,0.489,35.08,80.5
2026-02-25T14:01:00,INC-023,payment-api,27.06,48.57,61.35,209.3,0.080,36.31,228.4
2026-02-25T14:01:00,INC-023,recommendation-service,38.38,55.23,230.70,121.5,0.320,20.01,
2026-02-25T14:02:00,INC-023,api-gateway,15.06,35.02,385.29,149.1,0.162,,150.5
2026-02-25T14:02:00,INC-023,database,17.03,60.95,1393.99,2.4,0.027,45.45,
2026-02-25T14:02:00,INC-023,inventory-service,18.57,28.15,151.57,26.9,0.069,31.69,73.1
2026-02-25T14:02:00,INC-023,orders-api,42.15,53.13,90.20,172.0,0.489,36.11,80.8
2026-02-25T14:02:00,INC-023,payment-api,28.48,48.38,66.61,200.5,0.099,37.17,244.7
2026-02-25T14:02:00,INC-023,recommendation-service,39.57,56.05,224.67,122.8,0.374,16.54,
2026-02-25T14:03:00,INC-023,api-gateway,17.22,35.24,400.83,150.2,0.176,,156.3
2026-02-25T14:03:00,INC-023,database,17.48,60.85,1365.66,2.6,0.037,45.90,
2026-02-25T14:03:00,INC-023,inventory-service,18.86,27.35,156.50,28.6,0.054,33.66,71.4
2026-02-25T14:03:00,INC-023,orders-api,41.63,53.43,90.47,185.9,0.508,34.16,87.9
2026-02-25T14:03:00,INC-023,payment-api,28.84,49.12,67.14,189.9,0.151,38.55,208.3
2026-02-25T14:03:00,INC-023,recommendation-service,39.22,55.85,237.99,118.2,0.323,17.13,
2026-02-25T14:04:00,INC-023,api-gateway,16.86,35.74,417.05,145.0,0.277,,191.3
2026-02-25T14:04:00,INC-023,database,18.44,60.46,1412.76,2.5,0.037,44.44,
2026-02-25T14:04:00,INC-023,inventory-service,20.68,27.35,152.06,29.0,0.049,36.48,64.5
2026-02-25T14:04:00,INC-023,orders-api,39.29,53.08,91.72,182.5,0.476,34.74,89.0
2026-02-25T14:04:00,INC-023,payment-api,26.61,49.07,65.67,186.5,0.118,37.99,225.0
2026-02-25T14:04:00,INC-023,recommendation-service,36.45,55.02,245.50,127.9,0.344,16.62,
2026-02-25T14:05:00,INC-023,api-gateway,15.69,35.66,410.23,155.1,0.231,,178.4
2026-02-25T14:05:00,INC-023,database,15.55,60.67,1452.44,2.6,0.036,43.93,
2026-02-25T14:05:00,INC-023,inventory-service,20.64,28.37,156.30,60.5,0.437,36.79,60.0
2026-02-25T14:05:00,INC-023,orders-api,38.83,53.37,95.18,192.2,0.588,34.64,79.5
2026-02-25T14:05:00,INC-023,payment-api,25.94,48.45,66.93,196.8,0.113,37.53,210.0
2026-02-25T14:05:00,INC-023,recommendation-service,35.80,55.13,236.23,125.1,0.453,17.12,
2026-02-25T14:06:00,INC-023,api-gateway,19.98,35.48,393.43,151.0,0.211,,169.4
2026-02-25T14:06:00,INC-023,database,16.32,60.67,1402.06,2.8,0.036,43.40,
2026-02-25T14:06:00,INC-023,inventory-service,21.41,28.73,157.52,26.9,0.019,33.23,63.9
2026-02-25T14:06:00,INC-023,orders-api,38.82,52.80,95.37,181.7,0.569,33.24,77.1
2026-02-25T14:06:00,INC-023,payment-api,25.41,48.77,64.98,214.8,0.087,37.79,228.9
2026-02-25T14:06:00,INC-023,recommendation-service,35.57,55.05,239.23,136.0,0.252,17.62,
2026-02-25T14:07:00,INC-023,api-gateway,19.42,36.07,384.61,151.2,0.302,,159.7
2026-02-25T14:07:00,INC-023,database,18.54,60.78,1402.33,2.8,0.046,43.54,
2026-02-25T14:07:00,INC-023,inventory-service,22.18,28.84,153.51,25.8,0.018,34.86,70.7
2026-02-25T14:07:00,INC-023,orders-api,36.03,52.82,95.28,183.1,0.355,30.37,81.6
2026-02-25T14:07:00,INC-023,payment-api,26.06,48.90,66.76,247.0,0.042,42.68,244.5
2026-02-25T14:07:00,INC-023,recommendation-service,37.23,54.16,221.50,130.6,0.196,16.53,
2026-02-25T14:08:00,INC-023,api-gateway,16.40,36.22,370.14,150.9,0.325,,149.7
2026-02-25T14:08:00,INC-023,database,19.49,60.83,1339.67,2.5,0.026,44.75,
2026-02-25T14:08:00,INC-023,inventory-service,22.91,29.75,155.88,25.5,0.035,33.37,72.1
2026-02-25T14:08:00,INC-023,orders-api,36.52,53.10,93.08,185.7,0.435,29.10,83.0
2026-02-25T14:08:00,INC-023,payment-api,22.99,48.50,62.83,239.2,0.086,43.40,236.3
2026-02-25T14:08:00,INC-023,recommendation-service,36.10,54.82,222.47,133.3,0.099,15.91,
2026-02-25T14:09:00,INC-023,api-gateway,13.19,36.37,364.79,140.0,0.258,,158.3
2026-02-25T14:09:00,INC-023,database,18.57,60.17,1341.40,2.5,0.023,49.02,
2026-02-25T14:09:00,INC-023,inventory-service,22.41,30.58,154.76,26.2,0.052,31.08,73.5
2026-02-25T14:09:00,INC-023,orders-api,36.22,53.00,92.61,183.6,0.480,31.19,71.7
2026-02-25T14:09:00,INC-023,payment-api,24.44,48.94,64.77,234.6,0.071,42.73,244.8
2026-02-25T14:09:00,INC-023,recommendation-service,36.85,55.02,208.13,115.6,0.242,14.22,
2026-02-25T14:10:00,INC-023,api-gateway,12.61,36.12,357.78,141.4,0.282,,149.0
2026-02-25T14:10:00,INC-023,database,19.52,60.18,1361.95,2.5,0.036,48.38,
2026-02-25T14:10:00,INC-023,inventory-service,21.07,30.71,150.03,26.3,0.063,30.63,72.5
2026-02-25T14:10:00,INC-023,orders-api,36.18,52.50,90.79,166.4,0.382,32.12,79.5
2026-02-25T14:10:00,INC-023,payment-api,23.53,48.39,60.59,218.7,0.054,41.91,258.5
2026-02-25T14:10:00,INC-023,recommendation-service,33.81,55.25,214.90,120.1,0.315,15.05,
2026-02-25T14:11:00,INC-023,api-gateway,14.03,36.13,362.61,148.7,0.368,,154.0
2026-02-25T14:11:00,INC-023,database,17.31,60.48,1261.06,4.7,0.602,47.06,
2026-02-25T14:11:00,INC-023,inventory-service,21.30,31.23,145.42,24.9,0.059,32.95,71.2
2026-02-25T14:11:00,INC-023,orders-api,37.00,52.99,90.40,163.7,0.449,31.39,81.0
2026-02-25T14:11:00,INC-023,payment-api,25.51,48.65,56.77,214.9,0.130,42.20,286.8
2026-02-25T14:11:00,INC-023,recommendation-service,32.81,55.40,202.23,123.9,0.365,12.75,
2026-02-25T14:12:00,INC-023,api-gateway,15.57,36.37,381.19,145.1,0.340,,132.9
2026-02-25T14:12:00,INC-023,database,16.73,60.16,1254.41,2.4,0.028,47.95,
2026-02-25T14:12:00,INC-023,inventory-service,21.93,31.62,151.27,25.5,0.058,34.74,64.6
2026-02-25T14:12:00,INC-023,orders-api,36.57,52.99,93.69,166.1,0.381,33.32,81.8
2026-02-25T14:12:00,INC-023,payment-api,23.82,48.53,52.82,233.3,0.101,41.25,249.6
2026-02-25T14:12:00,INC-023,recommendation-service,32.69,55.06,209.27,110.8,0.332,13.60,
2026-02-25T14:13:00,INC-023,api-gateway,15.66,35.79,366.55,139.5,0.242,,142.6
2026-02-25T14:13:00,INC-023,database,16.11,60.12,1270.02,2.2,0.018,46.20,
2026-02-25T14:13:00,INC-023,inventory-service,22.36,32.20,145.80,24.5,0.049,33.00,63.4
2026-02-25T14:13:00,INC-023,orders-api,38.88,52.66,97.28,170.7,0.095,31.39,81.0
2026-02-25T14:13:00,INC-023,payment-api,23.80,48.52,54.87,212.7,0.058,43.58,247.6
2026-02-25T14:13:00,INC-023,recommendation-service,32.37,55.42,209.61,104.2,0.269,12.32,
2026-02-25T14:14:00,INC-023,api-gateway,14.47,35.43,364.68,139.1,0.281,,154.3
2026-02-25T14:14:00,INC-023,database,18.21,61.21,1302.32,2.0,0.040,46.08,
2026-02-25T14:14:00,INC-023,inventory-service,19.41,33.05,147.94,26.5,0.049,33.77,72.5
2026-02-25T14:14:00,INC-023,orders-api,37.35,53.39,97.23,162.0,0.167,31.79,77.4
2026-02-25T14:14:00,INC-023,payment-api,25.10,48.96,53.93,190.2,0.110,42.66,249.9
2026-02-25T14:14:00,INC-023,recommendation-service,34.88,55.54,224.96,104.1,0.208,17.14,
2026-02-25T14:15:00,INC-023,api-gateway,14.58,35.34,383.79,135.2,0.301,,151.5
2026-02-25T14:15:00,INC-023,database,18.78,61.23,1298.69,2.1,0.022,47.74,
2026-02-25T14:15:00,INC-023,inventory-service,18.60,32.96,148.63,26.6,0.057,33.06,70.8
2026-02-25T14:15:00,INC-023,orders-api,39.47,53.89,92.65,163.8,0.420,31.11,92.1
2026-02-25T14:15:00,INC-023,payment-api,24.87,49.11,57.31,189.5,0.129,38.97,235.6
2026-02-25T14:15:00,INC-023,recommendation-service,38.42,54.70,211.27,99.2,0.231,14.82,
2026-02-25T14:16:00,INC-023,api-gateway,15.67,35.56,369.98,142.0,0.265,,163.7
2026-02-25T14:16:00,INC-023,database,19.67,61.09,1239.52,2.3,0.029,47.60,
2026-02-25T14:16:00,INC-023,inventory-service,19.66,34.31,151.22,27.9,0.072,33.12,79.0
2026-02-25T14:16:00,INC-023,orders-api,38.56,53.41,94.18,174.6,0.517,32.79,101.4
2026-02-25T14:16:00,INC-023,payment-api,24.26,49.62,58.88,195.1,0.121,38.73,242.2
2026-02-25T14:16:00,INC-023,recommendation-service,37.12,54.58,207.38,90.3,0.161,16.22,
2026-02-25T14:17:00,INC-023,api-gateway,16.30,35.64,356.45,120.9,0.177,,138.0
2026-02-25T14:17:00,INC-023,database,19.30,60.76,1194.59,2.3,0.045,47.49,
2026-02-25T14:17:00,INC-023,inventory-service,17.28,33.96,148.23,28.3,0.073,32.10,83.2
2026-02-25T14:17:00,INC-023,orders-api,38.44,52.80,97.35,172.0,0.290,32.89,95.4
2026-02-25T14:17:00,INC-023,payment-api,24.27,49.32,57.63,192.5,0.198,38.56,220.8
2026-02-25T14:17:00,INC-023,recommendation-service,35.39,54.23,205.99,86.2,0.109,15.39,
2026-02-25T14:18:00,INC-023,api-gateway,14.92,35.01,353.59,129.0,0.196,,156.0
2026-02-25T14:18:00,INC-023,database,19.37,60.84,1191.26,2.4,0.058,48.66,
2026-02-25T14:18:00,INC-023,inventory-service,16.57,33.93,147.69,27.2,0.066,33.44,87.4
2026-02-25T14:18:00,INC-023,orders-api,38.21,53.16,100.58,165.2,0.263,34.70,83.0
2026-02-25T14:18:00,INC-023,payment-api,24.35,48.85,56.45,197.9,0.234,39.18,200.5
2026-02-25T14:18:00,INC-023,recommendation-service,35.14,54.52,201.98,89.2,0.060,19.49,
2026-02-25T14:19:00,INC-023,api-gateway,16.98,35.21,358.16,147.5,0.142,,172.3
2026-02-25T14:19:00,INC-023,database,19.41,60.81,1142.31,2.3,0.061,47.94,
2026-02-25T14:19:00,INC-023,inventory-service,18.62,34.53,140.84,25.8,0.066,34.34,90.1
2026-02-25T14:19:00,INC-023,orders-api,37.56,52.25,94.94,162.0,0.560,34.79,80.3
2026-02-25T14:19:00,INC-023,payment-api,25.78,48.35,57.83,196.4,0.191,39.06,231.8
2026-02-25T14:19:00,INC-023,recommendation-service,35.50,54.17,205.93,94.2,0.045,19.42,
2026-02-25T14:20:00,INC-023,api-gateway,17.86,35.24,376.22,144.5,0.125,,161.8
2026-02-25T14:20:00,INC-023,database,19.07,60.98,1238.28,2.1,0.061,46.25,
2026-02-25T14:20:00,INC-023,inventory-service,18.85,35.36,145.13,25.1,0.091,32.95,85.8
2026-02-25T14:20:00,INC-023,orders-api,37.57,52.19,93.61,147.7,0.446,34.74,80.3
2026-02-25T14:20:00,INC-023,payment-api,25.81,48.87,56.60,194.1,0.186,40.21,240.5
2026-02-25T14:20:00,INC-023,recommendation-service,34.88,54.73,206.27,92.0,0.248,15.41,
2026-02-25T14:21:00,INC-023,api-gateway,16.18,34.86,362.59,131.9,0.050,,197.1
2026-02-25T14:21:00,INC-023,database,18.93,60.72,1209.39,2.3,0.050,46.00,
2026-02-25T14:21:00,INC-023,inventory-service,18.65,35.56,134.14,25.6,0.071,32.45,80.6
2026-02-25T14:21:00,INC-023,orders-api,37.10,51.92,92.64,165.4,0.374,34.07,79.0
2026-02-25T14:21:00,INC-023,payment-api,27.29,49.31,54.88,201.3,0.197,40.94,215.3
2026-02-25T14:21:00,INC-023,recommendation-service,35.73,54.94,205.80,84.1,0.065,16.16,
2026-02-25T14:22:00,INC-023,api-gateway,16.79,34.98,342.47,126.2,0.076,,183.5
2026-02-25T14:22:00,INC-023,database,18.84,60.50,1238.80,2.1,0.054,45.22,
2026-02-25T14:22:00,INC-023,inventory-service,18.75,36.29,134.47,24.5,0.039,32.65,70.8
2026-02-25T14:22:00,INC-023,orders-api,36.79,51.74,90.52,163.5,0.425,31.62,72.5
2026-02-25T14:22:00,INC-023,payment-api,25.48,49.15,57.46,207.6,0.140,39.77,254.0
2026-02-25T14:22:00,INC-023,recommendation-service,35.61,54.82,204.75,74.4,0.120,15.44,
2026-02-25T14:23:00,INC-023,api-gateway,16.48,34.46,333.68,126.7,0.081,,198.6
2026-02-25T14:23:00,INC-023,database,18.96,60.78,1212.43,2.0,0.047,45.07,
2026-02-25T14:23:00,INC-023,inventory-service,21.04,37.34,132.62,28.3,0.040,32.86,66.6
2026-02-25T14:23:00,INC-023,orders-api,35.96,51.79,87.77,155.6,0.494,33.49,67.3
2026-02-25T14:23:00,INC-023,payment-api,26.05,48.67,55.78,209.9,0.140,38.72,275.0
2026-02-25T14:23:00,INC-023,recommendation-service,36.06,55.28,206.72,79.1,0.144,14.98,
2026-02-25T14:24:00,INC-023,api-gateway,17.18,34.73,341.68,131.4,0.107,,180.0
2026-02-25T14:24:00,INC-023,database,17.94,60.49,1207.35,1.9,0.043,49.51,
2026-02-25T14:24:00,INC-023,inventory-service,21.20,37.69,130.54,27.7,0.044,35.13,72.6
2026-02-25T14:24:00,INC-023,orders-api,37.67,52.14,86.88,154.0,0.635,33.45,65.6
2026-02-25T14:24:00,INC-023,payment-api,27.80,49.42,55.06,206.8,0.123,38.91,259.1
2026-02-25T14:24:00,INC-023,recommendation-service,35.64,55.70,210.01,81.8,0.228,15.28,
2026-02-25T14:25:00,INC-023,api-gateway,16.99,34.54,338.69,150.8,0.092,,156.3
2026-02-25T14:25:00,INC-023,database,19.08,61.15,1233.32,2.0,0.034,51.31,
2026-02-25T14:25:00,INC-023,inventory-service,20.43,38.43,132.70,26.5,0.053,33.38,83.0
2026-02-25T14:25:00,INC-023,orders-api,38.61,51.77,87.17,177.8,0.703,32.85,66.5
2026-02-25T14:25:00,INC-023,payment-api,27.54,49.44,54.90,213.3,0.130,35.81,276.1
2026-02-25T14:25:00,INC-023,recommendation-service,37.01,55.61,215.11,87.1,0.332,15.97,
2026-02-25T14:26:00,INC-023,api-gateway,16.93,35.13,316.79,149.7,0.176,,151.4
2026-02-25T14:26:00,INC-023,database,18.77,60.81,1149.52,1.9,0.030,51.61,
2026-02-25T14:26:00,INC-023,inventory-service,20.52,38.18,121.84,24.6,0.056,32.68,80.7
2026-02-25T14:26:00,INC-023,orders-api,39.48,51.80,79.91,156.4,0.507,32.67,67.0
2026-02-25T14:26:00,INC-023,payment-api,27.89,49.34,53.80,204.8,0.121,37.30,254.7
2026-02-25T14:26:00,INC-023,recommendation-service,37.26,55.38,209.67,81.2,0.288,13.53,
2026-02-25T14:27:00,INC-023,api-gateway,16.07,35.65,319.97,139.2,0.052,,155.4
2026-02-25T14:27:00,INC-023,database,21.77,60.87,1203.63,2.2,0.020,48.31,
2026-02-25T14:27:00,INC-023,inventory-service,21.71,38.41,124.07,23.5,0.067,34.85,70.9
2026-02-25T14:27:00,INC-023,orders-api,38.23,51.91,82.34,154.0,0.534,33.34,67.1
2026-02-25T14:27:00,INC-023,payment-api,26.95,48.87,53.96,203.8,0.148,35.56,252.7
2026-02-25T14:27:00,INC-023,recommendation-service,37.13,55.25,214.51,100.3,0.462,14.78,
2026-02-25T14:28:00,INC-023,api-gateway,16.58,35.37,347.09,136.3,0.063,,164.1
2026-02-25T14:28:00,INC-023,database,22.51,61.11,1187.60,2.3,0.010,48.99,
2026-02-25T14:28:00,INC-023,inventory-service,18.91,39.30,126.08,24.7,0.059,32.81,73.6
2026-02-25T14:28:00,INC-023,orders-api,37.83,52.68,84.81,161.9,0.539,35.02,70.1
2026-02-25T14:28:00,INC-023,payment-api,26.85,48.67,53.97,235.7,0.215,37.33,279.4
2026-02-25T14:28:00,INC-023,recommendation-service,37.87,55.11,201.72,93.0,0.278,13.60,
2026-02-25T14:29:00,INC-023,api-gateway,16.38,35.22,345.33,138.1,0.114,,153.3
2026-02-25T14:29:00,INC-023,database,21.67,61.16,1156.49,2.0,0.006,50.55,
2026-02-25T14:29:00,INC-023,inventory-service,19.68,39.74,127.46,23.7,0.058,33.87,64.7
2026-02-25T14:29:00,INC-023,orders-api,37.21,52.35,80.27,174.0,0.636,33.87,74.1
2026-02-25T14:29:00,INC-023,payment-api,25.89,49.07,54.34,231.8,0.199,39.12,303.7
2026-02-25T14:29:00,INC-023,recommendation-service,39.42,55.39,198.17,88.5,0.169,14.78,
2026-02-25T14:30:00,INC-023,api-gateway,15.96,34.86,346.04,129.3,0.197,,151.0
2026-02-25T14:30:00,INC-023,database,22.29,61.02,1160.38,2.2,0.003,49.08,
2026-02-25T14:30:00,INC-023,inventory-service,19.11,40.48,127.07,26.4,0.055,32.84,67.9
2026-02-25T14:30:00,INC-023,orders-api,38.39,52.79,81.55,161.8,0.467,32.88,77.5
2026-02-25T14:30:00,INC-023,payment-api,27.26,48.66,54.38,220.3,0.177,39.80,265.7
2026-02-25T14:30:00,INC-023,recommendation-service,39.05,55.49,181.79,97.8,0.177,14.46,
2026-02-25T14:31:00,INC-023,api-gateway,14.46,35.09,341.76,136.6,0.228,,175.9
2026-02-25T14:31:00,INC-023,database,20.93,61.40,1193.82,2.2,0.022,47.80,
2026-02-25T14:31:00,INC-023,inventory-service,20.94,40.62,132.67,26.2,0.087,33.21,71.7
2026-02-25T14:31:00,INC-023,orders-api,40.64,52.61,88.49,167.1,0.557,33.95,69.2
2026-02-25T14:31:00,INC-023,payment-api,26.96,48.15,54.15,214.2,0.223,39.08,270.0
2026-02-25T14:31:00,INC-023,recommendation-service,36.73,55.53,187.31,109.7,0.081,14.98,
2026-02-25T14:32:00,INC-023,api-gateway,14.98,35.37,337.50,133.5,0.182,,183.3
2026-02-25T14:32:00,INC-023,database,20.07,60.97,1189.71,2.4,0.017,45.87,
2026-02-25T14:32:00,INC-023,inventory-service,19.91,41.31,133.94,27.0,0.079,33.66,70.0
2026-02-25T14:32:00,INC-023,orders-api,37.66,52.25,85.25,160.2,0.594,32.84,74.7
2026-02-25T14:32:00,INC-023,payment-api,24.07,48.13,57.85,220.5,0.221,38.00,280.1
2026-02-25T14:32:00,INC-023,recommendation-service,37.11,55.16,201.13,109.9,0.065,15.54,
2026-02-25T14:33:00,INC-023,api-gateway,14.39,34.34,320.89,139.7,0.311,,170.7
2026-02-25T14:33:00,INC-023,database,21.52,60.37,1245.78,2.4,0.014,43.30,
2026-02-25T14:33:00,INC-023,inventory-service,20.43,42.15,136.24,26.7,0.045,31.53,75.1
2026-02-25T14:33:00,INC-023,orders-api,39.32,52.97,84.19,151.6,0.520,34.63,71.3
2026-02-25T14:33:00,INC-023,payment-api,23.86,48.21,55.80,212.7,0.213,33.20,259.5
2026-02-25T14:33:00,INC-023,recommendation-service,35.52,55.57,202.04,115.1,0.193,14.97,
2026-02-25T14:34:00,INC-023,api-gateway,14.94,34.41,311.06,137.4,0.358,,180.9
2026-02-25T14:34:00,INC-023,database,20.30,60.46,1231.32,2.2,0.016,43.92,
2026-02-25T14:34:00,INC-023,inventory-service,19.87,42.10,139.14,26.3,0.049,32.59,78.6
2026-02-25T14:34:00,INC-023,orders-api,37.61,52.69,83.94,154.6,0.557,34.57,69.2
2026-02-25T14:34:00,INC-023,payment-api,24.53,47.82,50.64,198.5,0.188,34.34,266.5
2026-02-25T14:34:00,INC-023,recommendation-service,36.01,55.11,206.63,109.7,0.172,12.95,
2026-02-25T14:35:00,INC-023,api-gateway,15.71,34.97,311.30,149.9,0.299,,182.1
2026-02-25T14:35:00,INC-023,database,20.16,60.78,1245.93,2.2,0.019,44.27,
2026-02-25T14:35:00,INC-023,inventory-service,21.22,42.63,134.93,25.7,0.004,34.53,82.8
2026-02-25T14:35:00,INC-023,orders-api,38.64,52.45,84.00,170.8,0.418,31.27,79.5
2026-02-25T14:35:00,INC-023,payment-api,22.20,48.64,51.82,200.9,0.165,33.93,227.7
2026-02-25T14:35:00,INC-023,recommendation-service,35.00,55.31,200.77,104.4,0.295,12.88,
2026-02-25T14:36:00,INC-023,api-gateway,16.78,35.32,329.74,141.7,0.279,,151.6
2026-02-25T14:36:00,INC-023,database,19.16,60.72,1201.85,2.3,0.006,46.08,
2026-02-25T14:36:00,INC-023,inventory-service,22.60,43.50,126.43,26.6,0.029,32.49,76.0
2026-02-25T14:36:00,INC-023,orders-api,37.85,52.22,76.79,161.0,0.430,32.84,81.6
2026-02-25T14:36:00,INC-023,payment-api,21.57,48.34,51.99,219.1,0.157,34.85,203.9
2026-02-25T14:36:00,INC-023,recommendation-service,35.74,54.71,194.30,98.8,0.362,13.84,
2026-02-25T14:37:00,INC-023,api-gateway,17.18,34.97,325.53,142.8,0.183,,177.2
2026-02-25T14:37:00,INC-023,database,19.56,60.88,1174.26,2.2,0.031,44.45,
2026-02-25T14:37:00,INC-023,inventory-service,20.34,43.86,125.44,25.9,0.031,30.86,73.4
2026-02-25T14:37:00,INC-023,orders-api,38.62,52.23,79.21,177.1,0.564,35.53,81.3
2026-02-25T14:37:00,INC-023,payment-api,23.68,47.59,53.71,219.8,0.175,34.42,196.5
2026-02-25T14:37:00,INC-023,recommendation-service,34.93,55.22,180.10,88.2,0.174,15.08,
2026-02-25T14:38:00,INC-023,api-gateway,14.22,35.06,319.77,143.0,0.211,,185.1
2026-02-25T14:38:00,INC-023,database,21.09,60.92,1114.35,2.1,0.033,42.41,
2026-02-25T14:38:00,INC-023,inventory-service,18.56,44.57,129.04,24.6,0.022,29.24,73.1
2026-02-25T14:38:00,INC-023,orders-api,37.82,52.53,78.99,166.7,0.320,36.21,73.1
2026-02-25T14:38:00,INC-023,payment-api,24.01,47.82,52.13,245.3,0.179,37.60,183.5
2026-02-25T14:38:00,INC-023,recommendation-service,35.78,55.35,182.13,83.0,0.276,17.08,
2026-02-25T14:39:00,INC-023,api-gateway,15.00,35.21,329.24,129.6,0.121,,182.3
2026-02-25T14:39:00,INC-023,database,18.68,61.07,1062.13,2.1,0.034,43.32,
2026-02-25T14:39:00,INC-023,inventory-service,17.00,45.09,129.93,25.1,0.076,28.48,71.2
2026-02-25T14:39:00,INC-023,orders-api,38.44,52.79,73.69,151.6,0.256,34.33,64.0
2026-02-25T14:39:00,INC-023,payment-api,25.20,47.41,53.19,242.2,0.165,38.75,216.2
2026-02-25T14:39:00,INC-023,recommendation-service,36.85,54.84,179.88,85.7,0.362,16.53,
2026-02-25T14:40:00,INC-023,api-gateway,15.70,35.03,331.47,285.4,0.617,,172.5
2026-02-25T14:40:00,INC-023,database,20.05,60.75,1112.52,1.9,0.040,44.62,
2026-02-25T14:40:00,INC-023,inventory-service,16.53,45.51,127.98,25.0,0.070,25.86,67.7
2026-02-25T14:40:00,INC-023,orders-api,39.93,53.12,76.54,154.1,0.309,34.82,66.8
2026-02-25T14:40:00,INC-023,payment-api,25.61,47.66,55.35,218.9,0.179,37.52,223.5
2026-02-25T14:40:00,INC-023,recommendation-service,36.83,55.13,196.89,208.1,0.909,16.26,
2026-02-25T14:41:00,INC-023,api-gateway,15.68,35.41,331.60,129.9,0.147,,183.5
2026-02-25T14:41:00,INC-023,database,21.13,61.32,1115.67,2.0,0.054,46.81,
2026-02-25T14:41:00,INC-023,inventory-service,16.06,46.19,126.44,26.1,0.007,26.77,69.5
2026-02-25T14:41:00,INC-023,orders-api,38.52,53.18,79.14,166.3,0.248,33.30,61.5
2026-02-25T14:41:00,INC-023,payment-api,24.38,47.92,52.72,205.7,0.149,37.66,230.8
2026-02-25T14:41:00,INC-023,recommendation-service,35.63,55.18,195.64,92.4,0.369,16.02,
2026-02-25T14:42:00,INC-023,api-gateway,15.83,35.11,331.60,124.0,0.129,,186.6
2026-02-25T14:42:00,INC-023,database,20.87,60.76,1114.18,1.9,0.047,47.66,
2026-02-25T14:42:00,INC-023,inventory-service,17.02,46.67,125.12,26.7,0.030,25.61,67.3
2026-02-25T14:42:00,INC-023,orders-api,38.16,53.20,79.08,167.5,0.328,30.04,64.9
2026-02-25T14:42:00,INC-023,payment-api,24.21,48.17,53.22,202.4,0.139,38.54,248.3
2026-02-25T14:42:00,INC-023,recommendation-service,36.48,55.41,194.51,89.3,0.160,14.74,
2026-02-25T14:43:00,INC-023,api-gateway,13.58,34.81,323.20,123.1,0.081,,157.0
2026-02-25T14:43:00,INC-023,database,20.87,60.20,1082.59,2.0,0.045,48.59,
2026-02-25T14:43:00,INC-023,inventory-service,19.69,47.97,118.98,28.3,0.010,27.15,67.4
2026-02-25T14:43:00,INC-023,orders-api,37.10,53.18,75.84,181.7,0.391,31.98,79.0
2026-02-25T14:43:00,INC-023,payment-api,23.27,48.44,52.24,201.9,0.170,37.50,265.4
2026-02-25T14:43:00,INC-023,recommendation-service,35.46,55.22,181.46,85.2,0.195,16.09,
2026-02-25T14:44:00,INC-023,api-gateway,14.61,35.81,311.18,131.0,0.082,,156.3
2026-02-25T14:44:00,INC-023,database,18.65,60.74,1119.68,2.1,0.032,49.00,
2026-02-25T14:44:00,INC-023,inventory-service,21.54,47.52,113.95,29.9,0.030,27.46,68.6
2026-02-25T14:44:00,INC-023,orders-api,36.60,53.79,76.09,163.6,0.592,32.37,79.1
2026-02-25T14:44:00,INC-023,payment-api,25.18,48.13,52.08,219.5,0.220,40.28,233.6
2026-02-25T14:44:00,INC-023,recommendation-service,35.99,54.88,179.19,90.1,0.319,14.45,
2026-02-25T14:45:00,INC-023,api-gateway,14.53,35.27,309.94,129.8,0.123,,175.3
2026-02-25T14:45:00,INC-023,database,20.60,60.16,1073.22,2.1,0.022,50.59,
2026-02-25T14:45:00,INC-023,inventory-service,22.87,48.15,122.94,29.4,0.050,27.43,69.3
2026-02-25T14:45:00,INC-023,orders-api,39.28,53.87,79.15,160.5,0.663,33.05,69.4
2026-02-25T14:45:00,INC-023,payment-api,24.13,47.61,51.07,200.1,0.206,39.65,220.6
2026-02-25T14:45:00,INC-023,recommendation-service,36.79,55.73,182.34,97.5,0.414,13.55,
2026-02-25T14:46:00,INC-023,api-gateway,15.44,35.60,302.39,141.2,0.137,,175.5
2026-02-25T14:46:00,INC-023,database,22.42,60.99,1144.91,2.2,0.026,49.54,
2026-02-25T14:46:00,INC-023,inventory-service,22.97,48.19,122.64,28.8,0.035,26.67,67.4
2026-02-25T14:46:00,INC-023,orders-api,37.70,53.77,78.71,176.1,0.412,32.78,65.9
2026-02-25T14:46:00,INC-023,payment-api,24.21,47.97,48.25,202.5,0.176,41.55,203.5
2026-02-25T14:46:00,INC-023,recommendation-service,37.56,55.33,186.50,106.1,0.366,12.33,
2026-02-25T14:47:00,INC-023,api-gateway,16.58,34.83,289.57,130.9,0.217,,175.7
2026-02-25T14:47:00,INC-023,database,20.95,61.01,1163.40,2.1,0.021,49.05,
2026-02-25T14:47:00,INC-023,inventory-service,21.25,48.67,118.15,29.4,0.054,28.15,67.6
2026-02-25T14:47:00,INC-023,orders-api,37.39,53.35,78.90,186.1,0.193,34.06,62.5
2026-02-25T14:47:00,INC-023,payment-api,24.14,48.16,49.98,189.1,0.260,39.27,179.1
2026-02-25T14:47:00,INC-023,recommendation-service,39.63,55.79,188.69,101.3,0.361,12.61,
2026-02-25T14:48:00,INC-023,api-gateway,13.15,34.72,307.75,139.2,0.228,,147.7
2026-02-25T14:48:00,INC-023,database,19.81,61.00,1151.77,2.1,0.042,48.18,
2026-02-25T14:48:00,INC-023,inventory-service,22.32,48.93,121.38,25.6,0.060,32.36,64.6
2026-02-25T14:48:00,INC-023,orders-api,37.23,53.93,73.85,168.9,0.082,33.67,63.1
2026-02-25T14:48:00,INC-023,payment-api,24.18,48.44,48.68,194.3,0.223,37.77,191.2
2026-02-25T14:48:00,INC-023,recommendation-service,40.03,56.08,193.52,110.0,0.429,17.11,
2026-02-25T14:49:00,INC-023,api-gateway,13.05,34.33,311.33,144.2,0.211,,147.9
2026-02-25T14:49:00,INC-023,database,22.34,60.91,1135.51,2.1,0.045,46.80,
2026-02-25T14:49:00,INC-023,inventory-service,21.29,50.01,118.20,27.9,0.035,31.65,71.4
2026-02-25T14:49:00,INC-023,orders-api,39.31,53.29,76.21,161.0,0.136,32.93,64.0
2026-02-25T14:49:00,INC-023,payment-api,24.74,48.33,46.66,191.8,0.229,39.14,189.8
2026-02-25T14:49:00,INC-023,recommendation-service,36.54,55.76,189.67,106.7,0.333,15.24,
2026-02-25T14:50:00,INC-023,api-gateway,12.47,34.70,301.86,133.1,0.242,,151.2
2026-02-25T14:50:00,INC-023,database,20.60,61.09,1183.49,2.1,0.060,48.62,
2026-02-25T14:50:00,INC-023,inventory-service,18.02,50.10,122.99,29.0,0.039,33.60,59.7
2026-02-25T14:50:00,INC-023,orders-api,40.20,53.20,78.91,157.5,0.442,31.70,69.9
2026-02-25T14:50:00,INC-023,payment-api,22.05,48.53,47.50,175.3,0.219,37.86,214.4
2026-02-25T14:50:00,INC-023,recommendation-service,38.23,55.46,196.01,100.1,0.266,12.27,
2026-02-25T14:51:00,INC-023,api-gateway,13.23,35.03,317.70,144.1,0.171,,163.0
2026-02-25T14:51:00,INC-023,database,21.78,60.70,1135.56,2.1,0.043,46.63,
2026-02-25T14:51:00,INC-023,inventory-service,16.12,51.22,122.55,29.6,0.049,35.42,61.7
2026-02-25T14:51:00,INC-023,orders-api,37.95,53.02,80.10,156.1,0.388,31.00,61.7
2026-02-25T14:51:00,INC-023,payment-api,25.03,48.14,49.52,164.3,0.214,36.48,240.3
2026-02-25T14:51:00,INC-023,recommendation-service,36.84,55.16,195.86,96.4,0.304,11.42,
2026-02-25T14:52:00,INC-023,api-gateway,12.19,35.11,320.87,137.5,0.200,,173.6
2026-02-25T14:52:00,INC-023,database,21.23,60.33,1118.73,2.0,0.041,45.66,
2026-02-25T14:52:00,INC-023,inventory-service,17.26,52.27,122.20,29.9,0.071,33.39,61.3
2026-02-25T14:52:00,INC-023,orders-api,39.94,52.81,82.03,166.0,0.312,31.26,70.8
2026-02-25T14:52:00,INC-023,payment-api,23.63,48.10,48.87,172.7,0.128,34.23,255.2
2026-02-25T14:52:00,INC-023,recommendation-service,34.78,55.48,190.68,95.0,0.371,13.22,
2026-02-25T14:53:00,INC-023,api-gateway,11.21,35.35,307.90,152.2,0.179,,179.7
2026-02-25T14:53:00,INC-023,database,20.59,60.61,1090.15,2.1,0.015,46.62,
2026-02-25T14:53:00,INC-023,inventory-service,17.09,52.22,124.59,28.3,0.072,32.14,67.1
2026-02-25T14:53:00,INC-023,orders-api,38.93,53.05,78.21,144.9,0.552,33.93,74.8
2026-02-25T14:53:00,INC-023,payment-api,26.33,48.55,49.76,192.8,0.123,32.29,234.6
2026-02-25T14:53:00,INC-023,recommendation-service,35.42,55.09,179.85,88.2,0.289,12.76,
2026-02-25T14:54:00,INC-023,api-gateway,12.39,35.12,297.75,142.4,0.081,,184.8
2026-02-25T14:54:00,INC-023,database,19.51,60.18,1094.63,2.1,0.015,47.57,
2026-02-25T14:54:00,INC-023,inventory-service,17.81,53.28,125.03,27.5,0.066,31.41,64.0
2026-02-25T14:54:00,INC-023,orders-api,38.22,53.32,76.93,136.9,0.427,34.37,76.7
2026-02-25T14:54:00,INC-023,payment-api,27.87,49.11,49.79,189.5,0.213,35.83,253.6
2026-02-25T14:54:00,INC-023,recommendation-service,34.96,55.32,190.76,94.4,0.322,13.42,
2026-02-25T14:55:00,INC-023,api-gateway,13.69,35.08,290.67,146.2,0.087,,190.0
2026-02-25T14:55:00,INC-023,database,16.84,59.88,1079.47,2.1,0.017,45.67,
2026-02-25T14:55:00,INC-023,inventory-service,19.15,53.54,121.12,28.3,0.053,32.87,65.8
2026-02-25T14:55:00,INC-023,orders-api,37.02,53.94,78.39,143.2,0.428,33.72,79.8
2026-02-25T14:55:00,INC-023,payment-api,27.46,49.34,47.55,162.9,0.158,34.07,206.4
2026-02-25T14:55:00,INC-023,recommendation-service,32.29,55.79,192.25,93.7,0.223,12.60,
2026-02-25T14:56:00,INC-023,api-gateway,13.58,35.58,290.77,131.8,0.067,,168.4
2026-02-25T14:56:00,INC-023,database,17.71,59.81,1095.68,2.2,0.008,44.23,
2026-02-25T14:56:00,INC-023,inventory-service,18.77,53.91,120.20,25.4,0.049,35.00,62.6
2026-02-25T14:56:00,INC-023,orders-api,37.67,53.75,77.65,135.6,0.589,33.58,82.5
2026-02-25T14:56:00,INC-023,payment-api,27.45,49.33,45.00,177.7,0.173,36.80,206.4
2026-02-25T14:56:00,INC-023,recommendation-service,33.08,55.70,192.03,90.1,0.314,12.85,
2026-02-25T14:57:00,INC-023,api-gateway,16.03,35.53,315.21,131.2,0.048,,171.2
2026-02-25T14:57:00,INC-023,database,18.06,60.46,1113.69,2.1,0.035,41.79,
2026-02-25T14:57:00,INC-023,inventory-service,18.09,54.03,120.17,25.1,0.030,31.26,56.3
2026-02-25T14:57:00,INC-023,orders-api,36.37,53.42,78.66,145.8,0.525,35.15,85.5
2026-02-25T14:57:00,INC-023,payment-api,26.16,49.85,44.75,182.8,0.188,35.41,226.9
2026-02-25T14:57:00,INC-023,recommendation-service,33.30,56.19,201.81,98.3,0.200,15.46,
2026-02-25T14:58:00,INC-023,api-gateway,16.12,34.61,322.29,129.9,0.000,,178.7
2026-02-25T14:58:00,INC-023,database,18.76,60.63,1064.89,2.4,0.046,41.07,
2026-02-25T14:58:00,INC-023,inventory-service,18.75,54.16,121.30,25.6,0.043,32.84,59.6
2026-02-25T14:58:00,INC-023,orders-api,37.55,53.18,78.78,175.3,0.358,35.08,82.6
2026-02-25T14:58:00,INC-023,payment-api,27.32,48.90,49.93,176.3,0.211,37.38,216.0
2026-02-25T14:58:00,INC-023,recommendation-service,35.68,56.27,202.06,109.8,0.282,16.89,
2026-02-25T14:59:00,INC-023,api-gateway,16.50,35.00,339.66,125.6,0.115,,169.5
2026-02-25T14:59:00,INC-023,database,20.05,61.06,1103.74,2.6,0.054,46.18,
2026-02-25T14:59:00,INC-023,inventory-service,20.11,55.01,127.71,25.1,0.074,31.02,56.4
2026-02-25T14:59:00,INC-023,orders-api,35.98,53.56,83.45,173.0,0.756,35.96,81.9
2026-02-25T14:59:00,INC-023,payment-api,26.13,49.50,50.60,179.3,0.114,37.39,236.6
2026-02-25T14:59:00,INC-023,recommendation-service,35.75,56.15,191.89,102.2,0.248,17.02,
2026-02-25T15:00:00,INC-023,api-gateway,14.95,35.62,355.55,124.3,0.144,,192.3
2026-02-25T15:00:00,INC-023,database,19.55,60.60,1211.56,2.3,0.041,45.46,
2026-02-25T15:00:00,INC-023,inventory-service,18.96,55.03,130.35,30.2,0.073,33.27,59.2
2026-02-25T15:00:00,INC-023,orders-api,37.14,53.07,83.47,160.5,0.747,35.30,82.3
2026-02-25T15:00:00,INC-023,payment-api,25.40,49.54,53.38,178.8,0.138,39.32,211.9
2026-02-25T15:00:00,INC-023,recommendation-service,36.79,56.43,191.23,106.3,0.257,16.43,
2026-02-25T15:01:00,INC-023,api-gateway,16.31,35.56,335.40,143.4,0.149,,177.8
2026-02-25T15:01:00,INC-023,database,18.65,60.68,1191.70,2.4,0.045,48.33,
2026-02-25T15:01:00,INC-023,inventory-service,20.76,55.69,128.89,28.7,0.053,31.61,62.0
2026-02-25T15:01:00,INC-023,orders-api,40.03,52.67,84.01,141.2,0.606,31.43,79.9
2026-02-25T15:01:00,INC-023,payment-api,22.69,49.40,53.80,177.9,0.142,40.27,206.6
2026-02-25T15:01:00,INC-023,recommendation-service,36.52,56.17,198.72,104.7,0.253,14.16,
2026-02-25T15:02:00,INC-023,api-gateway,16.61,34.81,317.81,131.5,0.194,,166.5
2026-02-25T15:02:00,INC-023,database,19.02,60.25,1192.74,2.3,0.045,47.04,
2026-02-25T15:02:00,INC-023,inventory-service,18.36,56.17,132.29,29.4,0.043,33.30,64.5
2026-02-25T15:02:00,INC-023,orders-api,40.60,52.94,85.70,156.6,0.680,33.11,78.5
2026-02-25T15:02:00,INC-023,payment-api,25.36,48.89,51.61,188.4,0.130,41.65,200.4
2026-02-25T15:02:00,INC-023,recommendation-service,37.41,56.50,200.10,92.5,0.391,14.74,
2026-02-25T15:03:00,INC-023,api-gateway,15.92,34.77,314.17,125.3,0.143,,172.0
2026-02-25T15:03:00,INC-023,database,20.65,59.74,1212.92,2.2,0.043,48.58,
2026-02-25T15:03:00,INC-023,inventory-service,18.17,56.93,138.56,31.7,0.054,32.05,69.2
2026-02-25T15:03:00,INC-023,orders-api,38.77,53.04,86.34,164.8,0.715,34.06,83.1
2026-02-25T15:03:00,INC-023,payment-api,24.51,48.62,52.08,196.4,0.152,41.52,211.2
2026-02-25T15:03:00,INC-023,recommendation-service,46.19,57.12,217.87,99.8,0.366,32.57,
2026-02-25T15:04:00,INC-023,api-gateway,14.73,35.08,310.76,125.0,0.176,,174.0
2026-02-25T15:04:00,INC-023,database,18.68,60.39,1129.13,2.2,0.031,46.26,
2026-02-25T15:04:00,INC-023,inventory-service,19.62,57.21,135.30,31.9,0.029,30.56,67.0
2026-02-25T15:04:00,INC-023,orders-api,37.31,53.00,86.39,197.3,0.317,36.52,80.3
2026-02-25T15:04:00,INC-023,payment-api,22.64,49.60,53.81,208.0,0.138,41.14,224.9
2026-02-25T15:04:00,INC-023,recommendation-service,38.24,56.16,189.11,91.4,0.354,17.04,
2026-02-25T15:05:00,INC-023,api-gateway,13.62,35.42,329.34,123.3,0.172,,172.9
2026-02-25T15:05:00,INC-023,database,18.99,60.90,1152.18,2.3,0.021,45.21,
2026-02-25T15:05:00,INC-023,inventory-service,18.99,57.27,125.05,27.3,0.045,31.73,65.6
2026-02-25T15:05:00,INC-023,orders-api,36.91,53.34,83.30,195.7,0.303,36.01,81.0
2026-02-25T15:05:00,INC-023,payment-api,22.23,48.66,52.34,186.8,0.133,39.65,240.7
2026-02-25T15:05:00,INC-023,recommendation-service,36.79,56.70,188.92,94.5,0.404,15.48,
2026-02-25T15:06:00,INC-023,api-gateway,14.51,35.72,325.06,127.7,0.178,,176.5
2026-02-25T15:06:00,INC-023,database,19.72,60.53,1121.53,2.3,0.000,44.44,
2026-02-25T15:06:00,INC-023,inventory-service,20.76,58.22,122.19,27.5,0.054,32.44,69.9
2026-02-25T15:06:00,INC-023,orders-api,37.76,53.24,88.87,177.5,0.370,34.52,84.4
2026-02-25T15:06:00,INC-023,payment-api,22.48,48.63,53.48,491.1,0.519,39.10,219.5
2026-02-25T15:06:00,INC-023,recommendation-service,35.23,56.46,202.77,95.5,0.501,13.64,
2026-02-25T15:07:00,INC-023,api-gateway,15.83,36.43,319.46,136.9,0.158,,165.4
2026-02-25T15:07:00,INC-023,database,19.11,60.87,1132.10,2.1,0.012,45.28,
2026-02-25T15:07:00,INC-023,inventory-service,21.82,58.54,123.56,26.5,0.072,30.54,67.8
2026-02-25T15:07:00,INC-023,orders-api,39.20,52.56,82.10,171.3,0.342,33.77,75.6
2026-02-25T15:07:00,INC-023,payment-api,23.87,48.08,54.08,214.0,0.074,38.17,216.1
2026-02-25T15:07:00,INC-023,recommendation-service,35.66,56.26,201.80,88.2,0.280,15.17,
2026-02-25T15:08:00,INC-023,api-gateway,16.37,35.94,321.69,132.8,0.150,,190.7
2026-02-25T15:08:00,INC-023,database,19.08,60.91,1161.33,1.9,0.004,45.72,
2026-02-25T15:08:00,INC-023,inventory-service,20.11,58.78,126.98,26.1,0.035,30.27,70.2
2026-02-25T15:08:00,INC-023,orders-api,38.12,52.80,86.01,160.9,0.563,30.26,77.7
2026-02-25T15:08:00,INC-023,payment-api,21.44,47.38,52.18,225.3,0.078,37.90,218.5
2026-02-25T15:08:00,INC-023,recommendation-service,37.95,56.19,206.78,98.5,0.414,16.47,
2026-02-25T15:09:00,INC-023,api-gateway,16.02,35.81,318.22,139.3,0.178,,187.2
2026-02-25T15:09:00,INC-023,database,17.40,61.10,1251.92,2.0,0.005,46.38,
2026-02-25T15:09:00,INC-023,inventory-service,20.74,59.33,129.02,27.7,0.092,32.49,71.7
2026-02-25T15:09:00,INC-023,orders-api,37.70,52.73,88.41,161.0,0.414,30.22,80.1
2026-02-25T15:09:00,INC-023,payment-api,22.33,48.17,53.80,207.9,0.058,37.92,241.0
2026-02-25T15:09:00,INC-023,recommendation-service,35.45,56.18,205.80,92.6,0.508,12.48,
2026-02-25T15:10:00,INC-023,api-gateway,17.99,35.70,330.05,141.6,0.178,,205.7
2026-02-25T15:10:00,INC-023,database,19.00,61.13,1250.39,2.0,0.010,47.90,
2026-02-25T15:10:00,INC-023,inventory-service,20.27,59.87,138.18,28.1,0.099,34.16,65.6
2026-02-25T15:10:00,INC-023,orders-api,39.75,52.46,88.62,154.5,0.626,32.31,82.4
2026-02-25T15:10:00,INC-023,payment-api,23.92,48.62,56.09,198.5,0.076,37.32,265.6
2026-02-25T15:10:00,INC-023,recommendation-service,37.96,55.72,200.06,95.0,0.566,14.63,
2026-02-25T15:11:00,INC-023,api-gateway,17.84,36.05,338.76,133.8,0.235,,190.3
2026-02-25T15:11:00,INC-023,database,19.18,60.74,1291.39,2.2,0.011,50.44,
2026-02-25T15:11:00,INC-023,inventory-service,19.82,60.26,133.18,27.7,0.111,32.94,65.0
2026-02-25T15:11:00,INC-023,orders-api,38.87,52.75,91.28,164.9,0.515,27.98,73.3
2026-02-25T15:11:00,INC-023,payment-api,21.55,48.92,57.59,235.0,0.089,36.04,250.0
2026-02-25T15:11:00,INC-023,recommendation-service,38.19,55.87,204.12,106.3,0.706,16.70,
2026-02-25T15:12:00,INC-023,api-gateway,18.48,36.29,345.46,140.2,0.142,,183.0
2026-02-25T15:12:00,INC-023,database,18.46,60.82,1228.33,2.1,0.015,47.47,
2026-02-25T15:12:00,INC-023,inventory-service,19.63,60.37,131.37,27.0,0.090,33.43,67.2
2026-02-25T15:12:00,INC-023,orders-api,36.61,52.58,91.26,170.8,0.495,29.43,80.9
2026-02-25T15:12:00,INC-023,payment-api,21.78,48.64,54.90,209.0,0.155,37.63,252.6
2026-02-25T15:12:00,INC-023,recommendation-service,37.47,55.50,199.79,112.7,0.501,17.26,
2026-02-25T15:13:00,INC-023,api-gateway,18.10,36.12,346.78,137.7,0.181,,178.1
2026-02-25T15:13:00,INC-023,database,19.30,60.97,1201.87,2.1,0.018,48.27,
2026-02-25T15:13:00,INC-023,inventory-service,18.95,61.03,134.58,27.2,0.089,32.18,68.7
2026-02-25T15:13:00,INC-023,orders-api,35.96,52.77,88.04,184.8,0.463,32.65,73.4
2026-02-25T15:13:00,INC-023,payment-api,21.48,48.84,52.45,189.3,0.137,39.50,234.1
2026-02-25T15:13:00,INC-023,recommendation-service,35.67,56.21,203.18,111.7,0.469,14.06,
2026-02-25T15:14:00,INC-023,api-gateway,15.81,36.46,371.62,129.3,0.222,,178.4
2026-02-25T15:14:00,INC-023,database,20.88,60.41,1187.64,2.3,0.010,49.29,
2026-02-25T15:14:00,INC-023,inventory-service,19.61,61.83,135.55,25.9,0.077,31.60,62.5
2026-02-25T15:14:00,INC-023,orders-api,36.72,52.86,84.51,169.0,0.494,34.37,73.2
2026-02-25T15:14:00,INC-023,payment-api,24.03,48.71,55.38,193.6,0.068,39.60,254.4
2026-02-25T15:14:00,INC-023,recommendation-service,36.19,56.08,210.69,107.1,0.451,16.79,
2026-02-25T15:15:00,INC-023,api-gateway,15.96,36.37,357.62,135.2,0.212,,211.2
2026-02-25T15:15:00,INC-023,database,19.87,60.46,1225.96,2.4,0.022,50.09,
2026-02-25T15:15:00,INC-023,inventory-service,22.76,62.34,145.10,26.2,0.066,33.49,70.1
2026-02-25T15:15:00,INC-023,orders-api,37.78,53.31,87.81,158.2,0.465,34.92,72.3
2026-02-25T15:15:00,INC-023,payment-api,24.05,49.47,56.95,187.5,0.032,39.75,271.5
2026-02-25T15:15:00,INC-023,recommendation-service,37.62,56.11,214.62,114.9,0.414,14.70,
2026-02-25T15:16:00,INC-023,api-gateway,15.19,36.08,356.47,126.8,0.209,,207.2
2026-02-25T15:16:00,INC-023,database,19.88,60.33,1254.33,2.1,0.018,51.23,
2026-02-25T15:16:00,INC-023,inventory-service,22.94,63.50,143.29,28.3,0.035,33.75,66.5
2026-02-25T15:16:00,INC-023,orders-api,35.81,53.25,87.22,143.9,0.513,34.79,83.7
2026-02-25T15:16:00,INC-023,payment-api,23.25,50.12,59.55,215.1,0.022,38.69,259.1
2026-02-25T15:16:00,INC-023,recommendation-service,38.29,56.39,217.21,109.4,0.484,13.28,
2026-02-25T15:17:00,INC-023,api-gateway,14.20,36.57,354.60,119.9,0.259,,209.8
2026-02-25T15:17:00,INC-023,database,18.51,60.64,1296.80,1.9,0.023,48.91,
2026-02-25T15:17:00,INC-023,inventory-service,21.97,63.59,142.70,30.1,0.033,31.26,60.1
2026-02-25T15:17:00,INC-023,orders-api,36.30,53.62,84.37,149.3,0.595,33.13,74.7
2026-02-25T15:17:00,INC-023,payment-api,22.08,49.54,59.23,202.1,0.064,39.99,235.9
2026-02-25T15:17:00,INC-023,recommendation-service,39.43,56.08,213.53,106.9,0.386,15.01,
2026-02-25T15:18:00,INC-023,api-gateway,10.79,35.86,352.91,123.3,0.156,,202.8
2026-02-25T15:18:00,INC-023,database,21.26,60.86,1309.77,1.9,0.027,46.92,
2026-02-25T15:18:00,INC-023,inventory-service,23.38,64.01,141.44,27.0,0.015,33.00,61.6
2026-02-25T15:18:00,INC-023,orders-api,38.00,52.84,89.37,162.6,0.602,34.63,74.1
2026-02-25T15:18:00,INC-023,payment-api,21.49,49.82,59.58,218.8,0.025,40.01,225.0
2026-02-25T15:18:00,INC-023,recommendation-service,38.24,55.69,226.72,101.7,0.213,16.27,
2026-02-25T15:19:00,INC-023,api-gateway,13.33,35.88,337.58,132.5,0.104,,173.4
2026-02-25T15:19:00,INC-023,database,20.20,60.59,1364.46,2.0,0.032,48.72,
2026-02-25T15:19:00,INC-023,inventory-service,23.12,64.87,143.62,27.3,0.029,34.78,68.4
2026-02-25T15:19:00,INC-023,orders-api,37.78,52.46,91.51,187.3,0.694,37.06,77.1
2026-02-25T15:19:00,INC-023,payment-api,22.42,49.03,60.01,218.0,0.093,40.07,225.9
2026-02-25T15:19:00,INC-023,recommendation-service,39.91,55.73,232.57,104.0,0.181,15.86,
2026-02-25T15:20:00,INC-023,api-gateway,15.72,36.28,358.61,142.1,0.049,,176.6
2026-02-25T15:20:00,INC-023,database,20.87,60.68,1315.60,2.0,0.037,47.89,
2026-02-25T15:20:00,INC-023,inventory-service,22.78,64.83,143.78,28.1,0.064,31.06,71.9
2026-02-25T15:20:00,INC-023,orders-api,37.54,52.18,92.50,183.4,0.566,36.14,81.6
2026-02-25T15:20:00,INC-023,payment-api,20.82,49.09,60.86,227.8,0.144,40.48,199.7
2026-02-25T15:20:00,INC-023,recommendation-service,39.97,55.14,233.94,109.1,0.250,13.44,
2026-02-25T15:21:00,INC-023,api-gateway,14.43,36.36,354.37,152.0,0.092,,170.3
2026-02-25T15:21:00,INC-023,database,21.59,60.65,1263.21,2.3,0.029,48.47,
2026-02-25T15:21:00,INC-023,inventory-service,22.55,65.29,135.59,28.0,0.052,28.64,77.2
2026-02-25T15:21:00,INC-023,orders-api,37.40,53.08,91.59,173.6,0.615,34.88,81.2
2026-02-25T15:21:00,INC-023,payment-api,22.94,49.47,59.58,213.6,0.102,38.92,199.6
2026-02-25T15:21:00,INC-023,recommendation-service,37.96,55.02,230.57,100.1,0.245,13.13,
2026-02-25T15:22:00,INC-023,api-gateway,16.06,35.54,340.80,145.4,0.091,,166.9
2026-02-25T15:22:00,INC-023,database,21.92,60.68,1271.04,2.2,0.022,49.76,
2026-02-25T15:22:00,INC-023,inventory-service,19.34,66.26,145.44,29.6,0.038,29.08,82.5
2026-02-25T15:22:00,INC-023,orders-api,38.58,53.27,89.47,167.2,0.391,32.74,86.8
2026-02-25T15:22:00,INC-023,payment-api,25.06,49.51,60.02,200.0,0.079,37.21,218.2
2026-02-25T15:22:00,INC-023,recommendation-service,36.47,54.70,232.37,105.2,0.258,12.93,
2026-02-25T15:23:00,INC-023,api-gateway,15.37,35.80,340.84,131.3,0.042,,171.6
2026-02-25T15:23:00,INC-023,database,21.48,60.63,1223.59,2.4,0.032,49.39,
2026-02-25T15:23:00,INC-023,inventory-service,19.54,67.00,152.56,28.4,0.057,30.59,83.0
2026-02-25T15:23:00,INC-023,orders-api,37.46,52.82,92.43,163.4,0.369,32.27,78.5
2026-02-25T15:23:00,INC-023,payment-api,27.02,49.68,57.89,212.9,0.110,38.23,235.1
2026-02-25T15:23:00,INC-023,recommendation-service,37.91,55.34,216.79,106.6,0.134,13.84,
2026-02-25T15:24:00,INC-023,api-gateway,14.71,35.63,339.75,130.1,0.063,,179.0
2026-02-25T15:24:00,INC-023,database,18.41,60.06,1216.47,2.0,0.036,48.00,
2026-02-25T15:24:00,INC-023,inventory-service,21.01,67.04,144.93,26.4,0.073,32.97,76.3
2026-02-25T15:24:00,INC-023,orders-api,37.30,52.77,91.51,164.1,0.220,29.69,75.5
2026-02-25T15:24:00,INC-023,payment-api,26.93,49.52,60.69,226.0,0.161,35.56,240.4
2026-02-25T15:24:00,INC-023,recommendation-service,36.96,55.26,218.36,108.0,0.359,11.24,
2026-02-25T15:25:00,INC-023,api-gateway,13.45,35.20,345.25,136.2,0.130,,155.9
2026-02-25T15:25:00,INC-023,database,20.36,60.02,1230.58,2.0,0.028,47.11,
2026-02-25T15:25:00,INC-023,inventory-service,21.07,67.59,142.62,29.6,0.056,35.08,81.1
2026-02-25T15:25:00,INC-023,orders-api,37.42,53.15,97.31,156.2,0.258,30.01,68.7
2026-02-25T15:25:00,INC-023,payment-api,27.75,49.39,61.31,214.6,0.150,35.66,249.8
2026-02-25T15:25:00,INC-023,recommendation-service,37.18,55.40,226.20,96.0,0.374,12.89,
2026-02-25T15:26:00,INC-023,api-gateway,14.31,35.41,371.50,142.1,0.145,,150.3
2026-02-25T15:26:00,INC-023,database,19.05,60.35,1217.92,2.1,0.022,44.98,
2026-02-25T15:26:00,INC-023,inventory-service,19.52,68.36,147.23,30.5,0.055,31.06,81.2
2026-02-25T15:26:00,INC-023,orders-api,38.98,52.74,100.57,164.2,0.323,29.16,66.5
2026-02-25T15:26:00,INC-023,payment-api,25.88,48.92,58.46,213.5,0.104,37.16,237.3
2026-02-25T15:26:00,INC-023,recommendation-service,36.85,55.60,221.09,91.5,0.265,12.66,
2026-02-25T15:27:00,INC-023,api-gateway,14.81,35.78,379.29,131.4,0.209,,166.8
2026-02-25T15:27:00,INC-023,database,19.98,60.57,1255.23,2.1,0.055,46.91,
2026-02-25T15:27:00,INC-023,inventory-service,17.83,69.14,145.38,29.3,0.059,31.71,80.0
2026-02-25T15:27:00,INC-023,orders-api,39.20,52.82,101.78,155.6,0.380,29.25,72.1
2026-02-25T15:27:00,INC-023,payment-api,25.17,49.27,58.52,190.2,0.088,38.45,243.1
2026-02-25T15:27:00,INC-023,recommendation-service,38.37,55.61,221.07,179.9,0.599,15.60,
2026-02-25T15:28:00,INC-023,api-gateway,14.36,36.13,369.72,144.2,0.257,,176.5
2026-02-25T15:28:00,INC-023,database,20.34,60.75,1269.23,2.0,0.039,45.38,
2026-02-25T15:28:00,INC-023,inventory-service,16.14,70.04,143.83,30.0,0.046,32.15,70.7
2026-02-25T15:28:00,INC-023,orders-api,37.77,52.85,98.50,164.6,0.512,33.65,87.8
2026-02-25T15:28:00,INC-023,payment-api,24.58,49.18,60.40,189.0,0.107,37.33,251.9
2026-02-25T15:28:00,INC-023,recommendation-service,36.19,55.77,226.82,107.8,0.035,15.14,
2026-02-25T15:29:00,INC-023,api-gateway,13.26,36.17,358.68,142.5,0.278,,167.0
2026-02-25T15:29:00,INC-023,database,19.79,60.62,1280.25,1.9,0.043,43.81,
2026-02-25T15:29:00,INC-023,inventory-service,18.61,70.05,143.23,30.4,0.043,32.77,63.4
2026-02-25T15:29:00,INC-023,orders-api,39.54,53.70,98.87,156.8,0.483,33.05,81.6
2026-02-25T15:29:00,INC-023,payment-api,23.81,49.33,62.83,194.9,0.040,37.99,232.0
2026-02-25T15:29:00,INC-023,recommendation-service,36.60,55.61,228.22,109.3,0.249,16.15,
2026-02-25T15:30:00,INC-023,api-gateway,12.68,36.78,389.81,140.8,0.192,,180.2
2026-02-25T15:30:00,INC-023,database,19.47,60.51,1314.09,2.2,0.041,45.52,
2026-02-25T15:30:00,INC-023,inventory-service,17.76,70.40,155.34,29.2,0.027,34.64,65.4
2026-02-25T15:30:00,INC-023,orders-api,36.73,53.49,95.14,168.2,0.493,32.74,70.9
2026-02-25T15:30:00,INC-023,payment-api,23.59,49.00,61.44,184.5,0.022,39.04,218.9
2026-02-25T15:30:00,INC-023,recommendation-service,38.26,55.51,226.85,92.9,0.420,16.34,
2026-02-25T15:31:00,INC-023,api-gateway,12.95,36.20,378.26,147.2,0.127,,170.6
2026-02-25T15:31:00,INC-023,database,17.37,60.77,1361.62,2.2,0.032,47.01,
2026-02-25T15:31:00,INC-023,inventory-service,19.85,70.98,150.97,33.3,0.015,34.57,64.6
2026-02-25T15:31:00,INC-023,orders-api,37.27,53.47,92.63,151.6,0.233,33.01,63.5
2026-02-25T15:31:00,INC-023,payment-api,23.10,48.54,62.48,198.6,0.058,37.96,216.7
2026-02-25T15:31:00,INC-023,recommendation-service,37.22,55.84,231.47,96.5,0.308,16.09,
2026-02-25T15:32:00,INC-023,api-gateway,14.04,36.28,389.77,155.0,0.088,,162.0
2026-02-25T15:32:00,INC-023,database,18.85,60.42,1327.08,2.4,0.034,48.08,
2026-02-25T15:32:00,INC-023,inventory-service,19.15,71.55,144.47,33.0,0.047,35.49,67.5
2026-02-25T15:32:00,INC-023,orders-api,37.85,53.41,95.17,164.7,0.282,32.27,65.2
2026-02-25T15:32:00,INC-023,payment-api,24.83,49.30,59.37,210.8,0.052,36.41,238.9
2026-02-25T15:32:00,INC-023,recommendation-service,37.30,55.47,239.79,102.7,0.413,16.29,
2026-02-25T15:33:00,INC-023,api-gateway,13.73,36.45,394.37,140.8,0.154,,158.7
2026-02-25T15:33:00,INC-023,database,19.50,60.84,1344.26,2.7,0.038,48.03,
2026-02-25T15:33:00,INC-023,inventory-service,19.04,72.16,145.09,34.8,0.058,34.88,62.0
2026-02-25T15:33:00,INC-023,orders-api,37.36,52.89,97.37,164.5,0.366,34.07,70.9
2026-02-25T15:33:00,INC-023,payment-api,26.34,48.82,61.05,229.3,0.072,37.29,227.4
2026-02-25T15:33:00,INC-023,recommendation-service,37.22,54.83,238.62,108.2,0.385,13.28,
2026-02-25T15:34:00,INC-023,api-gateway,15.41,35.75,398.70,136.3,0.182,,166.3
2026-02-25T15:34:00,INC-023,database,18.25,61.09,1316.58,2.6,0.035,48.75,
2026-02-25T15:34:00,INC-023,inventory-service,17.04,73.32,155.36,35.5,0.079,35.19,64.8
2026-02-25T15:34:00,INC-023,orders-api,36.31,53.43,94.09,170.9,0.253,32.38,76.4
2026-02-25T15:34:00,INC-023,payment-api,26.21,49.42,60.75,231.8,0.093,39.49,226.2
2026-02-25T15:34:00,INC-023,recommendation-service,39.57,54.94,244.99,106.1,0.246,13.77,
2026-02-25T15:35:00,INC-023,api-gateway,15.52,35.69,410.89,136.3,0.227,,167.3
2026-02-25T15:35:00,INC-023,database,19.04,61.35,1309.64,2.7,0.042,47.22,
2026-02-25T15:35:00,INC-023,inventory-service,18.32,73.59,149.24,32.8,0.070,33.06,73.0
2026-02-25T15:35:00,INC-023,orders-api,39.42,53.88,88.02,177.9,0.357,34.73,76.6
2026-02-25T15:35:00,INC-023,payment-api,24.06,49.65,62.24,235.1,0.072,41.48,223.2
2026-02-25T15:35:00,INC-023,recommendation-service,39.72,55.15,242.76,90.6,0.191,15.21,
2026-02-25T15:36:00,INC-023,api-gateway,14.02,35.93,397.57,139.1,0.189,,164.8
2026-02-25T15:36:00,INC-023,database,17.35,61.78,1216.38,2.7,0.024,46.46,
2026-02-25T15:36:00,INC-023,inventory-service,19.23,73.73,147.66,30.5,0.073,34.37,68.7
2026-02-25T15:36:00,INC-023,orders-api,39.25,53.24,89.64,166.0,0.285,33.94,77.5
2026-02-25T15:36:00,INC-023,payment-api,23.32,49.63,66.85,228.2,0.068,42.46,199.0
2026-02-25T15:36:00,INC-023,recommendation-service,40.11,54.81,244.60,94.0,0.175,17.11,
2026-02-25T15:37:00,INC-023,api-gateway,14.25,35.88,414.95,141.6,0.166,,163.6
2026-02-25T15:37:00,INC-023,database,18.72,62.22,1255.60,2.8,0.035,48.71,
2026-02-25T15:37:00,INC-023,inventory-service,17.27,74.62,148.23,35.5,0.033,32.13,67.4
2026-02-25T15:37:00,INC-023,orders-api,38.61,52.42,90.88,182.1,0.305,34.24,81.4
2026-02-25T15:37:00,INC-023,payment-api,24.71,49.92,65.78,223.5,0.155,40.68,219.5
2026-02-25T15:37:00,INC-023,recommendation-service,39.88,55.57,237.90,91.4,0.215,15.17,
2026-02-25T15:38:00,INC-023,api-gateway,15.28,36.32,403.75,125.4,0.185,,188.3
2026-02-25T15:38:00,INC-023,database,18.89,61.86,1260.59,2.6,0.030,47.93,
2026-02-25T15:38:00,INC-023,inventory-service,17.91,75.65,155.18,35.0,0.041,32.04,73.7
2026-02-25T15:38:00,INC-023,orders-api,35.99,52.18,95.09,164.2,0.525,33.30,77.9
2026-02-25T15:38:00,INC-023,payment-api,25.37,49.31,64.69,197.5,0.131,36.87,238.4
2026-02-25T15:38:00,INC-023,recommendation-service,40.65,55.89,242.03,92.4,0.220,13.34,
2026-02-25T15:39:00,INC-023,api-gateway,15.03,36.15,407.45,132.8,0.128,,198.0
2026-02-25T15:39:00,INC-023,database,19.35,62.01,1332.46,2.5,0.025,46.79,
2026-02-25T15:39:00,INC-023,inventory-service,17.27,75.79,157.38,37.8,0.050,35.02,67.2
2026-02-25T15:39:00,INC-023,orders-api,36.79,51.87,90.74,155.9,0.214,33.64,79.7
2026-02-25T15:39:00,INC-023,payment-api,23.89,49.56,66.40,205.0,0.155,33.83,249.1
2026-02-25T15:39:00,INC-023,recommendation-service,39.39,55.97,230.01,101.9,0.359,14.33,
2026-02-25T15:40:00,INC-023,api-gateway,13.71,35.82,428.02,242.8,0.372,,191.1
2026-02-25T15:40:00,INC-023,database,19.16,61.04,1355.50,2.3,0.036,45.74,
2026-02-25T15:40:00,INC-023,inventory-service,18.40,76.13,163.87,40.1,0.069,35.26,72.3
2026-02-25T15:40:00,INC-023,orders-api,36.21,51.64,94.52,165.0,0.255,34.90,86.5
2026-02-25T15:40:00,INC-023,payment-api,24.19,49.10,66.62,224.5,0.198,36.17,246.3
2026-02-25T15:40:00,INC-023,recommendation-service,39.69,55.76,238.47,122.3,0.446,18.06,
2026-02-25T15:41:00,INC-023,api-gateway,14.84,35.77,427.75,139.3,0.170,,188.9
2026-02-25T15:41:00,INC-023,database,19.15,60.85,1326.88,2.5,0.021,45.03,
2026-02-25T15:41:00,INC-023,inventory-service,20.87,76.58,169.18,39.2,0.090,34.23,80.8
2026-02-25T15:41:00,INC-023,orders-api,46.05,51.95,111.46,159.6,0.321,51.65,89.5
2026-02-25T15:41:00,INC-023,payment-api,25.51,49.52,67.38,261.1,0.184,36.57,250.2
2026-02-25T15:41:00,INC-023,recommendation-service,38.53,56.10,254.59,122.5,0.423,17.42,
2026-02-25T15:42:00,INC-023,api-gateway,17.40,35.61,399.68,146.1,0.250,,169.3
2026-02-25T15:42:00,INC-023,database,19.25,60.66,1342.28,2.4,0.028,47.24,
2026-02-25T15:42:00,INC-023,inventory-service,21.57,76.20,161.82,40.0,0.073,34.31,68.4
2026-02-25T15:42:00,INC-023,orders-api,36.79,51.88,93.45,160.9,0.389,37.37,98.5
2026-02-25T15:42:00,INC-023,payment-api,26.08,49.27,64.20,246.7,0.194,35.27,262.5
2026-02-25T15:42:00,INC-023,recommendation-service,39.15,55.87,253.16,120.0,0.320,15.26,
2026-02-25T15:43:00,INC-023,api-gateway,17.29,35.98,406.96,153.7,0.234,,153.3
2026-02-25T15:43:00,INC-023,database,20.27,60.58,1313.05,2.3,0.007,46.32,
2026-02-25T15:43:00,INC-023,inventory-service,23.94,77.35,166.24,36.8,0.078,34.38,66.9
2026-02-25T15:43:00,INC-023,orders-api,36.46,52.13,93.76,179.2,0.525,33.85,87.1
2026-02-25T15:43:00,INC-023,payment-api,27.34,49.39,65.99,233.6,0.152,34.87,239.2
2026-02-25T15:43:00,INC-023,recommendation-service,40.47,55.78,257.32,132.1,0.212,14.86,
2026-02-25T15:44:00,INC-023,api-gateway,16.94,35.85,407.58,170.2,0.224,,158.4
2026-02-25T15:44:00,INC-023,database,21.64,60.78,1295.95,2.3,0.022,45.88,
2026-02-25T15:44:00,INC-023,inventory-service,23.35,78.17,172.04,43.1,0.095,36.14,70.3
2026-02-25T15:44:00,INC-023,orders-api,39.20,52.26,96.94,178.9,0.549,34.29,93.0
2026-02-25T15:44:00,INC-023,payment-api,25.56,49.36,68.34,222.2,0.115,37.43,252.5
2026-02-25T15:44:00,INC-023,recommendation-service,37.53,55.34,262.60,122.6,0.228,15.60,
2026-02-25T15:45:00,INC-023,api-gateway,18.05,35.70,402.32,173.5,0.228,,171.5
2026-02-25T15:45:00,INC-023,database,21.33,60.82,1355.68,2.3,0.006,47.25,
2026-02-25T15:45:00,INC-023,inventory-service,21.92,78.77,175.18,40.9,0.076,33.42,62.5
2026-02-25T15:45:00,INC-023,orders-api,35.09,52.42,93.89,169.3,0.601,34.65,98.9
2026-02-25T15:45:00,INC-023,payment-api,28.34,49.07,65.61,200.9,0.085,35.20,238.4
2026-02-25T15:45:00,INC-023,recommendation-service,38.20,56.25,252.25,112.9,0.221,15.83,
2026-02-25T15:46:00,INC-023,api-gateway,18.11,36.06,427.23,173.3,0.283,,187.4
2026-02-25T15:46:00,INC-023,database,21.68,60.18,1422.27,3.6,0.574,45.56,
2026-02-25T15:46:00,INC-023,inventory-service,22.70,78.46,176.41,39.3,0.077,34.70,55.9
2026-02-25T15:46:00,INC-023,orders-api,35.75,52.60,98.07,158.7,0.494,35.31,87.6
2026-02-25T15:46:00,INC-023,payment-api,28.45,48.85,67.05,194.2,0.128,35.66,220.6
2026-02-25T15:46:00,INC-023,recommendation-service,36.83,55.68,253.03,106.9,0.225,16.39,
2026-02-25T15:47:00,INC-023,api-gateway,17.08,35.52,404.00,171.1,0.242,,187.2
2026-02-25T15:47:00,INC-023,database,19.87,60.68,1333.99,2.4,0.044,49.41,
2026-02-25T15:47:00,INC-023,inventory-service,24.07,78.55,176.96,42.5,0.068,34.44,55.3
2026-02-25T15:47:00,INC-023,orders-api,38.29,53.08,97.82,159.2,0.600,37.66,89.3
2026-02-25T15:47:00,INC-023,payment-api,26.09,48.67,64.88,203.2,0.173,37.05,239.2
2026-02-25T15:47:00,INC-023,recommendation-service,36.16,55.40,254.15,107.9,0.237,17.00,
2026-02-25T15:48:00,INC-023,api-gateway,17.32,35.68,418.50,171.3,0.277,,191.1
2026-02-25T15:48:00,INC-023,database,20.54,60.92,1342.56,2.4,0.045,51.59,
2026-02-25T15:48:00,INC-023,inventory-service,23.36,78.57,169.71,40.8,0.059,33.87,54.7
2026-02-25T15:48:00,INC-023,orders-api,37.26,53.27,98.02,177.8,0.526,36.25,90.6
2026-02-25T15:48:00,INC-023,payment-api,24.72,48.53,64.99,192.4,0.166,37.26,191.4
2026-02-25T15:48:00,INC-023,recommendation-service,36.83,55.80,250.60,116.3,0.299,17.64,
2026-02-25T15:49:00,INC-023,api-gateway,17.29,36.02,397.99,170.3,0.336,,218.7
2026-02-25T15:49:00,INC-023,database,19.08,60.81,1303.53,2.3,0.046,49.63,
2026-02-25T15:49:00,INC-023,inventory-service,22.94,79.18,164.78,43.9,0.064,33.09,58.2
2026-02-25T15:49:00,INC-023,orders-api,38.61,53.00,94.36,170.8,0.494,37.65,99.5
2026-02-25T15:49:00,INC-023,payment-api,24.26,48.45,67.94,198.4,0.147,37.92,186.0
2026-02-25T15:49:00,INC-023,recommendation-service,37.28,56.02,236.82,112.0,0.290,19.23,
2026-02-25T15:50:00,INC-023,api-gateway,17.71,35.70,400.15,161.5,0.380,,185.0
2026-02-25T15:50:00,INC-023,database,18.68,60.67,1317.60,2.3,0.032,47.74,
2026-02-25T15:50:00,INC-023,inventory-service,24.42,79.88,158.14,46.2,0.030,35.37,60.7
2026-02-25T15:50:00,INC-023,orders-api,38.00,53.13,92.44,177.1,0.323,36.61,102.4
2026-02-25T15:50:00,INC-023,payment-api,24.39,48.79,71.78,198.0,0.084,41.27,195.0
2026-02-25T15:50:00,INC-023,recommendation-service,37.72,55.67,243.28,106.4,0.145,22.09,
2026-02-25T15:51:00,INC-023,api-gateway,17.93,35.50,383.42,158.1,0.404,,183.5
2026-02-25T15:51:00,INC-023,database,20.20,60.21,1319.71,2.4,0.031,48.51,
2026-02-25T15:51:00,INC-023,inventory-service,24.12,80.50,151.83,45.1,0.070,33.90,60.8
2026-02-25T15:51:00,INC-023,orders-api,36.71,53.13,93.19,180.9,0.486,35.36,94.3
2026-02-25T15:51:00,INC-023,payment-api,24.67,48.65,70.76,217.8,0.151,40.22,200.7
2026-02-25T15:51:00,INC-023,recommendation-service,37.01,55.68,227.94,106.4,0.276,18.46,
2026-02-25T15:52:00,INC-023,api-gateway,17.07,36.11,393.65,160.9,0.301,,193.3
2026-02-25T15:52:00,INC-023,database,21.36,60.61,1360.38,2.5,0.031,45.44,
2026-02-25T15:52:00,INC-023,inventory-service,25.29,81.47,149.49,53.4,0.049,29.73,66.3
2026-02-25T15:52:00,INC-023,orders-api,37.93,53.32,93.36,187.6,0.501,35.05,101.3
2026-02-25T15:52:00,INC-023,payment-api,24.63,48.36,67.07,210.4,0.149,39.34,221.9
2026-02-25T15:52:00,INC-023,recommendation-service,36.49,55.56,229.75,98.4,0.224,18.03,
2026-02-25T15:53:00,INC-023,api-gateway,16.28,36.11,394.72,166.7,0.217,,213.6
2026-02-25T15:53:00,INC-023,database,20.33,61.13,1427.42,2.5,0.043,43.72,
2026-02-25T15:53:00,INC-023,inventory-service,24.46,81.96,153.90,57.3,0.047,30.29,62.1
2026-02-25T15:53:00,INC-023,orders-api,39.40,53.48,97.80,183.8,0.447,34.48,99.9
2026-02-25T15:53:00,INC-023,payment-api,27.55,48.04,70.31,217.9,0.178,39.47,223.1
2026-02-25T15:53:00,INC-023,recommendation-service,37.01,56.01,228.94,100.2,0.157,18.48,
2026-02-25T15:54:00,INC-023,api-gateway,17.22,36.14,396.14,174.5,0.313,,211.3
2026-02-25T15:54:00,INC-023,database,20.77,60.81,1365.33,2.5,0.043,45.69,
2026-02-25T15:54:00,INC-023,inventory-service,23.04,82.72,152.71,55.5,0.063,31.30,63.3
2026-02-25T15:54:00,INC-023,orders-api,37.95,52.89,95.66,193.6,0.462,35.39,104.3
2026-02-25T15:54:00,INC-023,payment-api,28.24,48.67,72.57,218.0,0.186,39.35,222.8
2026-02-25T15:54:00,INC-023,recommendation-service,37.13,54.63,227.29,105.4,0.308,18.97,
2026-02-25T15:55:00,INC-023,api-gateway,15.54,36.20,396.14,163.9,0.239,,186.7
2026-02-25T15:55:00,INC-023,database,21.06,60.65,1342.74,2.4,0.038,45.22,
2026-02-25T15:55:00,INC-023,inventory-service,23.58,82.91,155.54,58.0,0.066,31.79,59.0
2026-02-25T15:55:00,INC-023,orders-api,39.49,53.34,94.76,185.9,0.203,34.09,108.4
2026-02-25T15:55:00,INC-023,payment-api,26.00,48.46,68.86,222.2,0.126,38.13,238.3
2026-02-25T15:55:00,INC-023,recommendation-service,37.57,54.03,224.15,100.4,0.343,19.35,
2026-02-25T15:56:00,INC-023,api-gateway,14.98,36.00,387.02,171.2,0.270,,196.7
2026-02-25T15:56:00,INC-023,database,20.70,60.39,1475.42,2.3,0.027,44.64,
2026-02-25T15:56:00,INC-023,inventory-service,24.72,83.80,153.17,63.4,0.044,28.39,58.5
2026-02-25T15:56:00,INC-023,orders-api,40.11,53.30,96.16,191.4,0.136,32.34,117.3
2026-02-25T15:56:00,INC-023,payment-api,25.32,48.30,65.34,218.4,0.071,38.65,231.7
2026-02-25T15:56:00,INC-023,recommendation-service,38.25,54.28,233.21,99.5,0.404,17.47,
2026-02-25T15:57:00,INC-023,api-gateway,15.94,35.98,409.57,176.1,0.302,,201.3
2026-02-25T15:57:00,INC-023,database,21.60,60.00,1475.54,2.6,0.035,46.70,
2026-02-25T15:57:00,INC-023,inventory-service,24.65,83.95,164.13,67.6,0.042,27.10,54.0
2026-02-25T15:57:00,INC-023,orders-api,40.13,52.91,98.97,197.8,0.375,34.52,119.3
2026-02-25T15:57:00,INC-023,payment-api,26.21,47.90,66.69,212.5,0.101,40.96,232.1
2026-02-25T15:57:00,INC-023,recommendation-service,38.41,54.57,250.65,97.5,0.324,16.29,
2026-02-25T15:58:00,INC-023,api-gateway,16.20,36.10,395.32,184.4,0.238,,190.5
2026-02-25T15:58:00,INC-023,database,21.40,60.24,1398.96,2.8,0.037,48.07,
2026-02-25T15:58:00,INC-023,inventory-service,22.99,84.05,162.28,63.5,0.068,28.46,58.9
2026-02-25T15:58:00,INC-023,orders-api,39.07,53.03,99.28,191.1,0.491,33.87,102.7
2026-02-25T15:58:00,INC-023,payment-api,26.75,47.64,66.13,213.7,0.105,40.58,227.5
2026-02-25T15:58:00,INC-023,recommendation-service,40.02,55.26,240.68,100.9,0.237,15.10,
2026-02-25T15:59:00,INC-023,api-gateway,19.24,35.70,388.29,180.0,0.294,,202.6
2026-02-25T15:59:00,INC-023,database,18.74,60.61,1370.93,2.9,0.022,48.87,
2026-02-25T15:59:00,INC-023,inventory-service,22.77,84.53,159.11,66.6,0.091,29.58,61.1
2026-02-25T15:59:00,INC-023,orders-api,38.69,53.43,98.91,214.2,0.557,34.10,103.8
2026-02-25T15:59:00,INC-023,payment-api,25.71,47.24,66.15,196.7,0.120,40.35,205.9
2026-02-25T15:59:00,INC-023,recommendation-service,40.11,55.04,241.08,105.7,0.052,16.30,
2026-02-25T16:00:00,INC-023,api-gateway,18.62,36.37,402.82,192.2,0.269,,206.0
2026-02-25T16:00:00,INC-023,database,19.35,60.15,1288.02,2.5,0.047,45.44,
2026-02-25T16:00:00,INC-023,inventory-service,26.00,84.84,150.49,66.3,0.096,30.17,61.8
2026-02-25T16:00:00,INC-023,orders-api,36.48,52.60,96.48,209.8,0.519,32.66,122.3
2026-02-25T16:00:00,INC-023,payment-api,24.74,48.23,63.75,185.9,0.124,35.92,207.0
2026-02-25T16:00:00,INC-023,recommendation-service,40.91,55.58,235.84,109.7,0.174,15.51,
2026-02-25T16:01:00,INC-023,api-gateway,18.08,35.99,398.87,176.3,0.253,,205.9
2026-02-25T16:01:00,INC-023,database,20.35,60.37,1295.26,2.4,0.019,48.73,
2026-02-25T16:01:00,INC-023,inventory-service,27.53,85.22,155.01,73.9,0.087,34.48,58.8
2026-02-25T16:01:00,INC-023,orders-api,37.90,53.10,97.30,226.1,0.450,33.31,133.8
2026-02-25T16:01:00,INC-023,payment-api,25.71,48.39,61.92,197.2,0.149,36.96,200.2
2026-02-25T16:01:00,INC-023,recommendation-service,40.14,55.43,243.05,99.3,0.307,15.00,
2026-02-25T16:02:00,INC-023,api-gateway,17.87,36.15,410.90,189.6,0.261,,216.8
2026-02-25T16:02:00,INC-023,database,19.84,60.72,1325.08,2.8,0.017,48.91,
2026-02-25T16:02:00,INC-023,inventory-service,25.91,85.54,146.45,75.1,0.115,34.69,59.7
2026-02-25T16:02:00,INC-023,orders-api,38.67,52.83,103.86,224.1,0.415,34.65,138.8
2026-02-25T16:02:00,INC-023,payment-api,25.15,48.56,65.27,182.4,0.154,38.69,203.5
2026-02-25T16:02:00,INC-023,recommendation-service,37.96,55.39,241.17,102.2,0.313,17.02,
2026-02-25T16:03:00,INC-023,api-gateway,18.21,35.89,413.65,185.3,0.240,,228.4
2026-02-25T16:03:00,INC-023,database,18.23,60.79,1347.14,2.5,0.035,49.74,
2026-02-25T16:03:00,INC-023,inventory-service,25.28,85.82,144.59,77.3,0.080,33.99,70.1
2026-02-25T16:03:00,INC-023,orders-api,38.97,53.31,103.08,207.7,0.351,32.42,143.1
2026-02-25T16:03:00,INC-023,payment-api,22.51,47.97,60.26,188.0,0.134,38.93,202.7
2026-02-25T16:03:00,INC-023,recommendation-service,38.00,55.45,243.65,106.2,0.221,16.43,
2026-02-25T16:04:00,INC-023,api-gateway,16.00,35.00,399.14,187.7,0.272,,225.6
2026-02-25T16:04:00,INC-023,database,18.03,60.39,1331.47,2.2,0.030,50.78,
2026-02-25T16:04:00,INC-023,inventory-service,23.58,87.08,134.20,85.1,0.331,32.43,66.3
2026-02-25T16:04:00,INC-023,orders-api,38.45,52.78,100.86,213.7,0.489,29.47,142.4
2026-02-25T16:04:00,INC-023,payment-api,24.43,48.30,59.74,453.2,0.357,39.92,221.3
2026-02-25T16:04:00,INC-023,recommendation-service,37.88,55.31,241.11,102.5,0.349,16.91,
2026-02-25T16:05:00,INC-023,api-gateway,15.87,35.34,386.72,174.9,0.279,,236.8
2026-02-25T16:05:00,INC-023,database,18.69,60.23,1363.32,2.2,0.005,50.69,
2026-02-25T16:05:00,INC-023,inventory-service,22.98,87.37,138.26,81.5,0.464,31.84,82.4
2026-02-25T16:05:00,INC-023,orders-api,39.27,52.04,102.38,360.6,0.821,31.62,130.2
2026-02-25T16:05:00,INC-023,payment-api,22.31,48.23,60.78,214.9,0.087,39.73,217.0
2026-02-25T16:05:00,INC-023,recommendation-service,37.83,55.46,239.52,106.1,0.282,16.19,
2026-02-25T16:06:00,INC-023,api-gateway,16.60,35.46,395.64,176.2,0.571,,221.0
2026-02-25T16:06:00,INC-023,database,19.45,61.10,1380.67,2.3,0.022,48.22,
2026-02-25T16:06:00,INC-023,inventory-service,24.25,88.26,140.85,83.8,1.201,31.54,87.3
2026-02-25T16:06:00,INC-023,orders-api,39.38,51.98,99.36,221.6,1.266,33.48,133.5
2026-02-25T16:06:00,INC-023,payment-api,24.27,47.99,63.10,224.8,0.129,41.07,241.5
2026-02-25T16:06:00,INC-023,recommendation-service,36.98,55.61,235.17,109.5,0.168,16.23,
2026-02-25T16:07:00,INC-023,api-gateway,16.82,35.55,385.77,166.5,0.659,,222.1
2026-02-25T16:07:00,INC-023,database,18.57,61.29,1323.40,2.1,0.023,49.57,
2026-02-25T16:07:00,INC-023,inventory-service,25.33,88.43,138.00,89.5,1.335,30.42,81.6
2026-02-25T16:07:00,INC-023,orders-api,39.32,51.72,98.35,236.3,1.351,32.70,144.4
2026-02-25T16:07:00,INC-023,payment-api,23.37,48.00,60.04,218.3,0.104,37.76,232.4
2026-02-25T16:07:00,INC-023,recommendation-service,38.36,55.53,231.83,96.7,0.178,15.65,
2026-02-25T16:08:00,INC-023,api-gateway,16.16,34.88,362.59,164.2,0.821,,211.0
2026-02-25T16:08:00,INC-023,database,17.21,60.91,1276.69,2.2,0.026,46.84,
2026-02-25T16:08:00,INC-023,inventory-service,26.15,88.66,126.12,93.5,1.848,28.60,72.1
2026-02-25T16:08:00,INC-023,orders-api,40.50,51.64,94.98,232.3,1.608,30.99,147.9
2026-02-25T16:08:00,INC-023,payment-api,23.20,48.17,57.38,213.2,0.107,39.52,225.4
2026-02-25T16:08:00,INC-023,recommendation-service,37.78,55.14,231.38,251.3,0.886,18.88,
2026-02-25T16:09:00,INC-023,api-gateway,17.51,34.79,368.31,179.9,1.170,,236.1
2026-02-25T16:09:00,INC-023,database,16.99,60.95,1262.71,2.2,0.001,48.00,
2026-02-25T16:09:00,INC-023,inventory-service,26.23,89.82,136.95,115.5,3.077,30.41,66.4
2026-02-25T16:09:00,INC-023,orders-api,38.98,51.77,99.75,254.7,2.572,31.68,170.4
2026-02-25T16:09:00,INC-023,payment-api,23.85,48.19,56.55,229.2,0.146,39.69,231.6
2026-02-25T16:09:00,INC-023,recommendation-service,37.52,55.36,234.82,93.4,0.426,18.34,
2026-02-25T16:10:00,INC-023,api-gateway,17.22,34.90,363.18,183.9,0.920,,249.4
2026-02-25T16:10:00,INC-023,database,17.63,61.37,1240.62,2.1,0.000,47.36,
2026-02-25T16:10:00,INC-023,inventory-service,26.16,89.98,145.27,113.3,2.569,32.67,58.6
2026-02-25T16:10:00,INC-023,orders-api,40.52,52.33,94.48,251.1,2.293,29.76,163.1
2026-02-25T16:10:00,INC-023,payment-api,23.04,48.89,56.96,211.5,0.155,37.15,207.1
2026-02-25T16:10:00,INC-023,recommendation-service,35.83,55.71,221.49,99.1,0.348,19.67,
2026-02-25T16:11:00,INC-023,api-gateway,14.10,35.44,348.65,185.2,1.527,,257.7
2026-02-25T16:11:00,INC-023,database,17.59,61.59,1224.98,2.2,0.000,47.29,
2026-02-25T16:11:00,INC-023,inventory-service,25.75,90.63,142.60,118.6,4.462,33.37,66.2
2026-02-25T16:11:00,INC-023,orders-api,37.93,52.28,98.38,274.5,3.608,32.73,161.4
2026-02-25T16:11:00,INC-023,payment-api,22.92,48.87,59.30,187.8,0.161,37.11,241.2
2026-02-25T16:11:00,INC-023,recommendation-service,34.83,46.87,233.92,105.2,0.272,16.81,
2026-02-25T16:12:00,INC-023,api-gateway,12.66,35.41,349.53,203.6,1.858,,289.6
2026-02-25T16:12:00,INC-023,database,18.15,61.06,1144.58,2.3,0.003,48.24,
2026-02-25T16:12:00,INC-023,inventory-service,27.79,91.56,145.01,111.6,5.570,32.60,68.5
2026-02-25T16:12:00,INC-023,orders-api,39.09,52.33,92.30,263.2,4.427,32.64,148.7
2026-02-25T16:12:00,INC-023,payment-api,21.55,49.15,61.47,190.2,0.144,38.11,251.0
2026-02-25T16:12:00,INC-023,recommendation-service,32.54,46.96,223.45,122.8,0.822,16.81,
2026-02-25T16:13:00,INC-023,api-gateway,14.03,35.19,329.73,209.4,1.888,,274.6
2026-02-25T16:13:00,INC-023,database,19.55,60.55,1153.36,2.4,0.010,47.56,
2026-02-25T16:13:00,INC-023,inventory-service,26.81,91.78,135.15,122.1,5.832,34.66,66.9
2026-02-25T16:13:00,INC-023,orders-api,36.67,52.30,89.98,262.0,4.574,32.88,166.9
2026-02-25T16:13:00,INC-023,payment-api,21.85,48.32,57.25,206.7,0.122,39.45,237.0
2026-02-25T16:13:00,INC-023,recommendation-service,32.12,47.79,215.52,102.3,0.260,15.82,
2026-02-25T16:14:00,INC-023,api-gateway,16.45,35.27,324.18,205.2,2.210,,269.5
2026-02-25T16:14:00,INC-023,database,17.71,60.49,1082.44,2.3,0.025,48.11,
2026-02-25T16:14:00,INC-023,inventory-service,29.42,92.45,137.18,129.0,7.214,33.41,63.9
2026-02-25T16:14:00,INC-023,orders-api,35.83,51.92,88.82,274.6,5.609,33.12,189.3
2026-02-25T16:14:00,INC-023,payment-api,23.10,48.23,55.60,220.3,0.122,35.36,246.9
2026-02-25T16:14:00,INC-023,recommendation-service,33.87,48.18,217.47,105.2,0.176,13.35,
2026-02-25T16:15:00,INC-023,api-gateway,18.84,35.01,326.57,198.8,2.235,,259.3
2026-02-25T16:15:00,INC-023,database,15.82,59.70,1105.64,2.3,0.011,47.79,
2026-02-25T16:15:00,INC-023,inventory-service,30.25,92.65,135.81,123.8,7.236,31.74,62.6
2026-02-25T16:15:00,INC-023,orders-api,37.84,52.39,83.78,282.0,5.589,29.90,172.4
2026-02-25T16:15:00,INC-023,payment-api,22.22,48.95,56.49,222.0,0.127,35.16,257.2
2026-02-25T16:15:00,INC-023,recommendation-service,33.45,47.89,219.53,101.9,0.272,13.94,
2026-02-25T16:16:00,INC-023,api-gateway,17.80,34.50,316.02,186.6,2.493,,267.4
2026-02-25T16:16:00,INC-023,database,17.10,59.87,1097.77,2.3,0.010,48.75,
2026-02-25T16:16:00,INC-023,inventory-service,31.16,93.34,139.72,132.3,8.625,29.91,65.4
2026-02-25T16:16:00,INC-023,orders-api,37.06,52.66,79.69,283.8,6.488,33.46,180.1
2026-02-25T16:16:00,INC-023,payment-api,21.80,49.32,55.10,238.8,0.150,35.38,234.6
2026-02-25T16:16:00,INC-023,recommendation-service,33.37,48.05,217.05,98.8,0.303,15.46,
2026-02-25T16:17:00,INC-023,api-gateway,16.72,35.19,331.45,197.6,2.946,,263.4
2026-02-25T16:17:00,INC-023,database,18.11,60.68,1113.47,2.1,0.012,48.02,
2026-02-25T16:17:00,INC-023,inventory-service,32.60,93.92,139.38,141.3,10.125,27.57,62.6
2026-02-25T16:17:00,INC-023,orders-api,37.55,52.39,79.13,270.0,7.540,34.70,189.5
2026-02-25T16:17:00,INC-023,payment-api,21.55,49.10,51.64,220.6,0.167,35.03,243.7
2026-02-25T16:17:00,INC-023,recommendation-service,34.52,48.63,204.94,232.0,0.474,14.22,
2026-02-25T16:18:00,INC-023,api-gateway,18.04,34.96,326.16,202.6,2.620,,277.2
2026-02-25T16:18:00,INC-023,database,20.36,60.65,1147.30,2.0,0.018,47.49,
2026-02-25T16:18:00,INC-023,inventory-service,32.46,94.40,139.85,142.8,8.670,29.74,58.0
2026-02-25T16:18:00,INC-023,orders-api,37.73,52.90,82.09,264.0,6.519,36.21,190.0
2026-02-25T16:18:00,INC-023,payment-api,22.29,48.75,50.89,225.1,0.142,36.19,256.4
2026-02-25T16:18:00,INC-023,recommendation-service,35.38,48.84,203.54,105.4,0.176,13.66,
2026-02-25T16:19:00,INC-023,api-gateway,17.22,35.24,325.32,219.3,3.049,,290.5
2026-02-25T16:19:00,INC-023,database,20.99,60.34,1166.96,2.2,0.024,46.99,
2026-02-25T16:19:00,INC-023,inventory-service,30.64,94.74,145.01,163.9,10.039,26.67,61.9
2026-02-25T16:19:00,INC-023,orders-api,34.99,52.65,79.69,299.2,7.386,34.12,204.3
2026-02-25T16:19:00,INC-023,payment-api,19.86,48.92,52.99,225.0,0.085,35.58,251.7
2026-02-25T16:19:00,INC-023,recommendation-service,36.81,49.26,202.32,108.6,0.234,13.45,
2026-02-25T16:20:00,INC-023,api-gateway,16.80,35.65,310.69,225.1,4.455,,287.6
2026-02-25T16:20:00,INC-023,database,21.34,60.28,1095.21,2.3,0.038,46.99,
2026-02-25T16:20:00,INC-023,inventory-service,31.20,95.82,136.22,168.4,14.852,29.56,56.9
2026-02-25T16:20:00,INC-023,orders-api,37.61,52.06,71.11,304.7,10.935,31.90,205.7
2026-02-25T16:20:00,INC-023,payment-api,20.16,48.26,53.88,190.5,0.046,37.68,253.0
2026-02-25T16:20:00,INC-023,recommendation-service,36.24,49.18,195.86,101.9,0.365,14.59,
2026-02-25T16:21:00,INC-023,api-gateway,17.24,36.20,305.10,280.6,3.266,,278.7
2026-02-25T16:21:00,INC-023,database,21.24,59.93,1050.89,2.2,0.038,45.45,
2026-02-25T16:21:00,INC-023,inventory-service,29.71,95.58,134.16,145.5,9.834,29.69,55.0
2026-02-25T16:21:00,INC-023,orders-api,37.72,52.42,68.26,264.3,7.473,36.15,199.8
2026-02-25T16:21:00,INC-023,payment-api,19.26,48.43,51.60,209.6,0.121,39.42,251.0
2026-02-25T16:21:00,INC-023,recommendation-service,38.08,50.35,194.26,96.4,0.367,14.16,
2026-02-25T16:22:00,INC-023,api-gateway,13.78,36.15,315.69,218.0,3.835,,256.5
2026-02-25T16:22:00,INC-023,database,20.30,59.68,1063.03,2.2,0.024,44.17,
2026-02-25T16:22:00,INC-023,inventory-service,28.85,95.49,135.05,138.5,12.965,29.96,58.5
2026-02-25T16:22:00,INC-023,orders-api,36.77,52.85,75.85,250.8,9.891,32.54,193.2
2026-02-25T16:22:00,INC-023,payment-api,21.82,48.75,54.26,210.0,0.100,39.82,219.4
2026-02-25T16:22:00,INC-023,recommendation-service,38.79,50.58,199.69,94.0,0.176,15.17,
2026-02-25T16:23:00,INC-023,api-gateway,16.74,35.69,330.52,224.9,4.458,,266.1
2026-02-25T16:23:00,INC-023,database,21.41,59.91,1142.37,2.1,0.023,45.94,
2026-02-25T16:23:00,INC-023,inventory-service,29.47,96.84,138.16,159.9,15.101,30.68,60.8
2026-02-25T16:23:00,INC-023,orders-api,38.42,53.13,77.70,271.6,11.294,32.28,207.4
2026-02-25T16:23:00,INC-023,payment-api,21.65,48.52,54.69,202.6,0.129,40.60,232.7
2026-02-25T16:23:00,INC-023,recommendation-service,37.12,50.64,214.80,91.6,0.352,14.72,
2026-02-25T16:24:00,INC-023,api-gateway,17.47,35.08,322.16,248.5,4.032,,289.0
2026-02-25T16:24:00,INC-023,database,21.69,60.15,1167.99,2.1,0.021,47.67,
2026-02-25T16:24:00,INC-023,inventory-service,30.12,97.68,139.33,180.8,13.681,30.10,63.9
2026-02-25T16:24:00,INC-023,orders-api,35.84,53.18,74.43,293.4,10.310,33.77,227.6
2026-02-25T16:24:00,INC-023,payment-api,21.37,48.80,53.51,195.7,0.131,40.74,237.2
2026-02-25T16:24:00,INC-023,recommendation-service,37.94,50.76,200.64,95.4,0.413,14.69,
2026-02-25T16:25:00,INC-023,api-gateway,16.10,34.65,308.15,263.4,5.704,,309.3
2026-02-25T16:25:00,INC-023,database,22.47,60.70,1066.68,2.2,0.024,46.08,
2026-02-25T16:25:00,INC-023,inventory-service,30.51,97.96,134.68,213.4,19.573,29.67,63.9
2026-02-25T16:25:00,INC-023,orders-api,36.29,52.79,78.93,332.5,14.368,33.13,253.4
2026-02-25T16:25:00,INC-023,payment-api,22.19,48.05,53.06,193.3,0.104,41.27,262.9
2026-02-25T16:25:00,INC-023,recommendation-service,36.63,50.60,202.07,107.6,0.315,14.86,
2026-02-25T16:26:00,INC-023,api-gateway,17.25,35.12,314.34,246.7,5.488,,320.8
2026-02-25T16:26:00,INC-023,database,20.31,61.26,1124.94,2.7,0.011,46.67,
2026-02-25T16:26:00,INC-023,inventory-service,29.49,98.51,135.49,204.6,18.626,27.73,65.4
2026-02-25T16:26:00,INC-023,orders-api,33.30,52.61,85.85,345.4,13.783,33.52,246.4
2026-02-25T16:26:00,INC-023,payment-api,23.79,48.33,51.83,189.1,0.150,39.16,249.4
2026-02-25T16:26:00,INC-023,recommendation-service,33.94,51.51,187.96,98.1,0.198,15.50,
2026-02-25T16:27:00,INC-023,api-gateway,16.51,35.21,325.29,159.3,6.002,,223.0
2026-02-25T16:27:00,INC-023,database,19.45,61.60,1098.69,2.8,0.013,45.76,
2026-02-25T16:27:00,INC-023,inventory-service,19.69,27.72,70.86,61.5,20.639,28.63,69.5
2026-02-25T16:27:00,INC-023,orders-api,31.86,52.39,87.12,211.8,15.159,35.19,105.3
2026-02-25T16:27:00,INC-023,payment-api,22.10,48.98,51.67,213.1,0.155,39.32,252.5
2026-02-25T16:27:00,INC-023,recommendation-service,33.89,51.67,190.16,107.9,0.296,17.97,
2026-02-25T16:28:00,INC-023,api-gateway,15.66,35.08,332.08,142.8,0.140,,178.6
2026-02-25T16:28:00,INC-023,database,18.44,61.02,1084.19,2.5,0.000,48.47,
2026-02-25T16:28:00,INC-023,inventory-service,19.44,29.41,137.04,28.8,0.042,30.15,72.9
2026-02-25T16:28:00,INC-023,orders-api,33.20,52.52,84.48,204.3,0.213,34.39,78.0
2026-02-25T16:28:00,INC-023,payment-api,24.60,49.33,50.00,211.2,0.105,38.68,270.2
2026-02-25T16:28:00,INC-023,recommendation-service,33.66,52.09,202.92,100.9,0.264,16.90,
2026-02-25T16:29:00,INC-023,api-gateway,18.14,35.39,335.51,131.6,0.139,,187.9
2026-02-25T16:29:00,INC-023,database,15.95,60.76,1078.97,2.5,0.000,48.51,
2026-02-25T16:29:00,INC-023,inventory-service,18.24,29.70,131.36,28.4,0.074,26.40,71.0
2026-02-25T16:29:00,INC-023,orders-api,34.90,52.81,81.99,168.6,0.058,29.22,71.9
2026-02-25T16:29:00,INC-023,payment-api,25.08,49.56,47.35,191.8,0.126,39.82,297.3
2026-02-25T16:29:00,INC-023,recommendation-service,34.91,52.49,200.14,97.2,0.245,18.15,
2026-02-25T16:30:00,INC-023,api-gateway,16.69,35.49,323.71,123.6,0.116,,177.6
2026-02-25T16:30:00,INC-023,database,15.55,60.49,1102.77,2.7,0.000,45.98,
2026-02-25T16:30:00,INC-023,inventory-service,20.30,30.97,130.82,28.1,0.075,27.94,68.8
2026-02-25T16:30:00,INC-023,orders-api,34.19,53.00,82.99,151.2,0.190,29.86,67.3
2026-02-25T16:30:00,INC-023,payment-api,24.41,49.00,49.13,195.8,0.113,38.88,275.3
2026-02-25T16:30:00,INC-023,recommendation-service,35.27,52.84,200.21,94.4,0.101,17.52,
2026-02-25T16:31:00,INC-023,api-gateway,14.44,35.88,316.38,128.0,0.168,,180.2
2026-02-25T16:31:00,INC-023,database,16.11,60.25,1111.17,2.5,0.000,44.64,
2026-02-25T16:31:00,INC-023,inventory-service,19.97,31.60,131.12,27.2,0.103,30.48,75.6
2026-02-25T16:31:00,INC-023,orders-api,35.79,52.98,80.77,152.7,0.416,30.33,67.2
2026-02-25T16:31:00,INC-023,payment-api,23.73,49.04,49.99,211.2,0.126,38.26,261.3
2026-02-25T16:31:00,INC-023,recommendation-service,36.86,53.24,192.36,106.8,0.207,20.38,
2026-02-25T16:32:00,INC-023,api-gateway,14.10,36.16,323.07,139.6,0.187,,195.4
2026-02-25T16:32:00,INC-023,database,15.82,60.90,1108.06,2.5,0.009,47.46,
2026-02-25T16:32:00,INC-023,inventory-service,20.62,32.04,128.41,27.6,0.110,30.12,69.9
2026-02-25T16:32:00,INC-023,orders-api,36.30,53.28,79.91,140.5,0.286,30.09,70.7
2026-02-25T16:32:00,INC-023,payment-api,24.67,48.94,49.46,217.4,0.147,37.99,260.4
2026-02-25T16:32:00,INC-023,recommendation-service,36.63,53.44,175.75,108.4,0.245,20.34,
2026-02-25T16:33:00,INC-023,api-gateway,13.77,36.55,302.95,138.7,0.221,,199.6
2026-02-25T16:33:00,INC-023,database,16.96,60.25,1052.47,2.3,0.022,45.79,
2026-02-25T16:33:00,INC-023,inventory-service,21.96,32.19,125.07,28.2,0.063,28.25,70.3
2026-02-25T16:33:00,INC-023,orders-api,35.24,53.11,77.04,166.9,0.398,30.74,70.2
2026-02-25T16:33:00,INC-023,payment-api,22.52,49.28,50.63,214.1,0.143,38.43,293.9
2026-02-25T16:33:00,INC-023,recommendation-service,36.47,53.69,179.64,107.9,0.353,18.88,
2026-02-25T16:34:00,INC-023,api-gateway,15.27,35.88,310.90,134.8,0.123,,208.7
2026-02-25T16:34:00,INC-023,database,16.97,61.09,1058.37,2.4,0.012,47.81,
2026-02-25T16:34:00,INC-023,inventory-service,21.15,32.19,125.02,28.8,0.070,25.91,69.4
2026-02-25T16:34:00,INC-023,orders-api,36.95,53.10,76.56,173.6,0.214,29.29,75.9
2026-02-25T16:34:00,INC-023,payment-api,22.30,49.20,50.32,217.5,0.092,38.44,294.0
2026-02-25T16:34:00,INC-023,recommendation-service,37.86,53.85,193.09,99.2,0.412,17.14,
2026-02-25T16:35:00,INC-023,api-gateway,15.41,36.50,333.57,135.2,0.120,,230.2
2026-02-25T16:35:00,INC-023,database,17.99,60.50,1128.80,2.5,0.027,48.89,
2026-02-25T16:35:00,INC-023,inventory-service,19.78,32.86,127.88,27.9,0.071,28.23,71.8
2026-02-25T16:35:00,INC-023,orders-api,36.76,53.41,78.68,173.3,0.316,27.27,78.2
2026-02-25T16:35:00,INC-023,payment-api,22.18,49.39,52.23,210.7,0.139,39.44,233.9
2026-02-25T16:35:00,INC-023,recommendation-service,37.91,53.77,195.82,100.8,0.373,14.82,
2026-02-25T16:36:00,INC-023,api-gateway,18.15,36.21,325.62,138.0,0.107,,207.5
2026-02-25T16:36:00,INC-023,database,17.47,61.29,1117.75,2.3,0.024,48.29,
2026-02-25T16:36:00,INC-023,inventory-service,20.17,33.20,120.81,29.0,0.094,29.64,69.8
2026-02-25T16:36:00,INC-023,orders-api,38.80,52.43,76.89,175.3,0.222,27.78,81.2
2026-02-25T16:36:00,INC-023,payment-api,22.57,49.19,50.77,190.4,0.114,38.33,233.7
2026-02-25T16:36:00,INC-023,recommendation-service,37.76,54.48,189.28,96.5,0.286,13.98,
2026-02-25T16:37:00,INC-023,api-gateway,14.80,35.67,327.73,142.3,0.182,,189.3
2026-02-25T16:37:00,INC-023,database,18.22,61.45,1125.03,2.4,0.037,48.63,
2026-02-25T16:37:00,INC-023,inventory-service,19.14,33.63,123.58,29.5,0.067,31.22,67.9
2026-02-25T16:37:00,INC-023,orders-api,35.95,53.11,74.08,175.4,0.020,30.71,77.1
2026-02-25T16:37:00,INC-023,payment-api,24.20,48.87,50.23,190.8,0.091,37.98,253.9
2026-02-25T16:37:00,INC-023,recommendation-service,36.82,55.47,178.97,88.2,0.283,14.27,
2026-02-25T16:38:00,INC-023,api-gateway,16.31,35.99,303.03,136.6,0.213,,178.8
2026-02-25T16:38:00,INC-023,database,19.33,61.10,1119.66,2.2,0.025,48.07,
2026-02-25T16:38:00,INC-023,inventory-service,18.03,34.16,124.58,28.5,0.080,30.88,77.6
2026-02-25T16:38:00,INC-023,orders-api,39.16,53.53,77.51,163.3,0.000,32.08,79.9
2026-02-25T16:38:00,INC-023,payment-api,24.67,48.39,48.19,211.0,0.143,37.69,275.0
2026-02-25T16:38:00,INC-023,recommendation-service,36.16,55.49,171.17,96.6,0.353,13.95,
2026-02-25T16:39:00,INC-023,api-gateway,15.86,35.81,321.10,145.6,0.139,,181.7
2026-02-25T16:39:00,INC-023,database,20.16,60.96,1132.95,2.1,0.020,49.59,
2026-02-25T16:39:00,INC-023,inventory-service,17.18,34.62,131.96,26.4,0.079,30.86,72.6
2026-02-25T16:39:00,INC-023,orders-api,38.55,53.30,75.55,167.7,0.000,29.48,75.5
2026-02-25T16:39:00,INC-023,payment-api,25.57,48.80,48.68,202.6,0.122,39.67,281.5
2026-02-25T16:39:00,INC-023,recommendation-service,35.37,55.92,169.70,89.7,0.493,15.13,
2026-02-25T16:40:00,INC-023,api-gateway,13.06,35.50,319.26,144.8,0.175,,164.4
2026-02-25T16:40:00,INC-023,database,18.89,60.56,1171.26,2.3,0.029,48.43,
2026-02-25T16:40:00,INC-023,inventory-service,16.36,35.25,127.71,25.0,0.094,31.13,64.4
2026-02-25T16:40:00,INC-023,orders-api,37.13,52.65,75.23,160.9,0.167,32.22,82.7
2026-02-25T16:40:00,INC-023,payment-api,23.58,48.64,49.19,217.2,0.159,38.11,271.0
2026-02-25T16:40:00,INC-023,recommendation-service,35.22,55.82,172.64,86.5,0.465,15.38,
2026-02-25T16:41:00,INC-023,api-gateway,12.11,35.43,309.36,131.8,0.208,,181.5
2026-02-25T16:41:00,INC-023,database,20.76,59.99,1101.49,2.0,0.018,46.45,
2026-02-25T16:41:00,INC-023,inventory-service,16.86,36.40,122.38,24.5,0.093,30.22,58.6
2026-02-25T16:41:00,INC-023,orders-api,37.07,53.56,76.34,143.9,0.160,33.92,95.2
2026-02-25T16:41:00,INC-023,payment-api,23.84,48.49,48.17,227.7,0.150,37.41,267.2
2026-02-25T16:41:00,INC-023,recommendation-service,36.11,55.82,180.55,82.5,0.255,14.39,
2026-02-25T16:42:00,INC-023,api-gateway,11.43,34.87,326.11,136.4,0.043,,162.2
2026-02-25T16:42:00,INC-023,database,18.48,60.36,1123.55,2.0,0.039,46.28,
2026-02-25T16:42:00,INC-023,inventory-service,18.58,36.59,123.51,25.4,0.066,30.61,63.0
2026-02-25T16:42:00,INC-023,orders-api,36.06,52.67,79.73,153.1,0.304,34.86,97.1
2026-02-25T16:42:00,INC-023,payment-api,25.45,48.53,47.17,210.1,0.153,37.16,255.9
2026-02-25T16:42:00,INC-023,recommendation-service,35.40,55.87,178.86,90.1,0.273,17.50,
2026-02-25T16:43:00,INC-023,api-gateway,12.06,34.87,314.83,127.9,0.201,,162.7
2026-02-25T16:43:00,INC-023,database,19.76,60.29,1166.55,1.9,0.030,48.72,
2026-02-25T16:43:00,INC-023,inventory-service,18.32,37.16,129.67,24.4,0.069,34.23,57.6
2026-02-25T16:43:00,INC-023,orders-api,37.81,52.72,81.19,167.2,0.484,34.10,78.1
2026-02-25T16:43:00,INC-023,payment-api,24.16,48.41,45.77,215.5,0.175,35.72,251.1
2026-02-25T16:43:00,INC-023,recommendation-service,33.16,55.69,181.84,93.7,0.431,17.39,
2026-02-25T16:44:00,INC-023,api-gateway,15.23,34.74,304.73,123.2,0.245,,148.2
2026-02-25T16:44:00,INC-023,database,18.37,60.68,1114.48,1.9,0.034,47.74,
2026-02-25T16:44:00,INC-023,inventory-service,18.64,37.35,124.95,21.6,0.077,33.39,60.3
2026-02-25T16:44:00,INC-023,orders-api,35.11,52.76,84.25,161.2,0.642,32.01,73.7
2026-02-25T16:44:00,INC-023,payment-api,25.38,48.50,44.65,228.3,0.170,34.34,273.3
2026-02-25T16:44:00,INC-023,recommendation-service,34.70,55.33,173.30,93.5,0.407,15.99,
2026-02-25T16:45:00,INC-023,api-gateway,14.64,34.97,298.93,128.9,0.153,,132.0
2026-02-25T16:45:00,INC-023,database,16.43,61.03,1099.51,1.9,0.042,48.03,
2026-02-25T16:45:00,INC-023,inventory-service,20.59,37.89,118.12,23.7,0.076,30.35,58.3
2026-02-25T16:45:00,INC-023,orders-api,36.10,52.24,79.18,150.5,0.467,33.44,77.4
2026-02-25T16:45:00,INC-023,payment-api,24.44,48.58,45.97,208.3,0.146,34.27,269.9
2026-02-25T16:45:00,INC-023,recommendation-service,34.64,55.38,179.57,94.5,0.390,15.64,
2026-02-25T16:46:00,INC-023,api-gateway,14.14,35.30,311.73,117.3,0.085,,136.1
2026-02-25T16:46:00,INC-023,database,17.24,61.10,1051.18,1.8,0.033,46.88,
2026-02-25T16:46:00,INC-023,inventory-service,20.72,38.46,116.58,22.8,0.091,31.10,59.0
2026-02-25T16:46:00,INC-023,orders-api,36.79,52.82,74.36,143.7,0.242,34.00,82.9
2026-02-25T16:46:00,INC-023,payment-api,22.93,48.10,45.28,216.5,0.165,36.11,230.9
2026-02-25T16:46:00,INC-023,recommendation-service,36.02,55.01,177.54,210.9,0.942,15.83,
2026-02-25T16:47:00,INC-023,api-gateway,16.68,35.43,303.47,138.3,0.159,,145.9
2026-02-25T16:47:00,INC-023,database,16.45,61.55,1062.66,1.9,0.010,46.70,
2026-02-25T16:47:00,INC-023,inventory-service,20.43,38.89,114.59,23.3,0.061,34.99,69.8
2026-02-25T16:47:00,INC-023,orders-api,37.72,52.48,72.64,154.8,0.316,34.57,91.9
2026-02-25T16:47:00,INC-023,payment-api,22.38,48.50,46.31,217.0,0.132,35.88,240.3
2026-02-25T16:47:00,INC-023,recommendation-service,37.87,54.82,173.43,97.5,0.365,15.71,
2026-02-25T16:48:00,INC-023,api-gateway,14.44,35.81,300.67,141.9,0.197,,144.5
2026-02-25T16:48:00,INC-023,database,17.23,61.63,1074.58,2.2,0.022,46.97,
2026-02-25T16:48:00,INC-023,inventory-service,20.13,38.88,113.45,25.2,0.063,34.63,68.6
2026-02-25T16:48:00,INC-023,orders-api,37.74,52.80,69.19,159.2,0.305,34.15,93.5
2026-02-25T16:48:00,INC-023,payment-api,23.62,48.45,48.42,209.8,0.072,37.31,252.7
2026-02-25T16:48:00,INC-023,recommendation-service,38.54,55.21,178.70,86.3,0.274,16.23,
2026-02-25T16:49:00,INC-023,api-gateway,15.86,35.89,330.25,130.7,0.163,,138.0
2026-02-25T16:49:00,INC-023,database,18.33,62.13,1137.66,2.4,0.037,44.78,
2026-02-25T16:49:00,INC-023,inventory-service,21.62,39.24,123.28,25.3,0.076,31.14,71.2
2026-02-25T16:49:00,INC-023,orders-api,36.19,52.64,74.78,151.2,0.520,33.60,90.3
2026-02-25T16:49:00,INC-023,payment-api,23.47,48.93,50.69,211.9,0.068,38.61,223.3
2026-02-25T16:49:00,INC-023,recommendation-service,37.07,55.04,185.97,90.1,0.233,14.98,
2026-02-25T16:50:00,INC-023,api-gateway,15.59,35.64,325.60,142.4,0.160,,152.3
2026-02-25T16:50:00,INC-023,database,17.93,61.98,1199.51,2.3,0.055,47.54,
2026-02-25T16:50:00,INC-023,inventory-service,21.64,39.82,122.14,25.2,0.089,29.86,67.2
2026-02-25T16:50:00,INC-023,orders-api,39.04,52.60,77.99,164.0,0.385,34.39,86.4
2026-02-25T16:50:00,INC-023,payment-api,23.38,48.73,51.61,195.1,0.053,39.85,202.6
2026-02-25T16:50:00,INC-023,recommendation-service,36.56,54.93,196.18,95.1,0.199,15.74,
2026-02-25T16:51:00,INC-023,api-gateway,15.84,35.37,336.73,132.5,0.212,,159.1
2026-02-25T16:51:00,INC-023,database,18.80,61.47,1142.58,2.3,0.045,46.04,
2026-02-25T16:51:00,INC-023,inventory-service,22.05,40.17,124.25,27.0,0.068,29.32,69.1
2026-02-25T16:51:00,INC-023,orders-api,39.46,53.43,77.75,159.0,0.276,34.50,85.4
2026-02-25T16:51:00,INC-023,payment-api,24.28,49.20,50.97,196.6,0.113,37.48,212.3
2026-02-25T16:51:00,INC-023,recommendation-service,37.02,55.11,199.23,94.0,0.206,15.35,
2026-02-25T16:52:00,INC-023,api-gateway,18.58,35.10,341.41,127.0,0.454,,154.7
2026-02-25T16:52:00,INC-023,database,18.33,61.72,1168.16,2.3,0.022,44.30,
2026-02-25T16:52:00,INC-023,inventory-service,21.46,27.83,127.93,26.7,0.729,30.39,65.2
2026-02-25T16:52:00,INC-023,orders-api,39.26,53.57,81.69,153.4,0.765,33.51,79.7
2026-02-25T16:52:00,INC-023,payment-api,25.26,49.41,49.79,184.0,0.110,38.21,227.9
2026-02-25T16:52:00,INC-023,recommendation-service,36.61,55.32,187.28,96.8,0.333,13.11,
2026-02-25T16:53:00,INC-023,api-gateway,18.31,35.66,332.09,134.0,0.438,,143.0
2026-02-25T16:53:00,INC-023,database,20.22,61.25,1182.89,2.2,0.023,45.94,
2026-02-25T16:53:00,INC-023,inventory-service,22.43,28.18,122.00,26.3,0.954,30.75,65.3
2026-02-25T16:53:00,INC-023,orders-api,39.67,53.22,85.65,163.3,1.165,33.63,89.6
2026-02-25T16:53:00,INC-023,payment-api,25.19,49.21,51.90,183.8,0.162,37.34,230.3
2026-02-25T16:53:00,INC-023,recommendation-service,34.42,56.21,187.39,95.9,0.429,14.84,
2026-02-25T16:54:00,INC-023,api-gateway,18.02,36.12,330.79,140.3,0.214,,151.1
2026-02-25T16:54:00,INC-023,database,19.59,61.64,1097.48,2.4,0.023,43.51,
2026-02-25T16:54:00,INC-023,inventory-service,21.95,27.89,122.95,24.3,0.072,31.05,63.9
2026-02-25T16:54:00,INC-023,orders-api,40.46,52.84,84.66,155.5,0.545,33.03,93.9
2026-02-25T16:54:00,INC-023,payment-api,23.08,49.34,55.41,182.0,0.137,36.61,230.9
2026-02-25T16:54:00,INC-023,recommendation-service,36.20,56.08,200.35,94.7,0.256,13.54,
2026-02-25T16:55:00,INC-023,api-gateway,18.40,36.38,326.78,131.3,0.161,,153.7
2026-02-25T16:55:00,INC-023,database,19.57,61.59,1040.75,2.4,0.026,46.93,
2026-02-25T16:55:00,INC-023,inventory-service,18.23,27.64,123.02,26.3,0.040,32.26,62.8
2026-02-25T16:55:00,INC-023,orders-api,40.33,53.13,81.26,140.6,0.387,33.50,97.8
2026-02-25T16:55:00,INC-023,payment-api,23.20,49.29,54.30,186.4,0.214,37.17,237.6
2026-02-25T16:55:00,INC-023,recommendation-service,37.01,55.69,188.87,97.7,0.196,12.83,
2026-02-25T16:56:00,INC-023,api-gateway,16.04,36.47,324.90,139.6,0.138,,149.3
2026-02-25T16:56:00,INC-023,database,18.98,60.99,1092.11,2.5,0.026,46.71,
2026-02-25T16:56:00,INC-023,inventory-service,19.85,27.33,128.07,25.9,0.078,32.90,57.9
2026-02-25T16:56:00,INC-023,orders-api,39.72,53.51,83.91,145.8,0.256,32.79,93.2
2026-02-25T16:56:00,INC-023,payment-api,23.52,50.14,57.44,203.4,0.104,34.54,238.0
2026-02-25T16:56:00,INC-023,recommendation-service,36.99,55.69,187.84,111.4,0.392,15.03,
2026-02-25T16:57:00,INC-023,api-gateway,17.09,36.12,331.67,143.4,0.157,,163.6
2026-02-25T16:57:00,INC-023,database,17.91,60.82,1076.83,2.6,0.009,45.32,
2026-02-25T16:57:00,INC-023,inventory-service,19.41,27.43,128.83,24.3,0.052,31.99,58.6
2026-02-25T16:57:00,INC-023,orders-api,40.11,53.18,79.43,140.3,0.191,31.04,91.4
2026-02-25T16:57:00,INC-023,payment-api,22.41,49.57,56.06,208.3,0.096,35.33,254.9
2026-02-25T16:57:00,INC-023,recommendation-service,37.19,55.89,193.77,103.2,0.503,15.35,
2026-02-25T16:58:00,INC-023,api-gateway,16.75,35.41,324.96,150.1,0.157,,165.8
2026-02-25T16:58:00,INC-023,database,19.97,60.55,1078.07,2.4,0.018,43.97,
2026-02-25T16:58:00,INC-023,inventory-service,19.41,27.69,137.21,26.7,0.083,31.59,56.7
2026-02-25T16:58:00,INC-023,orders-api,40.09,52.81,80.62,344.3,0.378,31.36,87.2
2026-02-25T16:58:00,INC-023,payment-api,25.03,48.97,54.18,210.8,0.130,34.22,235.1
2026-02-25T16:58:00,INC-023,recommendation-service,39.64,55.81,194.12,98.4,0.371,15.89,
2026-02-25T16:59:00,INC-023,api-gateway,15.58,35.08,333.23,129.7,0.153,,158.1
2026-02-25T16:59:00,INC-023,database,19.04,60.48,1075.38,2.6,0.036,45.87,
2026-02-25T16:59:00,INC-023,inventory-service,17.89,27.61,134.70,25.6,0.084,31.07,65.6
2026-02-25T16:59:00,INC-023,orders-api,38.44,52.95,80.53,162.9,0.158,30.42,95.1
2026-02-25T16:59:00,INC-023,payment-api,24.60,49.50,55.24,209.0,0.177,33.11,239.5
2026-02-25T16:59:00,INC-023,recommendation-service,38.25,55.22,189.04,112.5,0.337,16.39,
2026-02-25T17:00:00,INC-023,api-gateway,16.79,35.01,337.84,145.8,0.100,,150.4
2026-02-25T17:00:00,INC-023,database,20.31,60.42,1128.04,2.5,0.040,48.76,
2026-02-25T17:00:00,INC-023,inventory-service,18.23,27.96,127.93,29.6,0.058,32.43,65.5
2026-02-25T17:00:00,INC-023,orders-api,37.05,53.05,80.32,170.7,0.416,32.81,75.5
2026-02-25T17:00:00,INC-023,payment-api,26.40,49.22,56.65,211.3,0.178,34.20,238.3
2026-02-25T17:00:00,INC-023,recommendation-service,38.40,55.22,195.35,118.3,0.435,16.87,
2026-02-25T17:01:00,INC-023,api-gateway,16.02,35.29,327.75,147.9,0.069,,153.5
2026-02-25T17:01:00,INC-023,database,21.71,60.46,1161.70,2.9,0.031,46.60,
2026-02-25T17:01:00,INC-023,inventory-service,19.32,27.85,138.05,29.7,0.040,33.00,66.2
2026-02-25T17:01:00,INC-023,orders-api,37.37,53.00,80.86,175.6,0.287,33.66,75.0
2026-02-25T17:01:00,INC-023,payment-api,25.88,48.78,55.81,202.3,0.171,36.71,232.0
2026-02-25T17:01:00,INC-023,recommendation-service,37.86,55.52,205.26,115.4,0.517,16.83,
2026-02-25T17:02:00,INC-023,api-gateway,15.77,35.64,332.22,153.8,0.260,,145.1
2026-02-25T17:02:00,INC-023,database,20.98,60.50,1067.99,2.4,0.029,47.22,
2026-02-25T17:02:00,INC-023,inventory-service,18.18,28.32,132.20,27.2,0.033,32.99,65.3
2026-02-25T17:02:00,INC-023,orders-api,37.13,52.30,80.29,186.1,0.261,31.52,73.2
2026-02-25T17:02:00,INC-023,payment-api,25.44,48.61,54.93,570.9,0.332,36.94,227.2
2026-02-25T17:02:00,INC-023,recommendation-service,35.20,55.42,197.61,109.9,0.384,14.47,
2026-02-25T17:03:00,INC-023,api-gateway,15.21,35.34,317.37,147.3,0.340,,138.4
2026-02-25T17:03:00,INC-023,database,20.24,60.89,1123.23,2.4,0.019,44.53,
2026-02-25T17:03:00,INC-023,inventory-service,19.45,28.47,133.37,26.0,0.056,32.69,60.3
2026-02-25T17:03:00,INC-023,orders-api,37.49,52.62,85.22,178.3,0.277,32.02,68.1
2026-02-25T17:03:00,INC-023,payment-api,25.92,48.31,57.46,214.3,0.135,37.60,233.9
2026-02-25T17:03:00,INC-023,recommendation-service,35.45,55.92,202.03,114.6,0.429,16.53,
2026-02-25T17:04:00,INC-023,api-gateway,13.95,35.50,324.85,142.3,0.305,,152.2
2026-02-25T17:04:00,INC-023,database,17.92,61.27,1113.67,2.5,0.028,46.25,
2026-02-25T17:04:00,INC-023,inventory-service,18.61,28.43,131.34,24.8,0.079,30.75,64.2
2026-02-25T17:04:00,INC-023,orders-api,36.77,52.91,87.13,165.6,0.174,33.65,78.3
2026-02-25T17:04:00,INC-023,payment-api,24.31,48.31,57.18,207.0,0.133,36.94,243.4
2026-02-25T17:04:00,INC-023,recommendation-service,34.98,55.13,198.02,103.3,0.298,16.00,
2026-02-25T17:05:00,INC-023,api-gateway,13.27,35.87,337.58,126.4,0.314,,158.2
2026-02-25T17:05:00,INC-023,database,19.75,61.04,1158.62,2.5,0.045,46.88,
2026-02-25T17:05:00,INC-023,inventory-service,18.44,28.23,134.06,25.6,0.087,32.39,62.6
2026-02-25T17:05:00,INC-023,orders-api,36.75,52.94,88.36,181.4,0.408,33.53,82.0
2026-02-25T17:05:00,INC-023,payment-api,25.91,49.12,58.29,204.1,0.131,35.52,220.1
2026-02-25T17:05:00,INC-023,recommendation-service,35.85,55.74,197.25,104.6,0.362,14.24,
2026-02-25T17:06:00,INC-023,api-gateway,15.47,35.87,339.63,124.3,0.333,,151.4
2026-02-25T17:06:00,INC-023,database,19.99,60.62,1199.54,2.1,0.048,46.10,
2026-02-25T17:06:00,INC-023,inventory-service,17.30,28.24,132.29,24.9,0.086,33.37,63.9
2026-02-25T17:06:00,INC-023,orders-api,36.70,52.36,86.78,172.9,0.499,32.23,78.9
2026-02-25T17:06:00,INC-023,payment-api,26.97,49.29,56.15,207.2,0.185,37.89,212.5
2026-02-25T17:06:00,INC-023,recommendation-service,34.41,55.69,190.41,97.5,0.425,13.16,
2026-02-25T17:07:00,INC-023,api-gateway,15.31,35.41,324.62,128.4,0.192,,153.1
2026-02-25T17:07:00,INC-023,database,23.01,60.08,1242.38,1.9,0.038,47.62,
2026-02-25T17:07:00,INC-023,inventory-service,16.91,27.28,126.56,27.0,0.115,32.01,63.4
2026-02-25T17:07:00,INC-023,orders-api,36.74,52.15,88.77,178.7,0.605,34.13,78.3
2026-02-25T17:07:00,INC-023,payment-api,25.83,49.20,54.45,205.1,0.187,38.76,225.0
2026-02-25T17:07:00,INC-023,recommendation-service,35.00,55.32,194.09,101.4,0.307,14.30,
2026-02-25T17:08:00,INC-023,api-gateway,14.29,35.48,352.58,131.6,0.238,,159.3
2026-02-25T17:08:00,INC-023,database,22.84,60.22,1255.06,2.1,0.027,46.56,
2026-02-25T17:08:00,INC-023,inventory-service,18.93,27.17,124.74,27.7,0.131,34.60,65.1
2026-02-25T17:08:00,INC-023,orders-api,37.42,52.74,86.98,149.5,0.470,33.93,75.9
2026-02-25T17:08:00,INC-023,payment-api,26.01,48.15,52.80,210.0,0.182,37.99,214.9
2026-02-25T17:08:00,INC-023,recommendation-service,35.60,55.61,195.62,102.6,0.349,15.42,
2026-02-25T17:09:00,INC-023,api-gateway,15.88,35.82,338.64,137.5,0.185,,171.2
2026-02-25T17:09:00,INC-023,database,21.23,60.27,1250.15,2.1,0.031,45.78,
2026-02-25T17:09:00,INC-023,inventory-service,19.03,27.21,130.28,26.9,0.121,32.63,65.1
2026-02-25T17:09:00,INC-023,orders-api,37.45,52.91,91.52,171.1,0.407,36.37,68.3
2026-02-25T17:09:00,INC-023,payment-api,25.10,48.23,55.55,210.9,0.141,35.48,214.4
2026-02-25T17:09:00,INC-023,recommendation-service,35.80,55.31,195.69,107.5,0.346,16.44,
2026-02-25T17:10:00,INC-023,api-gateway,15.67,36.17,344.44,136.3,0.161,,176.5
2026-02-25T17:10:00,INC-023,database,22.14,60.53,1295.17,2.3,0.053,42.79,
2026-02-25T17:10:00,INC-023,inventory-service,19.21,28.10,138.60,28.6,0.130,32.29,70.4
2026-02-25T17:10:00,INC-023,orders-api,37.90,53.07,92.32,172.5,0.281,33.87,66.9
2026-02-25T17:10:00,INC-023,payment-api,25.82,48.34,56.41,230.1,0.103,34.99,205.1
2026-02-25T17:10:00,INC-023,recommendation-service,36.22,55.37,209.20,104.6,0.322,14.75,
2026-02-25T17:11:00,INC-023,api-gateway,17.00,36.34,354.18,134.0,0.201,,162.2
2026-02-25T17:11:00,INC-023,database,21.09,60.30,1287.62,2.2,0.050,43.89,
2026-02-25T17:11:00,INC-023,inventory-service,20.88,28.51,144.22,30.5,0.153,33.19,70.5
2026-02-25T17:11:00,INC-023,orders-api,39.24,52.64,86.35,169.6,0.204,33.17,66.4
2026-02-25T17:11:00,INC-023,payment-api,24.07,48.48,59.02,204.5,0.035,35.07,231.0
2026-02-25T17:11:00,INC-023,recommendation-service,34.62,55.69,219.07,103.2,0.492,14.94,
2026-02-25T17:12:00,INC-023,api-gateway,17.02,35.74,369.59,139.7,0.251,,156.7
2026-02-25T17:12:00,INC-023,database,22.84,60.47,1326.89,2.5,0.041,45.93,
2026-02-25T17:12:00,INC-023,inventory-service,20.89,28.42,146.40,30.3,0.158,29.66,70.2
2026-02-25T17:12:00,INC-023,orders-api,41.01,53.03,89.16,170.5,0.215,33.50,67.2
2026-02-25T17:12:00,INC-023,payment-api,25.22,48.69,59.90,209.7,0.092,37.19,211.7
2026-02-25T17:12:00,INC-023,recommendation-service,35.74,55.41,220.36,97.7,0.511,15.64,
2026-02-25T17:13:00,INC-023,api-gateway,17.51,35.54,391.41,147.4,0.207,,172.6
2026-02-25T17:13:00,INC-023,database,20.72,60.75,1317.86,2.4,0.032,46.32,
2026-02-25T17:13:00,INC-023,inventory-service,19.86,28.55,146.42,28.6,0.134,30.86,65.8
2026-02-25T17:13:00,INC-023,orders-api,42.28,52.41,90.14,172.2,0.085,31.69,69.6
2026-02-25T17:13:00,INC-023,payment-api,25.44,49.08,60.89,244.5,0.180,36.93,211.3
2026-02-25T17:13:00,INC-023,recommendation-service,35.98,55.49,218.29,114.4,0.402,17.08,
2026-02-25T17:14:00,INC-023,api-gateway,15.50,35.65,384.40,139.8,0.184,,165.3
2026-02-25T17:14:00,INC-023,database,19.54,60.30,1260.29,2.6,0.014,46.13,
2026-02-25T17:14:00,INC-023,inventory-service,20.70,28.39,144.34,27.0,0.094,31.60,67.0
2026-02-25T17:14:00,INC-023,orders-api,42.34,52.60,91.06,181.9,0.117,33.35,77.8
2026-02-25T17:14:00,INC-023,payment-api,25.44,48.78,58.08,211.1,0.182,38.95,181.4
2026-02-25T17:14:00,INC-023,recommendation-service,35.30,55.59,223.12,103.3,0.364,16.87,
2026-02-25T17:15:00,INC-023,api-gateway,14.89,35.81,386.90,128.1,0.195,,178.3
2026-02-25T17:15:00,INC-023,database,18.43,59.92,1288.05,2.6,0.014,44.07,
2026-02-25T17:15:00,INC-023,inventory-service,21.18,28.15,148.49,38.0,0.415,32.08,66.5
2026-02-25T17:15:00,INC-023,orders-api,42.31,52.53,91.09,163.1,0.192,31.60,80.9
2026-02-25T17:15:00,INC-023,payment-api,26.79,48.59,55.79,224.9,0.180,38.51,213.2
2026-02-25T17:15:00,INC-023,recommendation-service,34.19,55.42,230.70,101.7,0.363,19.15,
2026-02-25T17:16:00,INC-023,api-gateway,14.16,35.64,370.41,125.1,0.260,,159.3
2026-02-25T17:16:00,INC-023,database,19.39,60.88,1246.57,2.7,0.022,45.08,
2026-02-25T17:16:00,INC-023,inventory-service,21.65,27.93,150.52,24.3,0.067,36.31,67.6
2026-02-25T17:16:00,INC-023,orders-api,41.17,52.75,84.97,159.0,0.431,31.24,74.0
2026-02-25T17:16:00,INC-023,payment-api,26.13,48.91,55.27,227.4,0.111,37.38,230.4
2026-02-25T17:16:00,INC-023,recommendation-service,37.88,55.54,228.86,104.9,0.467,18.24,
2026-02-25T17:17:00,INC-023,api-gateway,13.82,35.73,386.71,142.6,0.295,,164.1
2026-02-25T17:17:00,INC-023,database,20.36,61.04,1266.15,2.7,0.032,45.43,
2026-02-25T17:17:00,INC-023,inventory-service,20.92,28.36,153.17,23.0,0.063,34.32,63.0
2026-02-25T17:17:00,INC-023,orders-api,41.85,52.20,87.12,159.2,0.444,31.58,74.9
2026-02-25T17:17:00,INC-023,payment-api,27.08,48.97,55.90,230.3,0.144,40.05,226.8
2026-02-25T17:17:00,INC-023,recommendation-service,37.08,55.62,218.47,99.4,0.281,18.46,
2026-02-25T17:18:00,INC-023,api-gateway,14.47,35.92,394.82,139.3,0.291,,170.7
2026-02-25T17:18:00,INC-023,database,20.79,61.08,1324.38,2.3,0.034,46.02,
2026-02-25T17:18:00,INC-023,inventory-service,20.93,28.31,152.29,24.4,0.068,32.62,62.7
2026-02-25T17:18:00,INC-023,orders-api,39.41,52.89,88.82,160.0,0.518,30.32,76.6
2026-02-25T17:18:00,INC-023,payment-api,29.33,48.96,57.22,227.8,0.135,38.90,236.5
2026-02-25T17:18:00,INC-023,recommendation-service,39.09,55.57,225.85,100.9,0.183,18.07,
2026-02-25T17:19:00,INC-023,api-gateway,14.75,35.80,383.54,156.0,0.278,,162.9
2026-02-25T17:19:00,INC-023,database,22.08,61.50,1357.19,2.2,0.038,46.56,
2026-02-25T17:19:00,INC-023,inventory-service,20.77,28.19,154.11,29.1,0.050,34.92,68.6
2026-02-25T17:19:00,INC-023,orders-api,38.51,52.76,87.46,169.7,0.579,32.33,85.6
2026-02-25T17:19:00,INC-023,payment-api,28.03,49.39,57.54,200.1,0.133,39.25,199.7
2026-02-25T17:19:00,INC-023,recommendation-service,39.04,55.75,225.96,93.3,0.067,19.57,
2026-02-25T17:20:00,INC-023,api-gateway,15.81,35.29,384.89,175.1,0.205,,151.9
2026-02-25T17:20:00,INC-023,database,19.91,61.86,1339.01,2.2,0.033,43.70,
2026-02-25T17:20:00,INC-023,inventory-service,19.51,28.27,147.08,28.4,0.098,32.32,65.4
2026-02-25T17:20:00,INC-023,orders-api,37.95,52.60,86.65,165.3,0.543,31.90,79.3
2026-02-25T17:20:00,INC-023,payment-api,27.97,48.86,58.40,185.0,0.135,37.29,228.8
2026-02-25T17:20:00,INC-023,recommendation-service,38.45,55.82,225.33,103.9,0.106,20.93,
2026-02-25T17:21:00,INC-023,api-gateway,16.34,35.29,385.66,169.9,0.227,,159.8
2026-02-25T17:21:00,INC-023,database,19.83,61.74,1286.10,2.3,0.035,43.06,
2026-02-25T17:21:00,INC-023,inventory-service,21.28,28.84,147.86,28.3,0.082,32.13,59.0
2026-02-25T17:21:00,INC-023,orders-api,37.03,52.72,90.33,172.0,0.368,30.46,84.5
2026-02-25T17:21:00,INC-023,payment-api,27.83,49.07,61.12,196.3,0.181,36.13,242.0
2026-02-25T17:21:00,INC-023,recommendation-service,37.57,56.06,234.72,101.9,0.344,19.15,
2026-02-25T17:22:00,INC-023,api-gateway,17.33,35.40,363.84,143.9,0.269,,153.5
2026-02-25T17:22:00,INC-023,database,21.20,61.44,1218.26,2.3,0.039,43.61,
2026-02-25T17:22:00,INC-023,inventory-service,21.56,28.96,144.08,24.8,0.101,32.23,64.6
2026-02-25T17:22:00,INC-023,orders-api,37.62,52.77,89.03,163.7,0.341,30.54,86.8
2026-02-25T17:22:00,INC-023,payment-api,27.81,48.70,61.94,208.5,0.157,39.31,246.1
2026-02-25T17:22:00,INC-023,recommendation-service,39.93,56.05,231.05,104.5,0.269,19.42,
2026-02-25T17:23:00,INC-023,api-gateway,17.39,36.32,362.35,152.6,0.239,,159.6
2026-02-25T17:23:00,INC-023,database,21.66,61.26,1214.10,2.1,0.044,42.93,
2026-02-25T17:23:00,INC-023,inventory-service,20.47,28.76,144.96,23.7,0.116,32.29,69.4
2026-02-25T17:23:00,INC-023,orders-api,37.98,52.61,93.93,175.2,0.145,32.82,97.7
2026-02-25T17:23:00,INC-023,payment-api,27.97,49.43,61.52,178.9,0.100,40.45,253.9
2026-02-25T17:23:00,INC-023,recommendation-service,37.90,55.79,236.22,92.1,0.259,17.01,
2026-02-25T17:24:00,INC-023,api-gateway,16.12,36.25,364.05,162.6,0.287,,163.2
2026-02-25T17:24:00,INC-023,database,20.17,60.37,1205.02,2.3,0.032,43.96,
2026-02-25T17:24:00,INC-023,inventory-service,19.55,28.82,134.23,24.6,0.083,34.30,73.3
2026-02-25T17:24:00,INC-023,orders-api,38.42,52.50,93.08,179.5,0.176,32.56,89.0
2026-02-25T17:24:00,INC-023,payment-api,26.73,49.32,58.59,191.5,0.061,39.51,263.3
2026-02-25T17:24:00,INC-023,recommendation-service,37.29,56.13,218.78,101.9,0.296,18.59,
