timestamp,incident_id,service,cpu_usage,memory_usage,request_rate,latency_ms,error_rate,db_connection_utilization,downstream_latency_ms
2026-01-27T10:40:00,INC-007,api-gateway,18.24,32.99,236.73,158.0,0.236,,144.8
2026-01-27T10:40:00,INC-007,database,24.98,69.19,1328.18,6.9,0.045,40.71,
2026-01-27T10:40:00,INC-007,inventory-service,13.51,43.80,155.60,32.5,0.340,22.62,58.9
2026-01-27T10:40:00,INC-007,orders-api,31.25,39.02,109.38,175.5,0.368,25.71,73.2
2026-01-27T10:40:00,INC-007,payment-api,22.87,45.36,61.17,195.1,0.114,18.51,169.0
2026-01-27T10:40:00,INC-007,recommendation-service,40.36,51.54,194.55,55.0,0.507,8.53,
2026-01-27T10:41:00,INC-007,api-gateway,17.44,32.78,238.98,161.7,0.299,,136.5
2026-01-27T10:41:00,INC-007,database,25.09,69.71,1356.29,7.0,0.031,41.74,
2026-01-27T10:41:00,INC-007,inventory-service,14.92,43.20,153.27,31.6,0.308,24.23,60.4
2026-01-27T10:41:00,INC-007,orders-api,31.09,38.76,112.77,187.2,0.476,27.79,74.5
2026-01-27T10:41:00,INC-007,payment-api,23.21,45.59,65.03,203.6,0.086,19.64,166.9
2026-01-27T10:41:00,INC-007,recommendation-service,41.43,51.68,199.20,58.3,0.585,7.49,
2026-01-27T10:42:00,INC-007,api-gateway,17.67,32.68,249.86,140.9,0.154,,140.2
2026-01-27T10:42:00,INC-007,database,24.14,69.07,1250.79,7.2,0.061,43.13,
2026-01-27T10:42:00,INC-007,inventory-service,14.04,43.10,148.57,28.5,0.269,22.71,59.1
2026-01-27T10:42:00,INC-007,orders-api,29.42,38.89,111.89,186.9,0.564,27.58,70.5
2026-01-27T10:42:00,INC-007,payment-api,22.86,45.74,63.54,185.1,0.113,21.88,165.9
2026-01-27T10:42:00,INC-007,recommendation-service,42.19,51.28,186.60,62.1,0.670,7.64,
2026-01-27T10:43:00,INC-007,api-gateway,18.47,32.22,254.99,152.0,0.286,,134.3
2026-01-27T10:43:00,INC-007,database,24.15,69.54,1299.66,7.3,0.088,40.38,
2026-01-27T10:43:00,INC-007,inventory-service,13.81,42.95,143.55,29.0,0.122,23.01,64.5
2026-01-27T10:43:00,INC-007,orders-api,28.96,39.31,116.37,172.3,0.637,27.45,73.1
2026-01-27T10:43:00,INC-007,payment-api,23.33,45.73,65.41,190.7,0.157,24.22,151.3
2026-01-27T10:43:00,INC-007,recommendation-service,42.54,51.42,178.62,59.1,0.657,8.86,
2026-01-27T10:44:00,INC-007,api-gateway,20.07,32.26,257.85,146.7,0.281,,147.5
2026-01-27T10:44:00,INC-007,database,23.46,69.10,1310.35,7.3,0.067,39.94,
2026-01-27T10:44:00,INC-007,inventory-service,14.28,43.29,146.91,25.7,0.254,21.65,69.5
2026-01-27T10:44:00,INC-007,orders-api,29.29,38.92,112.56,165.8,0.517,29.16,72.2
2026-01-27T10:44:00,INC-007,payment-api,23.19,45.84,64.18,190.6,0.154,24.64,151.8
2026-01-27T10:44:00,INC-007,recommendation-service,41.99,50.76,193.58,62.5,0.432,10.83,
2026-01-27T10:45:00,INC-007,api-gateway,19.58,33.03,257.79,144.9,0.282,,137.9
2026-01-27T10:45:00,INC-007,database,22.30,68.99,1350.12,10.7,0.518,39.94,
2026-01-27T10:45:00,INC-007,inventory-service,13.83,43.81,144.92,26.2,0.153,24.94,73.6
2026-01-27T10:45:00,INC-007,orders-api,29.69,38.39,116.20,171.4,0.626,27.22,68.8
2026-01-27T10:45:00,INC-007,payment-api,24.67,45.64,62.81,193.6,0.128,21.14,164.9
2026-01-27T10:45:00,INC-007,recommendation-service,40.53,50.89,197.64,58.2,0.595,9.62,
2026-01-27T10:46:00,INC-007,api-gateway,21.66,32.97,261.13,156.4,0.333,,141.0
2026-01-27T10:46:00,INC-007,database,22.58,68.72,1387.96,6.5,0.061,42.23,
2026-01-27T10:46:00,INC-007,inventory-service,14.34,43.66,156.22,27.7,0.093,26.41,74.5
2026-01-27T10:46:00,INC-007,orders-api,31.32,39.16,120.91,172.0,0.387,27.28,71.0
2026-01-27T10:46:00,INC-007,payment-api,23.86,46.04,67.66,203.6,0.109,20.32,149.3
2026-01-27T10:46:00,INC-007,recommendation-service,42.88,50.78,203.48,59.8,0.530,11.37,
2026-01-27T10:47:00,INC-007,api-gateway,19.29,32.76,274.03,169.7,0.388,,134.2
2026-01-27T10:47:00,INC-007,database,24.63,68.74,1468.55,6.8,0.051,43.45,
2026-01-27T10:47:00,INC-007,inventory-service,14.89,43.35,172.29,27.0,0.131,23.88,70.6
2026-01-27T10:47:00,INC-007,orders-api,32.55,38.69,116.10,184.0,0.276,25.84,79.7
2026-01-27T10:47:00,INC-007,payment-api,24.97,45.17,69.25,200.1,0.088,19.82,143.2
2026-01-27T10:47:00,INC-007,recommendation-service,43.24,51.47,195.74,59.7,0.576,9.80,
2026-01-27T10:48:00,INC-007,api-gateway,18.16,32.41,275.38,155.0,0.323,,134.2
2026-01-27T10:48:00,INC-007,database,22.49,68.77,1532.26,7.5,0.067,39.05,
2026-01-27T10:48:00,INC-007,inventory-service,15.56,44.48,168.13,27.4,0.225,23.56,80.8
2026-01-27T10:48:00,INC-007,orders-api,31.95,38.29,116.43,174.2,0.450,27.35,75.8
2026-01-27T10:48:00,INC-007,payment-api,27.20,45.14,67.41,180.1,0.108,21.34,155.5
2026-01-27T10:48:00,INC-007,recommendation-service,43.46,50.75,202.87,62.2,0.410,11.14,
2026-01-27T10:49:00,INC-007,api-gateway,16.68,32.78,273.32,174.5,0.258,,134.0
2026-01-27T10:49:00,INC-007,database,20.68,69.13,1545.07,7.1,0.085,40.57,
2026-01-27T10:49:00,INC-007,inventory-service,17.61,44.06,167.55,25.4,0.415,21.12,72.0
2026-01-27T10:49:00,INC-007,orders-api,33.73,38.64,117.46,159.5,0.334,23.89,77.1
2026-01-27T10:49:00,INC-007,payment-api,26.50,44.64,67.10,173.0,0.126,22.41,166.4
2026-01-27T10:49:00,INC-007,recommendation-service,42.89,50.94,195.35,68.9,0.204,14.16,
2026-01-27T10:50:00,INC-007,api-gateway,17.14,32.78,277.64,174.0,0.227,,151.4
2026-01-27T10:50:00,INC-007,database,19.57,68.90,1446.31,6.6,0.081,39.59,
2026-01-27T10:50:00,INC-007,inventory-service,17.56,44.35,165.50,27.6,0.408,22.44,64.0
2026-01-27T10:50:00,INC-007,orders-api,34.66,38.36,120.14,150.9,0.460,24.35,87.2
2026-01-27T10:50:00,INC-007,payment-api,26.48,44.52,69.27,173.4,0.111,21.88,173.8
2026-01-27T10:50:00,INC-007,recommendation-service,43.78,51.12,197.95,63.5,0.222,10.20,
2026-01-27T10:51:00,INC-007,api-gateway,16.57,32.76,274.01,176.3,0.070,,148.5
2026-01-27T10:51:00,INC-007,database,19.86,68.78,1462.60,6.3,0.056,41.00,
2026-01-27T10:51:00,INC-007,inventory-service,16.54,44.05,162.08,27.3,0.682,23.08,67.7
2026-01-27T10:51:00,INC-007,orders-api,34.72,38.50,120.14,154.1,0.606,23.75,79.4
2026-01-27T10:51:00,INC-007,payment-api,25.63,44.71,67.89,196.0,0.121,19.32,176.7
2026-01-27T10:51:00,INC-007,recommendation-service,44.51,51.33,202.61,61.5,0.194,12.69,
2026-01-27T10:52:00,INC-007,api-gateway,17.35,32.73,281.58,174.9,0.150,,134.8
2026-01-27T10:52:00,INC-007,database,20.11,68.84,1504.19,6.2,0.024,44.22,
2026-01-27T10:52:00,INC-007,inventory-service,17.29,44.07,168.94,26.5,0.458,21.66,68.9
2026-01-27T10:52:00,INC-007,orders-api,32.37,39.12,130.64,158.1,0.571,24.65,77.0
2026-01-27T10:52:00,INC-007,payment-api,26.46,44.59,68.52,179.9,0.114,20.65,157.2
2026-01-27T10:52:00,INC-007,recommendation-service,44.39,51.10,213.17,68.7,0.154,12.94,
2026-01-27T10:53:00,INC-007,api-gateway,20.87,33.18,274.06,177.3,0.114,,132.9
2026-01-27T10:53:00,INC-007,database,22.22,68.78,1551.98,6.5,0.027,43.95,
2026-01-27T10:53:00,INC-007,inventory-service,16.92,43.89,166.76,28.3,0.558,21.67,69.9
2026-01-27T10:53:00,INC-007,orders-api,31.66,39.37,129.18,152.7,0.446,27.39,78.0
2026-01-27T10:53:00,INC-007,payment-api,24.27,44.54,67.31,178.8,0.127,24.89,153.4
2026-01-27T10:53:00,INC-007,recommendation-service,43.63,50.69,212.91,63.4,0.233,9.95,
2026-01-27T10:54:00,INC-007,api-gateway,18.79,32.45,274.23,170.3,0.110,,125.1
2026-01-27T10:54:00,INC-007,database,25.24,68.99,1469.13,6.7,0.048,45.27,
2026-01-27T10:54:00,INC-007,inventory-service,16.85,44.06,160.45,30.1,0.616,18.78,77.9
2026-01-27T10:54:00,INC-007,orders-api,33.34,39.39,131.82,163.7,0.395,27.16,77.0
2026-01-27T10:54:00,INC-007,payment-api,22.05,45.03,69.68,202.2,0.096,25.28,158.9
2026-01-27T10:54:00,INC-007,recommendation-service,44.71,50.76,211.92,58.8,0.185,13.86,
2026-01-27T10:55:00,INC-007,api-gateway,18.52,31.87,275.84,173.0,0.201,,119.0
2026-01-27T10:55:00,INC-007,database,24.21,68.69,1515.18,7.0,0.045,43.28,
2026-01-27T10:55:00,INC-007,inventory-service,16.98,44.18,167.52,28.0,0.368,20.55,79.9
2026-01-27T10:55:00,INC-007,orders-api,33.26,39.58,125.94,192.6,0.251,28.14,70.7
2026-01-27T10:55:00,INC-007,payment-api,21.37,45.24,67.78,214.3,0.086,25.14,149.8
2026-01-27T10:55:00,INC-007,recommendation-service,45.32,50.75,192.87,60.4,0.132,13.45,
2026-01-27T10:56:00,INC-007,api-gateway,19.58,32.44,276.31,178.6,0.248,,150.1
2026-01-27T10:56:00,INC-007,database,24.80,68.59,1541.70,6.8,0.067,41.75,
2026-01-27T10:56:00,INC-007,inventory-service,16.93,44.17,167.70,31.5,0.350,19.97,72.9
2026-01-27T10:56:00,INC-007,orders-api,33.64,39.10,120.87,175.5,0.287,28.58,77.0
2026-01-27T10:56:00,INC-007,payment-api,20.56,45.25,62.66,222.4,0.065,23.49,162.9
2026-01-27T10:56:00,INC-007,recommendation-service,45.39,50.67,200.10,55.2,0.083,14.39,
2026-01-27T10:57:00,INC-007,api-gateway,16.88,32.04,289.71,175.3,0.223,,146.1
2026-01-27T10:57:00,INC-007,database,23.85,69.24,1505.32,7.1,0.084,42.88,
2026-01-27T10:57:00,INC-007,inventory-service,16.71,43.74,172.37,34.4,0.460,16.51,69.6
2026-01-27T10:57:00,INC-007,orders-api,34.52,39.45,124.91,172.3,0.396,27.91,76.6
2026-01-27T10:57:00,INC-007,payment-api,21.54,44.92,63.98,221.8,0.108,22.92,169.0
2026-01-27T10:57:00,INC-007,recommendation-service,43.81,50.45,203.20,60.8,0.277,14.74,
2026-01-27T10:58:00,INC-007,api-gateway,19.39,31.77,293.53,180.7,0.330,,147.7
2026-01-27T10:58:00,INC-007,database,21.23,69.73,1492.42,7.2,0.076,39.90,
2026-01-27T10:58:00,INC-007,inventory-service,15.40,43.87,178.47,32.3,0.375,17.85,71.0
2026-01-27T10:58:00,INC-007,orders-api,32.90,39.65,119.66,188.3,0.447,26.38,87.1
2026-01-27T10:58:00,INC-007,payment-api,22.22,44.90,66.62,199.8,0.099,22.45,156.5
2026-01-27T10:58:00,INC-007,recommendation-service,41.51,51.12,209.90,62.0,0.337,13.21,
2026-01-27T10:59:00,INC-007,api-gateway,18.80,32.09,284.05,191.5,0.208,,138.1
2026-01-27T10:59:00,INC-007,database,21.64,69.39,1429.03,6.9,0.087,37.82,
2026-01-27T10:59:00,INC-007,inventory-service,16.69,43.71,175.08,30.4,0.554,21.71,70.0
2026-01-27T10:59:00,INC-007,orders-api,29.59,39.54,123.81,163.7,0.264,27.20,85.2
2026-01-27T10:59:00,INC-007,payment-api,21.93,45.06,68.78,206.5,0.102,20.98,158.7
2026-01-27T10:59:00,INC-007,recommendation-service,41.90,51.01,215.45,59.6,0.380,13.23,
2026-01-27T11:00:00,INC-007,api-gateway,18.53,32.49,277.93,191.7,0.287,,163.5
2026-01-27T11:00:00,INC-007,database,23.35,69.05,1419.81,7.7,0.086,39.61,
2026-01-27T11:00:00,INC-007,inventory-service,15.16,43.26,167.32,31.1,0.593,19.99,70.4
2026-01-27T11:00:00,INC-007,orders-api,29.38,39.44,121.82,163.4,0.286,29.62,79.8
2026-01-27T11:00:00,INC-007,payment-api,22.08,45.36,65.54,231.4,0.069,21.14,164.4
2026-01-27T11:00:00,INC-007,recommendation-service,42.66,50.86,208.86,58.5,0.292,11.28,
2026-01-27T11:01:00,INC-007,api-gateway,18.05,32.21,282.11,175.9,0.282,,150.1
2026-01-27T11:01:00,INC-007,database,22.86,69.32,1525.71,6.4,0.045,41.99,
2026-01-27T11:01:00,INC-007,inventory-service,13.06,42.92,158.77,26.3,0.419,19.60,71.6
2026-01-27T11:01:00,INC-007,orders-api,29.37,39.31,120.32,162.4,0.302,29.10,77.7
2026-01-27T11:01:00,INC-007,payment-api,23.07,45.29,64.53,205.9,0.091,23.08,185.7
2026-01-27T11:01:00,INC-007,recommendation-service,42.01,51.17,213.98,58.4,0.610,11.34,
2026-01-27T11:02:00,INC-007,api-gateway,19.05,32.38,291.39,168.9,0.244,,131.8
2026-01-27T11:02:00,INC-007,database,22.84,70.17,1508.25,6.6,0.047,43.27,
2026-01-27T11:02:00,INC-007,inventory-service,15.40,42.87,159.40,25.4,0.231,21.61,77.3
2026-01-27T11:02:00,INC-007,orders-api,28.79,38.67,124.31,181.2,0.593,26.18,67.7
2026-01-27T11:02:00,INC-007,payment-api,23.00,45.83,65.75,201.9,0.093,24.17,177.3
2026-01-27T11:02:00,INC-007,recommendation-service,40.99,51.50,207.17,61.8,0.581,11.07,
2026-01-27T11:03:00,INC-007,api-gateway,19.41,32.35,284.63,160.9,0.281,,131.6
2026-01-27T11:03:00,INC-007,database,21.85,69.85,1509.99,7.0,0.045,42.49,
2026-01-27T11:03:00,INC-007,inventory-service,15.34,42.75,162.47,28.1,0.293,23.00,69.8
2026-01-27T11:03:00,INC-007,orders-api,29.58,38.86,127.40,176.0,0.569,27.59,65.0
2026-01-27T11:03:00,INC-007,payment-api,24.64,45.99,63.91,188.3,0.106,24.91,186.5
2026-01-27T11:03:00,INC-007,recommendation-service,41.69,52.10,208.81,122.5,0.826,12.02,
2026-01-27T11:04:00,INC-007,api-gateway,17.75,31.71,270.95,181.2,0.311,,144.3
2026-01-27T11:04:00,INC-007,database,19.60,70.07,1424.34,7.0,0.066,42.85,
2026-01-27T11:04:00,INC-007,inventory-service,13.69,43.82,152.06,31.1,0.435,20.76,66.5
2026-01-27T11:04:00,INC-007,orders-api,30.29,39.19,117.15,158.8,0.497,27.45,75.4
2026-01-27T11:04:00,INC-007,payment-api,25.86,45.36,65.15,186.2,0.073,24.96,171.2
2026-01-27T11:04:00,INC-007,recommendation-service,42.02,51.81,203.47,53.5,0.488,9.80,
2026-01-27T11:05:00,INC-007,api-gateway,18.35,31.45,270.24,179.4,0.287,,152.9
2026-01-27T11:05:00,INC-007,database,19.76,69.01,1397.67,6.6,0.103,44.81,
2026-01-27T11:05:00,INC-007,inventory-service,13.38,43.84,155.03,33.1,0.338,21.14,70.5
2026-01-27T11:05:00,INC-007,orders-api,30.87,39.67,116.25,150.0,0.259,29.12,73.8
2026-01-27T11:05:00,INC-007,payment-api,24.46,45.31,63.08,185.8,0.090,24.13,151.3
2026-01-27T11:05:00,INC-007,recommendation-service,42.50,51.59,194.44,54.1,0.367,12.22,
2026-01-27T11:06:00,INC-007,api-gateway,16.38,31.44,270.54,171.4,0.277,,141.3
2026-01-27T11:06:00,INC-007,database,20.75,69.00,1395.31,6.4,0.091,46.49,
2026-01-27T11:06:00,INC-007,inventory-service,13.59,43.55,160.30,32.6,0.351,19.33,62.5
2026-01-27T11:06:00,INC-007,orders-api,28.80,40.61,115.88,160.4,0.392,30.23,78.1
2026-01-27T11:06:00,INC-007,payment-api,26.10,45.22,62.81,189.8,0.092,23.11,143.2
2026-01-27T11:06:00,INC-007,recommendation-service,42.46,51.11,194.33,62.9,0.190,10.93,
2026-01-27T11:07:00,INC-007,api-gateway,16.96,31.25,267.17,184.5,0.200,,146.0
2026-01-27T11:07:00,INC-007,database,21.26,68.93,1352.28,6.7,0.064,45.45,
2026-01-27T11:07:00,INC-007,inventory-service,13.86,43.32,156.18,30.3,0.329,21.40,63.3
2026-01-27T11:07:00,INC-007,orders-api,30.49,40.30,120.74,169.0,0.308,29.67,77.2
2026-01-27T11:07:00,INC-007,payment-api,25.13,45.30,63.48,201.8,0.051,22.41,140.8
2026-01-27T11:07:00,INC-007,recommendation-service,41.73,50.80,195.95,63.3,0.132,8.87,
2026-01-27T11:08:00,INC-007,api-gateway,18.40,31.21,259.78,182.3,0.262,,150.9
2026-01-27T11:08:00,INC-007,database,23.35,69.18,1329.04,6.8,0.070,42.80,
2026-01-27T11:08:00,INC-007,inventory-service,14.39,43.93,150.18,33.0,0.458,21.53,62.2
2026-01-27T11:08:00,INC-007,orders-api,33.18,40.27,119.83,168.9,0.355,28.97,72.5
2026-01-27T11:08:00,INC-007,payment-api,25.30,45.26,57.48,204.0,0.015,21.31,148.5
2026-01-27T11:08:00,INC-007,recommendation-service,40.40,50.73,195.11,60.9,0.102,7.48,
2026-01-27T11:09:00,INC-007,api-gateway,17.66,31.93,261.40,186.8,0.155,,155.3
2026-01-27T11:09:00,INC-007,database,24.55,68.64,1406.43,7.1,0.055,40.54,
2026-01-27T11:09:00,INC-007,inventory-service,12.58,43.38,152.64,35.3,0.444,22.49,63.4
2026-01-27T11:09:00,INC-007,orders-api,34.39,39.35,121.99,166.9,0.225,28.99,67.3
2026-01-27T11:09:00,INC-007,payment-api,24.95,45.27,60.40,207.6,0.012,19.55,144.0
2026-01-27T11:09:00,INC-007,recommendation-service,40.87,51.44,211.47,62.4,0.163,9.33,
2026-01-27T11:10:00,INC-007,api-gateway,18.92,32.22,271.19,176.7,0.156,,157.6
2026-01-27T11:10:00,INC-007,database,22.77,68.57,1447.90,6.8,0.096,43.95,
2026-01-27T11:10:00,INC-007,inventory-service,13.47,43.35,154.73,31.8,0.533,23.80,69.7
2026-01-27T11:10:00,INC-007,orders-api,35.32,39.40,115.78,168.1,0.149,27.37,68.0
2026-01-27T11:10:00,INC-007,payment-api,25.59,44.62,56.93,225.9,0.025,20.09,169.2
2026-01-27T11:10:00,INC-007,recommendation-service,40.12,51.36,199.28,56.5,0.229,8.35,
2026-01-27T11:11:00,INC-007,api-gateway,19.09,31.16,251.78,185.8,0.149,,141.7
2026-01-27T11:11:00,INC-007,database,23.90,69.45,1332.51,6.9,0.095,41.07,
2026-01-27T11:11:00,INC-007,inventory-service,12.22,43.43,155.38,31.9,0.665,22.98,66.5
2026-01-27T11:11:00,INC-007,orders-api,37.06,39.11,111.83,159.1,0.271,27.65,66.9
2026-01-27T11:11:00,INC-007,payment-api,26.52,45.05,58.27,222.9,0.038,19.34,174.6
2026-01-27T11:11:00,INC-007,recommendation-service,40.29,51.47,198.10,59.3,0.088,8.69,
2026-01-27T11:12:00,INC-007,api-gateway,17.98,31.18,259.53,197.9,0.152,,137.7
2026-01-27T11:12:00,INC-007,database,21.76,69.45,1326.26,7.0,0.083,42.21,
2026-01-27T11:12:00,INC-007,inventory-service,14.13,43.23,149.51,28.8,0.578,19.25,63.3
2026-01-27T11:12:00,INC-007,orders-api,35.15,39.60,108.77,166.6,0.291,26.39,68.3
2026-01-27T11:12:00,INC-007,payment-api,26.17,45.44,59.71,349.8,0.251,19.82,179.1
2026-01-27T11:12:00,INC-007,recommendation-service,40.99,51.22,202.62,58.5,0.288,9.96,
2026-01-27T11:13:00,INC-007,api-gateway,18.98,31.37,245.81,195.6,0.155,,137.7
2026-01-27T11:13:00,INC-007,database,23.39,69.40,1364.94,7.0,0.085,45.28,
2026-01-27T11:13:00,INC-007,inventory-service,15.21,43.15,163.40,29.7,0.523,17.97,64.1
2026-01-27T11:13:00,INC-007,orders-api,35.49,39.13,111.58,180.5,0.349,27.36,62.8
2026-01-27T11:13:00,INC-007,payment-api,24.51,45.10,65.32,238.8,0.111,20.58,170.9
2026-01-27T11:13:00,INC-007,recommendation-service,41.99,51.12,212.56,57.0,0.436,9.11,
2026-01-27T11:14:00,INC-007,api-gateway,15.92,31.12,249.99,172.3,0.240,,138.0
2026-01-27T11:14:00,INC-007,database,22.71,69.21,1306.67,6.5,0.077,46.50,
2026-01-27T11:14:00,INC-007,inventory-service,12.35,43.66,164.29,28.8,0.430,18.55,63.4
2026-01-27T11:14:00,INC-007,orders-api,33.39,39.10,114.37,182.0,0.664,24.22,64.9
2026-01-27T11:14:00,INC-007,payment-api,23.62,45.26,66.58,230.4,0.106,21.97,173.9
2026-01-27T11:14:00,INC-007,recommendation-service,43.21,51.84,209.27,58.6,0.283,10.12,
2026-01-27T11:15:00,INC-007,api-gateway,16.26,31.16,270.18,175.0,0.115,,148.0
2026-01-27T11:15:00,INC-007,database,23.05,69.23,1196.79,6.6,0.075,45.98,
2026-01-27T11:15:00,INC-007,inventory-service,13.91,43.95,157.09,27.7,0.335,18.85,78.9
2026-01-27T11:15:00,INC-007,orders-api,32.44,38.87,115.16,161.8,0.709,26.44,67.3
2026-01-27T11:15:00,INC-007,payment-api,25.42,44.74,66.68,194.2,0.069,19.11,178.2
2026-01-27T11:15:00,INC-007,recommendation-service,42.01,51.00,197.15,56.1,0.367,11.10,
2026-01-27T11:16:00,INC-007,api-gateway,16.97,31.40,270.18,150.9,0.203,,129.9
2026-01-27T11:16:00,INC-007,database,23.17,69.03,1264.22,6.3,0.035,43.30,
2026-01-27T11:16:00,INC-007,inventory-service,16.01,42.88,154.93,26.7,0.372,16.84,78.9
2026-01-27T11:16:00,INC-007,orders-api,31.74,38.40,117.21,154.7,0.521,23.93,77.1
2026-01-27T11:16:00,INC-007,payment-api,26.15,44.85,65.57,191.9,0.092,20.73,180.3
2026-01-27T11:16:00,INC-007,recommendation-service,41.37,51.18,203.93,55.6,0.480,8.90,
2026-01-27T11:17:00,INC-007,api-gateway,16.27,31.63,270.82,146.4,0.168,,122.4
2026-01-27T11:17:00,INC-007,database,25.59,69.64,1260.56,6.6,0.073,43.33,
2026-01-27T11:17:00,INC-007,inventory-service,15.88,43.42,150.16,30.3,0.586,15.19,73.0
2026-01-27T11:17:00,INC-007,orders-api,31.56,39.03,111.71,142.3,0.623,24.62,63.2
2026-01-27T11:17:00,INC-007,payment-api,24.81,45.35,61.74,191.9,0.106,19.75,185.7
2026-01-27T11:17:00,INC-007,recommendation-service,41.27,51.71,196.34,51.1,0.502,8.90,
2026-01-27T11:18:00,INC-007,api-gateway,14.85,31.66,267.81,140.0,0.089,,139.4
2026-01-27T11:18:00,INC-007,database,23.92,70.25,1281.88,6.6,0.081,44.87,
2026-01-27T11:18:00,INC-007,inventory-service,16.49,43.66,150.31,33.1,0.450,17.39,71.0
2026-01-27T11:18:00,INC-007,orders-api,30.62,39.00,113.04,154.6,0.560,23.75,73.5
2026-01-27T11:18:00,INC-007,payment-api,23.34,45.10,63.56,206.3,0.065,20.90,198.7
2026-01-27T11:18:00,INC-007,recommendation-service,40.07,51.73,191.69,52.7,0.381,7.97,
2026-01-27T11:19:00,INC-007,api-gateway,14.61,32.16,256.47,145.5,0.136,,129.2
2026-01-27T11:19:00,INC-007,database,23.46,69.86,1312.91,6.2,0.098,43.47,
2026-01-27T11:19:00,INC-007,inventory-service,16.32,43.39,156.83,31.5,0.424,19.38,68.9
2026-01-27T11:19:00,INC-007,orders-api,31.81,38.54,119.29,151.6,0.574,25.69,76.0
2026-01-27T11:19:00,INC-007,payment-api,26.42,45.47,65.49,223.9,0.039,19.28,180.8
2026-01-27T11:19:00,INC-007,recommendation-service,38.89,51.87,186.83,56.8,0.377,7.72,
2026-01-27T11:20:00,INC-007,api-gateway,15.50,32.26,235.66,158.5,0.076,,124.1
2026-01-27T11:20:00,INC-007,database,22.89,69.93,1264.55,5.9,0.128,44.21,
2026-01-27T11:20:00,INC-007,inventory-service,16.29,43.23,153.64,30.5,0.354,21.29,71.2
2026-01-27T11:20:00,INC-007,orders-api,33.02,38.86,112.87,143.8,0.463,25.69,76.4
2026-01-27T11:20:00,INC-007,payment-api,25.71,44.93,65.43,212.2,0.052,21.17,170.3
2026-01-27T11:20:00,INC-007,recommendation-service,41.31,50.75,178.76,63.5,0.358,11.29,
2026-01-27T11:21:00,INC-007,api-gateway,17.24,32.62,235.85,160.4,0.194,,118.6
2026-01-27T11:21:00,INC-007,database,21.13,69.18,1244.27,5.9,0.104,43.89,
2026-01-27T11:21:00,INC-007,inventory-service,15.16,43.31,149.37,28.8,0.444,22.57,67.0
2026-01-27T11:21:00,INC-007,orders-api,32.01,38.48,110.17,170.0,0.330,24.04,82.3
2026-01-27T11:21:00,INC-007,payment-api,28.08,45.04,62.99,195.2,0.024,22.59,140.5
2026-01-27T11:21:00,INC-007,recommendation-service,41.43,50.92,188.80,60.3,0.382,10.24,
2026-01-27T11:22:00,INC-007,api-gateway,17.82,32.52,236.76,165.0,0.221,,124.6
2026-01-27T11:22:00,INC-007,database,22.44,68.73,1250.73,6.3,0.087,43.40,
2026-01-27T11:22:00,INC-007,inventory-service,14.77,43.25,141.22,31.0,0.503,23.31,72.9
2026-01-27T11:22:00,INC-007,orders-api,32.97,38.78,105.38,180.3,0.409,23.88,73.6
2026-01-27T11:22:00,INC-007,payment-api,27.03,44.96,58.52,187.9,0.015,21.56,128.7
2026-01-27T11:22:00,INC-007,recommendation-service,42.54,51.03,183.91,62.2,0.296,10.33,
2026-01-27T11:23:00,INC-007,api-gateway,18.57,32.58,226.48,173.6,0.193,,132.3
2026-01-27T11:23:00,INC-007,database,21.99,68.95,1226.99,6.2,0.094,42.13,
2026-01-27T11:23:00,INC-007,inventory-service,13.42,44.14,135.73,29.0,0.415,21.85,69.6
2026-01-27T11:23:00,INC-007,orders-api,32.61,39.43,102.37,189.9,0.304,22.61,80.0
2026-01-27T11:23:00,INC-007,payment-api,27.98,45.32,56.94,201.6,0.044,18.86,147.4
2026-01-27T11:23:00,INC-007,recommendation-service,43.01,51.21,183.27,62.5,0.276,10.31,
2026-01-27T11:24:00,INC-007,api-gateway,18.97,32.80,225.15,181.0,0.289,,136.2
2026-01-27T11:24:00,INC-007,database,19.96,69.56,1253.97,6.2,0.063,39.81,
2026-01-27T11:24:00,INC-007,inventory-service,13.42,44.02,137.87,27.5,0.266,21.83,64.7
2026-01-27T11:24:00,INC-007,orders-api,33.28,39.59,105.76,188.5,0.178,22.45,76.4
2026-01-27T11:24:00,INC-007,payment-api,24.84,44.96,56.45,216.4,0.037,21.91,160.9
2026-01-27T11:24:00,INC-007,recommendation-service,42.46,51.00,179.42,65.3,0.240,10.58,
2026-01-27T11:25:00,INC-007,api-gateway,19.15,32.90,231.54,180.4,0.282,,142.7
2026-01-27T11:25:00,INC-007,database,20.89,69.19,1283.97,6.5,0.065,41.70,
2026-01-27T11:25:00,INC-007,inventory-service,11.47,43.72,142.24,29.9,0.027,21.04,64.3
2026-01-27T11:25:00,INC-007,orders-api,33.38,39.28,100.87,166.6,0.133,26.15,73.4
2026-01-27T11:25:00,INC-007,payment-api,24.64,45.45,54.41,234.5,0.069,22.28,174.3
2026-01-27T11:25:00,INC-007,recommendation-service,40.10,51.14,179.00,64.3,0.158,13.97,
2026-01-27T11:26:00,INC-007,api-gateway,18.69,32.56,223.80,155.8,0.218,,129.3
2026-01-27T11:26:00,INC-007,database,21.34,69.56,1285.18,6.9,0.029,41.16,
2026-01-27T11:26:00,INC-007,inventory-service,14.32,44.01,141.30,28.5,0.074,24.58,66.2
2026-01-27T11:26:00,INC-007,orders-api,30.53,39.33,96.69,180.4,0.377,25.82,82.2
2026-01-27T11:26:00,INC-007,payment-api,24.13,45.57,54.04,209.9,0.048,20.84,169.1
2026-01-27T11:26:00,INC-007,recommendation-service,39.34,51.38,162.60,60.2,0.114,13.91,
2026-01-27T11:27:00,INC-007,api-gateway,19.24,32.85,226.54,147.6,0.338,,138.4
2026-01-27T11:27:00,INC-007,database,21.45,69.75,1346.24,7.9,0.012,42.89,
2026-01-27T11:27:00,INC-007,inventory-service,13.90,43.92,141.77,26.4,0.122,23.47,65.2
2026-01-27T11:27:00,INC-007,orders-api,30.36,39.11,101.06,183.3,0.460,23.92,84.6
2026-01-27T11:27:00,INC-007,payment-api,20.76,45.97,55.41,213.0,0.055,21.01,177.7
2026-01-27T11:27:00,INC-007,recommendation-service,40.30,51.41,170.99,64.8,0.141,11.20,
2026-01-27T11:28:00,INC-007,api-gateway,17.42,32.33,227.17,144.7,0.418,,144.0
2026-01-27T11:28:00,INC-007,database,21.67,70.20,1331.46,7.9,0.041,42.40,
2026-01-27T11:28:00,INC-007,inventory-service,12.92,43.43,137.02,24.1,0.171,23.18,63.8
2026-01-27T11:28:00,INC-007,orders-api,30.06,39.17,99.91,172.5,0.448,22.21,78.8
2026-01-27T11:28:00,INC-007,payment-api,19.98,45.81,56.80,205.3,0.063,19.89,158.0
2026-01-27T11:28:00,INC-007,recommendation-service,42.24,52.44,175.79,51.7,0.400,12.42,
2026-01-27T11:29:00,INC-007,api-gateway,17.46,32.72,223.08,140.6,0.421,,130.8
2026-01-27T11:29:00,INC-007,database,24.02,70.04,1291.82,7.7,0.028,42.04,
2026-01-27T11:29:00,INC-007,inventory-service,12.92,43.55,132.72,26.8,0.377,24.42,63.5
2026-01-27T11:29:00,INC-007,orders-api,30.66,38.78,99.34,164.3,0.469,22.74,81.5
2026-01-27T11:29:00,INC-007,payment-api,21.31,45.55,57.45,182.8,0.121,20.66,171.5
2026-01-27T11:29:00,INC-007,recommendation-service,40.15,51.91,180.53,47.6,0.276,12.52,
2026-01-27T11:30:00,INC-007,api-gateway,17.35,32.40,218.34,140.1,0.344,,127.4
2026-01-27T11:30:00,INC-007,database,22.43,69.89,1239.18,7.9,0.030,40.60,
2026-01-27T11:30:00,INC-007,inventory-service,12.80,43.15,132.92,28.0,0.362,25.32,65.7
2026-01-27T11:30:00,INC-007,orders-api,29.66,39.06,100.07,187.1,0.428,22.37,78.1
2026-01-27T11:30:00,INC-007,payment-api,21.12,46.07,57.30,167.9,0.156,21.60,168.7
2026-01-27T11:30:00,INC-007,recommendation-service,39.11,52.23,183.15,52.5,0.146,12.29,
2026-01-27T11:31:00,INC-007,api-gateway,18.50,31.98,227.81,148.4,0.353,,129.1
2026-01-27T11:31:00,INC-007,database,22.62,70.23,1227.03,7.5,0.081,40.49,
2026-01-27T11:31:00,INC-007,inventory-service,12.15,43.93,133.25,39.4,0.420,26.46,65.2
2026-01-27T11:31:00,INC-007,orders-api,31.26,39.25,101.26,196.5,0.421,21.98,80.9
2026-01-27T11:31:00,INC-007,payment-api,21.82,45.79,57.68,162.2,0.088,22.26,172.4
2026-01-27T11:31:00,INC-007,recommendation-service,39.27,51.50,177.56,54.6,0.218,12.17,
2026-01-27T11:32:00,INC-007,api-gateway,15.43,32.24,236.63,153.1,0.430,,124.6
2026-01-27T11:32:00,INC-007,database,23.74,69.65,1244.21,7.8,0.084,42.11,
2026-01-27T11:32:00,INC-007,inventory-service,13.10,43.65,131.54,40.1,0.632,26.78,60.1
2026-01-27T11:32:00,INC-007,orders-api,29.01,39.50,96.99,175.8,0.421,22.14,81.0
2026-01-27T11:32:00,INC-007,payment-api,21.50,46.28,55.17,180.9,0.056,20.48,147.9
2026-01-27T11:32:00,INC-007,recommendation-service,40.15,51.03,165.73,52.8,0.214,15.01,
2026-01-27T11:33:00,INC-007,api-gateway,15.89,31.80,224.82,164.2,0.250,,132.0
2026-01-27T11:33:00,INC-007,database,21.63,69.14,1126.92,7.5,0.078,42.14,
2026-01-27T11:33:00,INC-007,inventory-service,13.23,43.84,126.74,44.1,0.592,24.50,54.9
2026-01-27T11:33:00,INC-007,orders-api,29.88,39.63,99.05,170.1,0.550,23.22,83.7
2026-01-27T11:33:00,INC-007,payment-api,20.44,46.67,55.35,171.0,0.074,20.94,138.8
2026-01-27T11:33:00,INC-007,recommendation-service,41.50,50.83,168.53,51.5,0.259,13.23,
2026-01-27T11:34:00,INC-007,api-gateway,15.44,32.45,216.21,159.2,0.218,,127.9
2026-01-27T11:34:00,INC-007,database,21.17,68.72,1132.10,14.3,0.316,41.56,
2026-01-27T11:34:00,INC-007,inventory-service,14.15,43.38,131.45,32.7,0.331,23.04,55.9
2026-01-27T11:34:00,INC-007,orders-api,31.05,39.01,98.20,144.1,0.606,20.81,67.9
2026-01-27T11:34:00,INC-007,payment-api,20.84,46.14,53.91,149.1,0.079,22.06,153.7
2026-01-27T11:34:00,INC-007,recommendation-service,42.49,50.79,164.08,59.8,0.144,9.86,
2026-01-27T11:35:00,INC-007,api-gateway,15.03,31.76,234.22,145.3,0.237,,121.7
2026-01-27T11:35:00,INC-007,database,22.44,68.48,1207.72,6.5,0.087,42.15,
2026-01-27T11:35:00,INC-007,inventory-service,15.17,43.71,129.12,28.7,0.479,22.28,55.3
2026-01-27T11:35:00,INC-007,orders-api,30.60,38.57,102.40,158.7,0.375,22.17,70.0
2026-01-27T11:35:00,INC-007,payment-api,21.25,45.87,54.86,171.9,0.036,21.03,153.7
2026-01-27T11:35:00,INC-007,recommendation-service,40.06,50.91,164.49,60.6,0.307,7.53,
2026-01-27T11:36:00,INC-007,api-gateway,17.10,32.19,234.28,135.9,0.235,,140.5
2026-01-27T11:36:00,INC-007,database,22.34,69.18,1208.01,6.8,0.076,41.18,
2026-01-27T11:36:00,INC-007,inventory-service,15.58,43.74,131.18,31.2,0.522,21.99,58.9
2026-01-27T11:36:00,INC-007,orders-api,29.59,38.64,102.13,159.0,0.577,23.87,75.5
2026-01-27T11:36:00,INC-007,payment-api,22.21,45.43,55.88,195.0,0.061,22.57,142.3
2026-01-27T11:36:00,INC-007,recommendation-service,40.23,51.59,170.80,59.8,0.254,8.83,
2026-01-27T11:37:00,INC-007,api-gateway,17.44,31.83,228.29,132.1,0.095,,138.8
2026-01-27T11:37:00,INC-007,database,21.67,69.10,1252.73,6.4,0.063,42.22,
2026-01-27T11:37:00,INC-007,inventory-service,15.40,44.46,130.04,31.6,0.468,21.77,56.9
2026-01-27T11:37:00,INC-007,orders-api,29.79,38.69,99.78,156.4,0.734,23.12,72.3
2026-01-27T11:37:00,INC-007,payment-api,20.71,45.13,54.35,195.3,0.075,22.97,144.8
2026-01-27T11:37:00,INC-007,recommendation-service,39.38,51.49,164.33,61.7,0.312,9.77,
2026-01-27T11:38:00,INC-007,api-gateway,16.27,32.59,231.61,135.1,0.015,,137.2
2026-01-27T11:38:00,INC-007,database,22.04,69.28,1239.53,6.8,0.044,43.24,
2026-01-27T11:38:00,INC-007,inventory-service,15.81,44.55,129.59,27.9,0.425,22.32,66.2
2026-01-27T11:38:00,INC-007,orders-api,29.13,38.68,98.87,152.8,0.359,22.85,75.0
2026-01-27T11:38:00,INC-007,payment-api,21.35,45.39,56.77,198.3,0.060,23.09,140.8
2026-01-27T11:38:00,INC-007,recommendation-service,39.54,51.55,160.74,64.8,0.394,8.61,
2026-01-27T11:39:00,INC-007,api-gateway,14.36,32.41,225.49,147.2,0.094,,162.6
2026-01-27T11:39:00,INC-007,database,24.02,69.10,1240.67,6.7,0.030,43.21,
2026-01-27T11:39:00,INC-007,inventory-service,15.87,43.79,135.81,28.8,0.434,20.74,55.6
2026-01-27T11:39:00,INC-007,orders-api,30.08,38.65,97.60,161.2,0.341,23.04,86.5
2026-01-27T11:39:00,INC-007,payment-api,19.98,45.27,58.18,196.2,0.079,23.27,151.9
2026-01-27T11:39:00,INC-007,recommendation-service,38.62,52.13,166.42,58.6,0.473,10.00,
2026-01-27T11:40:00,INC-007,api-gateway,14.49,32.59,229.85,137.4,0.195,,157.1
2026-01-27T11:40:00,INC-007,database,23.51,68.89,1199.76,6.4,0.042,44.74,
2026-01-27T11:40:00,INC-007,inventory-service,14.24,43.92,134.72,29.1,0.348,20.29,58.4
2026-01-27T11:40:00,INC-007,orders-api,31.89,38.73,96.90,142.2,0.278,23.04,72.9
2026-01-27T11:40:00,INC-007,payment-api,21.87,45.94,58.43,175.9,0.059,22.46,157.5
2026-01-27T11:40:00,INC-007,recommendation-service,38.80,51.88,166.28,59.3,0.464,12.78,
2026-01-27T11:41:00,INC-007,api-gateway,16.88,32.56,230.79,147.7,0.209,,144.7
2026-01-27T11:41:00,INC-007,database,23.63,68.55,1156.21,6.4,0.040,43.04,
2026-01-27T11:41:00,INC-007,inventory-service,16.73,43.41,132.82,31.1,0.361,20.64,62.1
2026-01-27T11:41:00,INC-007,orders-api,31.29,38.50,95.60,139.5,0.266,24.65,71.9
2026-01-27T11:41:00,INC-007,payment-api,21.36,45.45,55.52,169.9,0.060,23.03,158.9
2026-01-27T11:41:00,INC-007,recommendation-service,39.42,51.83,170.01,56.1,0.356,12.09,
2026-01-27T11:42:00,INC-007,api-gateway,17.71,32.89,236.72,172.9,0.152,,138.6
2026-01-27T11:42:00,INC-007,database,22.51,69.04,1117.38,6.4,0.037,43.54,
2026-01-27T11:42:00,INC-007,inventory-service,15.00,43.14,137.94,29.7,0.142,21.17,58.8
2026-01-27T11:42:00,INC-007,orders-api,29.74,38.40,97.47,141.4,0.197,25.18,79.0
2026-01-27T11:42:00,INC-007,payment-api,20.13,45.19,56.37,181.2,0.018,21.16,163.5
2026-01-27T11:42:00,INC-007,recommendation-service,40.92,52.04,173.38,56.4,0.140,12.15,
2026-01-27T11:43:00,INC-007,api-gateway,16.86,33.18,231.25,167.6,0.088,,146.3
2026-01-27T11:43:00,INC-007,database,23.63,68.93,1135.27,7.1,0.066,44.44,
2026-01-27T11:43:00,INC-007,inventory-service,13.87,43.75,142.25,30.9,0.000,19.69,59.5
2026-01-27T11:43:00,INC-007,orders-api,28.84,38.80,94.76,134.6,0.434,25.04,71.9
2026-01-27T11:43:00,INC-007,payment-api,18.67,45.30,57.26,210.4,0.035,18.56,186.0
2026-01-27T11:43:00,INC-007,recommendation-service,40.02,52.65,174.65,57.1,0.118,10.84,
2026-01-27T11:44:00,INC-007,api-gateway,17.39,33.29,234.31,168.4,0.142,,131.8
2026-01-27T11:44:00,INC-007,database,22.52,69.27,1215.99,7.4,0.072,42.18,
2026-01-27T11:44:00,INC-007,inventory-service,14.90,43.36,137.19,33.1,0.000,22.42,68.2
2026-01-27T11:44:00,INC-007,orders-api,30.22,39.15,94.63,142.4,0.494,25.38,73.7
2026-01-27T11:44:00,INC-007,payment-api,20.60,44.86,58.25,203.9,0.061,20.03,218.2
2026-01-27T11:44:00,INC-007,recommendation-service,39.04,52.25,178.18,55.0,0.394,12.28,
2026-01-27T11:45:00,INC-007,api-gateway,18.81,32.73,238.40,174.1,0.169,,153.1
2026-01-27T11:45:00,INC-007,database,22.34,69.29,1269.29,7.0,0.099,42.95,
2026-01-27T11:45:00,INC-007,inventory-service,14.49,43.30,135.72,31.7,0.000,21.85,64.7
2026-01-27T11:45:00,INC-007,orders-api,34.94,39.20,92.81,150.0,0.380,24.94,73.8
2026-01-27T11:45:00,INC-007,payment-api,21.33,44.77,59.61,208.8,0.098,21.05,203.5
2026-01-27T11:45:00,INC-007,recommendation-service,39.20,52.17,178.78,60.4,0.521,13.63,
2026-01-27T11:46:00,INC-007,api-gateway,18.22,33.45,243.83,184.2,0.184,,130.2
2026-01-27T11:46:00,INC-007,database,22.13,68.24,1188.14,7.2,0.118,41.30,
2026-01-27T11:46:00,INC-007,inventory-service,15.11,43.43,141.05,33.0,0.000,23.74,57.4
2026-01-27T11:46:00,INC-007,orders-api,35.91,39.36,98.67,163.1,0.611,26.09,80.5
2026-01-27T11:46:00,INC-007,payment-api,21.42,45.06,57.54,193.1,0.077,21.08,176.7
2026-01-27T11:46:00,INC-007,recommendation-service,40.16,52.25,179.38,62.8,0.341,12.79,
2026-01-27T11:47:00,INC-007,api-gateway,18.19,33.33,247.61,175.3,0.280,,137.4
2026-01-27T11:47:00,INC-007,database,23.38,68.14,1136.85,7.2,0.120,42.54,
2026-01-27T11:47:00,INC-007,inventory-service,16.55,43.45,135.60,35.8,0.006,23.41,58.3
2026-01-27T11:47:00,INC-007,orders-api,34.92,38.75,98.45,165.8,0.589,25.00,78.4
2026-01-27T11:47:00,INC-007,payment-api,21.16,45.79,60.83,196.4,0.067,20.49,172.7
2026-01-27T11:47:00,INC-007,recommendation-service,41.92,51.92,186.26,62.2,0.477,12.99,
2026-01-27T11:48:00,INC-007,api-gateway,19.02,32.70,248.08,175.6,0.360,,136.1
2026-01-27T11:48:00,INC-007,database,23.95,68.31,1163.77,7.4,0.094,43.58,
2026-01-27T11:48:00,INC-007,inventory-service,16.56,43.48,137.95,48.0,0.468,22.86,69.3
2026-01-27T11:48:00,INC-007,orders-api,32.17,38.91,93.19,178.8,0.382,23.34,74.6
2026-01-27T11:48:00,INC-007,payment-api,23.40,45.73,61.38,185.6,0.062,21.81,166.2
2026-01-27T11:48:00,INC-007,recommendation-service,43.60,51.81,181.10,62.1,0.528,12.26,
2026-01-27T11:49:00,INC-007,api-gateway,18.52,32.25,234.01,188.9,0.283,,133.9
2026-01-27T11:49:00,INC-007,database,24.26,68.37,1211.44,7.6,0.080,43.19,
2026-01-27T11:49:00,INC-007,inventory-service,18.40,44.06,135.04,33.0,0.156,23.38,67.1
2026-01-27T11:49:00,INC-007,orders-api,33.56,39.18,90.67,179.1,0.350,23.21,74.0
2026-01-27T11:49:00,INC-007,payment-api,23.90,45.62,61.45,196.1,0.027,20.18,151.1
2026-01-27T11:49:00,INC-007,recommendation-service,41.73,51.44,178.61,61.9,0.508,15.84,
2026-01-27T11:50:00,INC-007,api-gateway,18.30,31.54,234.00,190.0,0.283,,135.8
2026-01-27T11:50:00,INC-007,database,22.79,68.85,1280.47,7.3,0.071,44.84,
2026-01-27T11:50:00,INC-007,inventory-service,17.78,43.62,139.14,32.2,0.102,24.00,67.6
2026-01-27T11:50:00,INC-007,orders-api,32.75,38.96,94.72,170.4,0.458,23.19,76.3
2026-01-27T11:50:00,INC-007,payment-api,24.59,45.40,61.39,185.0,0.073,18.94,172.8
2026-01-27T11:50:00,INC-007,recommendation-service,43.58,51.83,181.68,62.1,0.505,15.48,
2026-01-27T11:51:00,INC-007,api-gateway,17.37,31.75,237.74,184.2,0.267,,148.4
2026-01-27T11:51:00,INC-007,database,24.07,68.98,1263.63,7.0,0.105,45.45,
2026-01-27T11:51:00,INC-007,inventory-service,15.52,43.45,133.24,33.1,0.099,23.86,57.5
2026-01-27T11:51:00,INC-007,orders-api,30.45,39.04,93.53,174.9,0.488,25.41,72.5
2026-01-27T11:51:00,INC-007,payment-api,23.95,44.95,59.47,174.6,0.093,17.94,181.8
2026-01-27T11:51:00,INC-007,recommendation-service,41.46,52.17,185.36,65.5,0.511,13.65,
2026-01-27T11:52:00,INC-007,api-gateway,18.93,31.81,239.36,185.1,0.245,,136.7
2026-01-27T11:52:00,INC-007,database,23.85,69.49,1283.89,7.4,0.097,46.01,
2026-01-27T11:52:00,INC-007,inventory-service,14.70,43.13,142.82,31.2,0.269,21.98,65.2
2026-01-27T11:52:00,INC-007,orders-api,31.19,39.46,98.97,179.8,0.604,25.36,71.9
2026-01-27T11:52:00,INC-007,payment-api,25.06,44.94,60.91,187.3,0.081,16.36,159.8
2026-01-27T11:52:00,INC-007,recommendation-service,41.03,51.44,178.15,56.8,0.610,12.74,
2026-01-27T11:53:00,INC-007,api-gateway,17.33,32.33,236.13,194.1,0.180,,145.8
2026-01-27T11:53:00,INC-007,database,22.60,69.48,1298.82,6.9,0.051,45.31,
2026-01-27T11:53:00,INC-007,inventory-service,15.26,43.21,146.06,30.8,0.356,22.48,72.0
2026-01-27T11:53:00,INC-007,orders-api,32.38,39.11,104.76,170.4,0.415,25.03,76.7
2026-01-27T11:53:00,INC-007,payment-api,21.73,45.08,63.27,170.4,0.041,17.34,157.3
2026-01-27T11:53:00,INC-007,recommendation-service,43.23,51.43,187.98,59.2,0.500,17.19,
2026-01-27T11:54:00,INC-007,api-gateway,17.16,32.29,240.23,188.1,0.081,,138.0
2026-01-27T11:54:00,INC-007,database,23.61,69.57,1311.55,8.1,0.062,44.01,
2026-01-27T11:54:00,INC-007,inventory-service,14.70,43.60,144.49,32.0,0.315,22.78,69.9
2026-01-27T11:54:00,INC-007,orders-api,32.85,39.03,108.41,163.7,0.472,25.20,72.4
2026-01-27T11:54:00,INC-007,payment-api,22.58,45.01,60.70,181.1,0.064,16.19,164.0
2026-01-27T11:54:00,INC-007,recommendation-service,41.49,51.43,184.88,65.2,0.290,15.25,
2026-01-27T11:55:00,INC-007,api-gateway,17.37,32.25,250.79,178.6,0.037,,136.5
2026-01-27T11:55:00,INC-007,database,25.21,69.38,1331.38,7.2,0.063,43.37,
2026-01-27T11:55:00,INC-007,inventory-service,14.71,44.05,148.81,36.6,0.238,22.04,70.9
2026-01-27T11:55:00,INC-007,orders-api,32.35,38.83,103.86,156.1,0.675,23.13,74.1
2026-01-27T11:55:00,INC-007,payment-api,21.81,44.45,61.58,183.3,0.050,18.14,151.1
2026-01-27T11:55:00,INC-007,recommendation-service,42.06,51.06,188.71,67.3,0.427,14.42,
2026-01-27T11:56:00,INC-007,api-gateway,18.38,32.70,246.52,176.4,0.110,,134.1
2026-01-27T11:56:00,INC-007,database,24.91,69.02,1423.47,6.9,0.092,42.07,
2026-01-27T11:56:00,INC-007,inventory-service,16.40,44.39,149.24,36.5,0.189,22.31,61.3
2026-01-27T11:56:00,INC-007,orders-api,31.95,38.83,111.66,171.3,0.837,22.65,74.8
2026-01-27T11:56:00,INC-007,payment-api,21.53,45.00,66.17,198.3,0.026,19.06,147.2
2026-01-27T11:56:00,INC-007,recommendation-service,41.39,51.53,203.38,59.3,0.532,13.30,
2026-01-27T11:57:00,INC-007,api-gateway,18.67,32.66,247.24,154.1,0.097,,131.7
2026-01-27T11:57:00,INC-007,database,24.26,68.77,1384.66,7.2,0.072,40.80,
2026-01-27T11:57:00,INC-007,inventory-service,17.61,44.35,146.22,31.8,0.379,22.42,61.5
2026-01-27T11:57:00,INC-007,orders-api,33.36,38.48,107.63,181.2,0.833,23.80,77.5
2026-01-27T11:57:00,INC-007,payment-api,19.99,45.19,64.43,183.1,0.031,20.50,151.2
2026-01-27T11:57:00,INC-007,recommendation-service,39.79,51.30,192.51,57.7,0.531,12.83,
2026-01-27T11:58:00,INC-007,api-gateway,18.97,32.67,245.51,155.9,0.163,,126.3
2026-01-27T11:58:00,INC-007,database,23.08,69.28,1390.50,7.0,0.061,39.45,
2026-01-27T11:58:00,INC-007,inventory-service,18.03,43.84,139.16,33.1,0.393,21.65,57.8
2026-01-27T11:58:00,INC-007,orders-api,33.08,38.91,105.25,180.2,0.725,25.22,79.7
2026-01-27T11:58:00,INC-007,payment-api,20.41,45.39,65.76,163.9,0.006,19.19,140.7
2026-01-27T11:58:00,INC-007,recommendation-service,40.55,51.79,191.11,57.5,0.523,13.20,
2026-01-27T11:59:00,INC-007,api-gateway,20.22,32.82,255.94,158.9,0.170,,127.1
2026-01-27T11:59:00,INC-007,database,22.18,68.86,1421.28,7.1,0.099,40.53,
2026-01-27T11:59:00,INC-007,inventory-service,17.46,44.38,146.49,33.1,0.303,19.46,60.3
2026-01-27T11:59:00,INC-007,orders-api,32.50,39.01,110.52,188.8,0.637,23.04,76.3
2026-01-27T11:59:00,INC-007,payment-api,22.66,45.69,67.00,162.2,0.008,18.75,143.0
2026-01-27T11:59:00,INC-007,recommendation-service,39.33,51.46,201.47,56.1,0.443,11.26,
2026-01-27T12:00:00,INC-007,api-gateway,17.53,32.59,255.34,159.0,0.226,,133.3
2026-01-27T12:00:00,INC-007,database,23.64,68.77,1428.72,7.6,0.088,40.83,
2026-01-27T12:00:00,INC-007,inventory-service,16.23,43.49,144.78,30.4,0.279,20.64,61.8
2026-01-27T12:00:00,INC-007,orders-api,29.39,39.34,110.44,177.8,0.473,25.51,80.7
2026-01-27T12:00:00,INC-007,payment-api,22.82,45.18,64.07,168.6,0.000,21.04,142.2
2026-01-27T12:00:00,INC-007,recommendation-service,41.74,51.93,204.93,55.0,0.383,11.82,
2026-01-27T12:01:00,INC-007,api-gateway,17.13,32.88,265.02,159.4,0.167,,130.7
2026-01-27T12:01:00,INC-007,database,22.59,68.44,1390.59,7.4,0.064,40.56,
2026-01-27T12:01:00,INC-007,inventory-service,16.56,43.48,155.11,31.4,0.300,22.07,65.3
2026-01-27T12:01:00,INC-007,orders-api,30.21,39.20,116.97,162.9,0.541,23.21,80.2
2026-01-27T12:01:00,INC-007,payment-api,22.38,45.10,64.08,161.1,0.023,21.83,142.5
2026-01-27T12:01:00,INC-007,recommendation-service,41.60,51.98,206.41,56.0,0.185,10.33,
2026-01-27T12:02:00,INC-007,api-gateway,19.92,32.74,273.22,161.8,0.166,,141.2
2026-01-27T12:02:00,INC-007,database,22.99,68.16,1407.80,7.3,0.073,40.81,
2026-01-27T12:02:00,INC-007,inventory-service,15.65,43.08,160.75,32.6,0.464,20.92,58.5
2026-01-27T12:02:00,INC-007,orders-api,31.31,39.68,119.56,167.9,0.547,24.89,80.5
2026-01-27T12:02:00,INC-007,payment-api,23.90,45.02,65.82,167.5,0.031,20.16,150.3
2026-01-27T12:02:00,INC-007,recommendation-service,40.81,52.00,210.38,58.7,0.193,9.15,
2026-01-27T12:03:00,INC-007,api-gateway,18.28,32.70,274.97,158.5,0.233,,158.0
2026-01-27T12:03:00,INC-007,database,21.36,68.27,1384.75,7.4,0.046,44.25,
2026-01-27T12:03:00,INC-007,inventory-service,15.53,43.90,151.27,31.6,0.285,23.01,57.1
2026-01-27T12:03:00,INC-007,orders-api,31.74,39.21,117.34,177.9,0.591,25.38,86.6
2026-01-27T12:03:00,INC-007,payment-api,22.86,45.48,65.84,178.8,0.029,18.62,159.7
2026-01-27T12:03:00,INC-007,recommendation-service,42.30,51.61,208.35,59.0,0.186,8.91,
2026-01-27T12:04:00,INC-007,api-gateway,17.71,32.10,293.23,169.0,0.160,,144.5
2026-01-27T12:04:00,INC-007,database,20.04,69.42,1408.58,7.0,0.066,43.46,
2026-01-27T12:04:00,INC-007,inventory-service,16.11,43.61,163.84,32.4,0.189,23.65,57.7
2026-01-27T12:04:00,INC-007,orders-api,29.93,38.99,121.54,183.2,0.487,25.23,85.8
2026-01-27T12:04:00,INC-007,payment-api,22.17,45.71,65.72,189.1,0.037,19.65,149.2
2026-01-27T12:04:00,INC-007,recommendation-service,38.80,51.44,200.29,56.6,0.126,9.33,
2026-01-27T12:05:00,INC-007,api-gateway,18.50,32.63,289.34,168.3,0.243,,126.2
2026-01-27T12:05:00,INC-007,database,20.71,69.29,1306.12,7.2,0.035,42.96,
2026-01-27T12:05:00,INC-007,inventory-service,15.95,43.07,166.39,32.4,0.343,20.83,54.3
2026-01-27T12:05:00,INC-007,orders-api,32.10,38.90,127.95,184.2,0.583,28.14,77.7
2026-01-27T12:05:00,INC-007,payment-api,22.14,45.20,64.90,184.0,0.063,22.53,153.2
2026-01-27T12:05:00,INC-007,recommendation-service,36.81,50.96,207.27,54.4,0.113,11.10,
2026-01-27T12:06:00,INC-007,api-gateway,18.64,32.07,287.90,168.4,0.240,,114.8
2026-01-27T12:06:00,INC-007,database,20.28,69.80,1429.31,7.8,0.021,44.26,
2026-01-27T12:06:00,INC-007,inventory-service,16.11,43.33,160.84,29.7,0.205,23.11,55.1
2026-01-27T12:06:00,INC-007,orders-api,30.45,39.05,125.10,186.2,0.694,27.75,83.7
2026-01-27T12:06:00,INC-007,payment-api,22.54,45.39,67.92,188.1,0.079,19.96,140.7
2026-01-27T12:06:00,INC-007,recommendation-service,38.11,51.14,214.35,49.7,0.199,11.17,
2026-01-27T12:07:00,INC-007,api-gateway,16.16,31.83,281.18,159.2,0.167,,119.4
2026-01-27T12:07:00,INC-007,database,20.43,69.74,1423.09,7.9,0.052,42.98,
2026-01-27T12:07:00,INC-007,inventory-service,17.33,43.88,160.46,30.3,0.329,22.78,48.4
2026-01-27T12:07:00,INC-007,orders-api,33.08,38.47,120.03,168.0,0.497,27.91,77.2
2026-01-27T12:07:00,INC-007,payment-api,21.69,45.36,68.00,160.4,0.059,20.88,146.0
2026-01-27T12:07:00,INC-007,recommendation-service,41.30,51.32,213.29,56.7,0.498,8.56,
2026-01-27T12:08:00,INC-007,api-gateway,16.05,32.03,287.95,156.0,0.252,,132.6
2026-01-27T12:08:00,INC-007,database,21.27,69.78,1466.12,8.3,0.063,43.60,
2026-01-27T12:08:00,INC-007,inventory-service,16.21,43.66,154.87,33.1,0.351,21.77,51.8
2026-01-27T12:08:00,INC-007,orders-api,33.50,38.75,119.57,168.8,0.595,28.52,78.8
2026-01-27T12:08:00,INC-007,payment-api,21.88,44.74,66.86,176.5,0.086,19.94,149.5
2026-01-27T12:08:00,INC-007,recommendation-service,39.83,50.68,209.48,59.3,0.546,9.76,
2026-01-27T12:09:00,INC-007,api-gateway,16.45,31.90,278.57,161.9,0.221,,139.1
2026-01-27T12:09:00,INC-007,database,22.36,68.84,1475.72,8.3,0.033,42.12,
2026-01-27T12:09:00,INC-007,inventory-service,15.48,43.70,162.14,35.1,0.200,24.58,50.2
2026-01-27T12:09:00,INC-007,orders-api,35.53,38.90,118.93,169.3,0.606,25.92,79.5
2026-01-27T12:09:00,INC-007,payment-api,24.34,44.10,65.46,200.2,0.113,21.55,159.8
2026-01-27T12:09:00,INC-007,recommendation-service,40.44,51.39,211.51,57.9,0.508,9.54,
2026-01-27T12:10:00,INC-007,api-gateway,17.17,32.02,276.22,168.0,0.261,,145.6
2026-01-27T12:10:00,INC-007,database,23.83,68.88,1456.99,8.7,0.040,41.55,
2026-01-27T12:10:00,INC-007,inventory-service,14.71,44.38,159.99,33.4,0.094,22.17,50.4
2026-01-27T12:10:00,INC-007,orders-api,35.35,38.78,122.45,166.9,0.225,25.25,89.4
2026-01-27T12:10:00,INC-007,payment-api,23.71,43.79,65.35,179.3,0.105,21.04,174.3
2026-01-27T12:10:00,INC-007,recommendation-service,41.81,51.04,211.82,61.0,0.359,8.66,
2026-01-27T12:11:00,INC-007,api-gateway,18.16,32.03,293.45,176.4,0.339,,145.5
2026-01-27T12:11:00,INC-007,database,25.90,68.72,1504.18,8.2,0.049,42.26,
2026-01-27T12:11:00,INC-007,inventory-service,16.59,44.11,158.58,29.7,0.000,20.22,52.1
2026-01-27T12:11:00,INC-007,orders-api,36.42,39.13,124.56,162.7,0.191,26.72,83.2
2026-01-27T12:11:00,INC-007,payment-api,21.14,43.77,65.13,189.5,0.083,21.80,162.3
2026-01-27T12:11:00,INC-007,recommendation-service,43.21,51.35,205.08,63.7,0.542,8.79,
2026-01-27T12:12:00,INC-007,api-gateway,18.93,31.67,287.87,180.9,0.246,,135.7
2026-01-27T12:12:00,INC-007,database,26.51,68.75,1458.22,7.3,0.078,43.97,
2026-01-27T12:12:00,INC-007,inventory-service,16.45,44.59,154.18,32.9,0.174,20.95,53.3
2026-01-27T12:12:00,INC-007,orders-api,35.01,39.49,122.36,163.8,0.172,26.84,76.5
2026-01-27T12:12:00,INC-007,payment-api,22.99,44.28,65.11,180.4,0.061,20.11,158.9
2026-01-27T12:12:00,INC-007,recommendation-service,41.94,51.58,199.39,69.1,0.521,11.05,
2026-01-27T12:13:00,INC-007,api-gateway,18.78,32.05,280.86,181.9,0.232,,144.6
2026-01-27T12:13:00,INC-007,database,25.70,68.99,1478.00,6.8,0.087,44.79,
2026-01-27T12:13:00,INC-007,inventory-service,15.70,44.39,160.09,30.8,0.355,23.55,57.2
2026-01-27T12:13:00,INC-007,orders-api,35.03,39.14,118.93,152.6,0.135,25.58,80.8
2026-01-27T12:13:00,INC-007,payment-api,22.08,44.16,65.00,195.4,0.070,20.44,163.4
2026-01-27T12:13:00,INC-007,recommendation-service,44.01,51.43,211.08,60.6,0.489,10.80,
2026-01-27T12:14:00,INC-007,api-gateway,16.83,32.14,280.33,165.3,0.198,,156.7
2026-01-27T12:14:00,INC-007,database,24.79,68.96,1429.04,6.9,0.085,44.47,
2026-01-27T12:14:00,INC-007,inventory-service,12.46,43.87,160.00,30.1,0.513,20.51,55.5
2026-01-27T12:14:00,INC-007,orders-api,34.41,38.97,123.32,168.1,0.328,24.14,71.0
2026-01-27T12:14:00,INC-007,payment-api,22.45,44.67,67.30,188.0,0.136,20.26,163.4
2026-01-27T12:14:00,INC-007,recommendation-service,45.17,51.51,216.46,60.5,0.450,11.54,
2026-01-27T12:15:00,INC-007,api-gateway,16.23,32.30,279.58,169.1,0.055,,168.7
2026-01-27T12:15:00,INC-007,database,26.42,68.84,1435.54,7.3,0.090,44.05,
2026-01-27T12:15:00,INC-007,inventory-service,12.69,44.01,153.03,31.3,0.667,21.44,61.8
2026-01-27T12:15:00,INC-007,orders-api,32.71,38.86,125.79,170.1,0.474,25.42,72.9
2026-01-27T12:15:00,INC-007,payment-api,20.98,45.13,66.90,163.3,0.091,22.93,150.4
2026-01-27T12:15:00,INC-007,recommendation-service,43.86,51.36,214.99,52.5,0.340,11.88,
2026-01-27T12:16:00,INC-007,api-gateway,18.63,32.47,290.49,166.5,0.105,,168.3
2026-01-27T12:16:00,INC-007,database,26.36,68.87,1452.69,7.9,0.051,45.38,
2026-01-27T12:16:00,INC-007,inventory-service,15.57,43.99,149.42,29.9,0.408,19.78,60.5
2026-01-27T12:16:00,INC-007,orders-api,32.93,39.02,122.95,182.6,0.493,23.19,81.1
2026-01-27T12:16:00,INC-007,payment-api,22.12,45.39,67.39,178.7,0.075,24.63,159.0
2026-01-27T12:16:00,INC-007,recommendation-service,44.51,51.35,209.47,53.9,0.319,12.34,
2026-01-27T12:17:00,INC-007,api-gateway,16.87,32.70,274.82,157.6,0.143,,160.3
2026-01-27T12:17:00,INC-007,database,25.94,69.09,1440.59,7.0,0.056,43.13,
2026-01-27T12:17:00,INC-007,inventory-service,12.31,44.57,144.97,31.5,0.196,21.25,61.0
2026-01-27T12:17:00,INC-007,orders-api,32.77,38.50,116.10,170.1,0.528,23.97,86.5
2026-01-27T12:17:00,INC-007,payment-api,21.59,45.45,63.87,172.1,0.065,24.14,170.4
2026-01-27T12:17:00,INC-007,recommendation-service,45.93,50.91,204.32,53.2,0.647,12.50,
2026-01-27T12:18:00,INC-007,api-gateway,15.37,32.77,261.42,154.9,0.144,,172.0
2026-01-27T12:18:00,INC-007,database,24.69,68.13,1455.62,7.5,0.099,43.57,
2026-01-27T12:18:00,INC-007,inventory-service,13.61,43.83,147.09,32.3,0.098,24.44,60.3
2026-01-27T12:18:00,INC-007,orders-api,32.10,38.90,114.62,177.0,0.334,22.54,81.4
2026-01-27T12:18:00,INC-007,payment-api,24.47,45.13,65.22,177.8,0.099,21.18,162.5
2026-01-27T12:18:00,INC-007,recommendation-service,42.55,50.72,207.20,56.6,0.736,10.77,
2026-01-27T12:19:00,INC-007,api-gateway,15.72,32.94,266.12,167.7,0.151,,153.7
2026-01-27T12:19:00,INC-007,database,24.40,68.45,1461.09,8.7,0.103,42.14,
2026-01-27T12:19:00,INC-007,inventory-service,12.48,44.01,147.38,33.2,0.041,22.48,67.7
2026-01-27T12:19:00,INC-007,orders-api,31.98,39.01,111.52,171.7,0.506,21.18,76.5
2026-01-27T12:19:00,INC-007,payment-api,24.17,45.36,65.17,205.0,0.101,18.91,161.4
2026-01-27T12:19:00,INC-007,recommendation-service,43.21,50.73,205.02,61.8,0.848,12.18,
2026-01-27T12:20:00,INC-007,api-gateway,17.39,33.15,252.99,160.7,0.212,,165.5
2026-01-27T12:20:00,INC-007,database,24.41,69.41,1407.36,8.4,0.086,40.93,
2026-01-27T12:20:00,INC-007,inventory-service,12.18,43.70,143.16,29.4,0.040,19.51,67.6
2026-01-27T12:20:00,INC-007,orders-api,31.07,39.66,113.79,184.3,0.492,21.52,70.3
2026-01-27T12:20:00,INC-007,payment-api,23.36,44.70,64.85,199.0,0.076,17.77,167.0
2026-01-27T12:20:00,INC-007,recommendation-service,41.47,51.42,194.47,58.7,0.843,11.05,
2026-01-27T12:21:00,INC-007,api-gateway,16.63,32.20,256.99,148.4,0.169,,171.6
2026-01-27T12:21:00,INC-007,database,26.35,70.34,1382.53,8.9,0.104,44.65,
2026-01-27T12:21:00,INC-007,inventory-service,14.21,44.19,141.11,29.1,0.294,19.57,62.0
2026-01-27T12:21:00,INC-007,orders-api,31.61,39.18,108.86,171.5,0.522,22.73,65.9
2026-01-27T12:21:00,INC-007,payment-api,23.21,45.06,68.23,174.6,0.080,21.10,165.8
2026-01-27T12:21:00,INC-007,recommendation-service,41.82,51.01,202.76,59.3,0.872,14.36,
2026-01-27T12:22:00,INC-007,api-gateway,18.06,32.16,266.10,165.5,0.138,,169.8
2026-01-27T12:22:00,INC-007,database,24.60,69.86,1428.50,8.2,0.107,42.09,
2026-01-27T12:22:00,INC-007,inventory-service,15.66,44.24,142.38,29.7,0.122,20.61,60.0
2026-01-27T12:22:00,INC-007,orders-api,32.74,38.64,113.01,152.3,0.600,22.97,64.9
2026-01-27T12:22:00,INC-007,payment-api,22.35,45.36,68.47,178.3,0.081,23.11,169.6
2026-01-27T12:22:00,INC-007,recommendation-service,41.36,51.72,206.35,63.0,0.429,14.24,
2026-01-27T12:23:00,INC-007,api-gateway,18.35,33.23,261.78,144.6,0.090,,171.5
2026-01-27T12:23:00,INC-007,database,23.99,70.14,1376.16,7.9,0.105,41.52,
2026-01-27T12:23:00,INC-007,inventory-service,14.79,43.85,146.69,34.7,0.341,22.28,61.9
2026-01-27T12:23:00,INC-007,orders-api,31.61,38.84,114.36,159.9,0.654,22.71,67.6
2026-01-27T12:23:00,INC-007,payment-api,21.56,44.66,66.48,194.2,0.083,21.63,164.0
2026-01-27T12:23:00,INC-007,recommendation-service,39.92,51.42,203.40,68.6,0.341,13.34,
2026-01-27T12:24:00,INC-007,api-gateway,17.49,33.22,260.96,148.0,0.151,,152.0
2026-01-27T12:24:00,INC-007,database,25.04,69.38,1249.14,7.5,0.088,42.60,
2026-01-27T12:24:00,INC-007,inventory-service,12.94,43.34,143.86,34.4,0.165,21.02,62.8
2026-01-27T12:24:00,INC-007,orders-api,33.54,38.51,110.09,160.8,0.571,23.21,72.9
2026-01-27T12:24:00,INC-007,payment-api,22.26,45.20,66.90,190.8,0.079,23.86,159.7
2026-01-27T12:24:00,INC-007,recommendation-service,39.63,51.33,194.81,72.1,0.372,9.00,
2026-01-27T12:25:00,INC-007,api-gateway,19.34,32.73,258.25,159.6,0.021,,155.5
2026-01-27T12:25:00,INC-007,database,24.02,69.08,1222.55,7.4,0.070,41.54,
2026-01-27T12:25:00,INC-007,inventory-service,15.61,43.34,143.74,33.3,0.274,20.63,62.2
2026-01-27T12:25:00,INC-007,orders-api,32.04,38.21,111.05,166.3,0.676,22.95,62.8
2026-01-27T12:25:00,INC-007,payment-api,23.48,45.35,64.54,174.6,0.062,24.94,151.0
2026-01-27T12:25:00,INC-007,recommendation-service,39.28,51.28,189.83,65.5,0.199,9.72,
2026-01-27T12:26:00,INC-007,api-gateway,21.13,32.64,250.18,159.0,0.065,,149.6
2026-01-27T12:26:00,INC-007,database,22.02,69.05,1213.75,7.3,0.073,42.82,
2026-01-27T12:26:00,INC-007,inventory-service,14.95,43.37,146.84,33.2,0.242,19.61,66.0
2026-01-27T12:26:00,INC-007,orders-api,30.43,38.20,112.66,171.7,0.629,23.80,62.0
2026-01-27T12:26:00,INC-007,payment-api,23.15,45.19,62.80,166.8,0.076,23.77,152.1
2026-01-27T12:26:00,INC-007,recommendation-service,39.07,51.98,185.02,63.4,0.306,8.64,
2026-01-27T12:27:00,INC-007,api-gateway,19.36,32.86,256.26,170.0,0.138,,139.0
2026-01-27T12:27:00,INC-007,database,22.93,69.31,1224.22,7.4,0.088,44.01,
2026-01-27T12:27:00,INC-007,inventory-service,13.47,44.20,140.28,36.0,0.191,23.11,63.1
2026-01-27T12:27:00,INC-007,orders-api,29.87,38.28,117.44,168.4,0.770,22.34,71.5
2026-01-27T12:27:00,INC-007,payment-api,21.48,45.26,62.01,169.3,0.068,22.90,153.5
2026-01-27T12:27:00,INC-007,recommendation-service,39.30,51.43,182.39,59.5,0.520,10.57,
2026-01-27T12:28:00,INC-007,api-gateway,18.42,33.01,274.30,163.4,0.242,,129.6
2026-01-27T12:28:00,INC-007,database,24.14,69.02,1340.85,8.1,0.076,45.63,
2026-01-27T12:28:00,INC-007,inventory-service,12.48,43.69,134.59,34.5,0.309,20.38,69.7
2026-01-27T12:28:00,INC-007,orders-api,30.35,39.06,123.07,163.8,0.707,23.56,79.6
2026-01-27T12:28:00,INC-007,payment-api,23.16,44.98,61.71,177.7,0.005,19.18,153.5
2026-01-27T12:28:00,INC-007,recommendation-service,40.33,51.15,183.07,57.3,0.652,11.41,
2026-01-27T12:29:00,INC-007,api-gateway,18.68,32.51,265.81,178.1,0.198,,137.4
2026-01-27T12:29:00,INC-007,database,23.36,69.35,1336.16,6.9,0.087,42.28,
2026-01-27T12:29:00,INC-007,inventory-service,13.87,43.87,135.19,33.0,0.153,19.81,73.5
2026-01-27T12:29:00,INC-007,orders-api,33.73,39.31,115.79,169.6,0.598,46.66,80.0
2026-01-27T12:29:00,INC-007,payment-api,25.69,45.28,66.53,182.0,0.059,20.02,159.9
2026-01-27T12:29:00,INC-007,recommendation-service,40.98,51.27,182.34,58.2,0.502,9.59,
2026-01-27T12:30:00,INC-007,api-gateway,16.10,33.45,262.20,274.8,0.186,,274.4
2026-01-27T12:30:00,INC-007,database,23.99,69.62,1381.74,6.7,0.111,36.09,
2026-01-27T12:30:00,INC-007,inventory-service,16.22,43.60,136.69,34.8,0.243,21.14,73.1
2026-01-27T12:30:00,INC-007,orders-api,39.36,39.71,104.05,355.6,0.358,86.15,78.9
2026-01-27T12:30:00,INC-007,payment-api,25.31,46.03,63.05,196.0,0.070,18.16,164.3
2026-01-27T12:30:00,INC-007,recommendation-service,39.40,51.89,177.73,54.8,0.425,5.45,
2026-01-27T12:31:00,INC-007,api-gateway,17.76,33.15,254.63,2820.3,2.170,,3662.4
2026-01-27T12:31:00,INC-007,database,22.31,69.43,1360.79,7.8,0.121,32.63,
2026-01-27T12:31:00,INC-007,inventory-service,16.63,43.91,149.05,34.9,0.432,24.27,67.1
2026-01-27T12:31:00,INC-007,orders-api,42.27,40.12,108.32,4529.3,2.397,100.00,74.5
2026-01-27T12:31:00,INC-007,payment-api,23.61,45.45,59.50,204.9,0.079,17.22,164.8
2026-01-27T12:31:00,INC-007,recommendation-service,39.04,52.22,173.55,58.8,0.512,7.87,
2026-01-27T12:32:00,INC-007,api-gateway,20.84,32.82,262.42,2474.5,1.367,,3201.7
2026-01-27T12:32:00,INC-007,database,24.81,69.52,1359.86,7.9,0.109,31.79,
2026-01-27T12:32:00,INC-007,inventory-service,17.82,43.85,150.57,31.7,0.561,24.86,69.6
2026-01-27T12:32:00,INC-007,orders-api,43.03,40.14,104.53,3969.9,2.363,98.40,79.4
2026-01-27T12:32:00,INC-007,payment-api,24.10,45.15,57.90,202.7,0.040,20.76,172.1
2026-01-27T12:32:00,INC-007,recommendation-service,40.33,52.48,175.01,62.2,0.560,9.68,
2026-01-27T12:33:00,INC-007,api-gateway,17.98,33.15,257.10,3081.5,2.635,,3983.9
2026-01-27T12:33:00,INC-007,database,22.48,69.62,1317.84,7.7,0.136,33.90,
2026-01-27T12:33:00,INC-007,inventory-service,16.87,43.85,148.47,30.0,0.263,24.74,66.3
2026-01-27T12:33:00,INC-007,orders-api,45.30,39.71,98.35,4940.4,2.356,99.66,75.0
2026-01-27T12:33:00,INC-007,payment-api,22.22,45.50,58.25,190.6,0.045,18.44,191.5
2026-01-27T12:33:00,INC-007,recommendation-service,40.37,52.77,186.94,62.3,0.478,9.35,
2026-01-27T12:34:00,INC-007,api-gateway,16.73,33.02,258.04,2613.2,1.591,,3345.4
2026-01-27T12:34:00,INC-007,database,23.78,69.42,1311.96,7.8,0.101,31.98,
2026-01-27T12:34:00,INC-007,inventory-service,16.46,43.76,148.71,28.3,0.658,25.99,65.8
2026-01-27T12:34:00,INC-007,orders-api,45.78,39.60,100.36,4160.1,1.772,99.31,74.0
2026-01-27T12:34:00,INC-007,payment-api,22.40,45.15,58.05,186.8,0.032,18.02,195.5
2026-01-27T12:34:00,INC-007,recommendation-service,38.47,52.69,181.17,68.8,0.365,10.59,
2026-01-27T12:35:00,INC-007,api-gateway,16.68,33.09,246.79,2619.6,1.752,,3372.2
2026-01-27T12:35:00,INC-007,database,23.61,69.40,1330.89,7.6,0.109,30.05,
2026-01-27T12:35:00,INC-007,inventory-service,17.13,42.75,146.46,31.5,0.633,24.16,61.2
2026-01-27T12:35:00,INC-007,orders-api,44.57,39.68,108.23,4182.2,2.165,100.00,75.3
2026-01-27T12:35:00,INC-007,payment-api,22.10,45.26,59.01,194.3,0.043,18.41,168.5
2026-01-27T12:35:00,INC-007,recommendation-service,38.73,52.67,184.78,67.2,0.387,9.61,
2026-01-27T12:36:00,INC-007,api-gateway,16.41,32.51,250.48,2257.4,1.060,,2896.0
2026-01-27T12:36:00,INC-007,database,23.73,69.82,1343.32,7.5,0.067,30.02,
2026-01-27T12:36:00,INC-007,inventory-service,15.83,42.98,138.47,34.0,0.521,24.84,62.2
2026-01-27T12:36:00,INC-007,orders-api,45.21,39.17,106.48,3586.9,2.222,98.90,78.0
2026-01-27T12:36:00,INC-007,payment-api,22.49,44.92,58.16,204.8,0.072,18.47,173.0
2026-01-27T12:36:00,INC-007,recommendation-service,39.24,51.91,186.28,62.7,0.251,8.11,
2026-01-27T12:37:00,INC-007,api-gateway,16.41,31.82,234.59,2380.2,1.347,,3070.7
2026-01-27T12:37:00,INC-007,database,24.19,69.26,1289.93,7.6,0.067,27.54,
2026-01-27T12:37:00,INC-007,inventory-service,15.40,43.40,136.82,30.7,0.546,23.82,64.0
2026-01-27T12:37:00,INC-007,orders-api,44.82,39.65,104.18,3775.9,2.164,99.48,78.6
2026-01-27T12:37:00,INC-007,payment-api,22.96,45.47,59.23,182.7,0.099,19.29,171.1
2026-01-27T12:37:00,INC-007,recommendation-service,40.26,52.18,184.31,65.0,0.332,7.09,
2026-01-27T12:38:00,INC-007,api-gateway,16.07,32.29,229.45,3086.9,3.034,,4057.3
2026-01-27T12:38:00,INC-007,database,24.98,68.95,1251.15,6.9,0.058,28.02,
2026-01-27T12:38:00,INC-007,inventory-service,14.09,42.92,135.03,30.8,0.563,22.50,61.7
2026-01-27T12:38:00,INC-007,orders-api,44.01,40.03,103.21,4971.3,2.937,100.00,76.5
2026-01-27T12:38:00,INC-007,payment-api,24.12,45.22,56.88,179.0,0.083,16.82,158.5
2026-01-27T12:38:00,INC-007,recommendation-service,40.22,52.12,186.43,64.0,0.417,8.09,
2026-01-27T12:39:00,INC-007,api-gateway,16.37,32.22,231.31,2631.9,1.990,,3452.7
2026-01-27T12:39:00,INC-007,database,25.50,68.65,1207.83,7.1,0.060,27.02,
2026-01-27T12:39:00,INC-007,inventory-service,14.27,42.82,133.36,29.4,0.696,21.38,58.3
2026-01-27T12:39:00,INC-007,orders-api,44.51,40.04,103.79,4228.4,2.489,99.28,84.8
2026-01-27T12:39:00,INC-007,payment-api,22.81,44.90,57.22,183.6,0.115,16.75,170.7
2026-01-27T12:39:00,INC-007,recommendation-service,41.11,52.46,188.14,58.7,0.373,9.21,
2026-01-27T12:40:00,INC-007,api-gateway,16.23,32.38,228.75,2835.8,2.404,,3703.9
2026-01-27T12:40:00,INC-007,database,23.76,68.95,1297.61,7.0,0.075,28.58,
2026-01-27T12:40:00,INC-007,inventory-service,14.56,42.71,130.54,26.9,0.879,19.81,61.0
2026-01-27T12:40:00,INC-007,orders-api,44.37,39.81,105.32,4541.0,2.626,100.00,76.5
2026-01-27T12:40:00,INC-007,payment-api,22.28,45.17,55.92,178.2,0.112,16.55,186.6
2026-01-27T12:40:00,INC-007,recommendation-service,42.66,51.74,178.30,64.7,0.618,8.75,
2026-01-27T12:41:00,INC-007,api-gateway,17.50,32.34,223.47,2396.8,1.373,,3101.8
2026-01-27T12:41:00,INC-007,database,23.68,69.33,1314.92,6.9,0.128,26.45,
2026-01-27T12:41:00,INC-007,inventory-service,12.38,43.11,130.91,27.2,0.567,18.96,58.6
2026-01-27T12:41:00,INC-007,orders-api,46.03,39.53,110.92,3797.1,2.026,98.63,78.1
2026-01-27T12:41:00,INC-007,payment-api,21.82,45.60,57.44,191.7,0.056,16.54,172.3
2026-01-27T12:41:00,INC-007,recommendation-service,44.26,51.89,170.83,57.0,0.503,7.63,
2026-01-27T12:42:00,INC-007,api-gateway,16.39,32.52,226.02,2937.4,2.387,,3853.2
2026-01-27T12:42:00,INC-007,database,24.75,69.08,1256.58,6.6,0.102,25.50,
2026-01-27T12:42:00,INC-007,inventory-service,15.79,43.02,131.13,26.1,0.640,19.89,55.9
2026-01-27T12:42:00,INC-007,orders-api,43.89,40.11,108.40,4727.4,2.248,100.00,73.3
2026-01-27T12:42:00,INC-007,payment-api,22.75,45.01,57.15,183.9,0.044,16.68,184.1
2026-01-27T12:42:00,INC-007,recommendation-service,41.04,51.68,170.67,55.4,0.316,8.15,
2026-01-27T12:43:00,INC-007,api-gateway,17.65,32.46,229.59,2886.9,2.278,,3756.5
2026-01-27T12:43:00,INC-007,database,24.32,69.20,1220.70,6.9,0.059,26.79,
2026-01-27T12:43:00,INC-007,inventory-service,16.51,43.07,126.46,27.5,0.572,20.66,54.3
2026-01-27T12:43:00,INC-007,orders-api,44.65,40.54,100.90,4645.7,2.202,98.93,76.8
2026-01-27T12:43:00,INC-007,payment-api,22.13,44.67,56.12,171.4,0.066,15.43,163.5
2026-01-27T12:43:00,INC-007,recommendation-service,41.05,51.31,168.80,57.5,0.362,9.29,
2026-01-27T12:44:00,INC-007,api-gateway,17.29,32.35,222.28,2833.5,2.234,,3697.4
2026-01-27T12:44:00,INC-007,database,23.24,69.52,1217.50,6.9,0.046,28.58,
2026-01-27T12:44:00,INC-007,inventory-service,15.69,43.54,129.65,29.8,0.513,18.55,59.4
2026-01-27T12:44:00,INC-007,orders-api,45.49,39.49,106.94,4551.2,2.244,98.93,72.9
2026-01-27T12:44:00,INC-007,payment-api,24.69,45.50,55.66,174.9,0.041,17.37,170.2
2026-01-27T12:44:00,INC-007,recommendation-service,39.44,51.13,168.00,63.0,0.382,8.38,
2026-01-27T12:45:00,INC-007,api-gateway,18.23,32.06,218.45,2352.9,1.101,,3063.1
2026-01-27T12:45:00,INC-007,database,21.43,69.44,1221.62,7.1,0.039,25.57,
2026-01-27T12:45:00,INC-007,inventory-service,13.59,43.79,134.90,32.8,0.574,19.48,70.3
2026-01-27T12:45:00,INC-007,orders-api,42.86,39.98,104.96,3779.5,2.221,98.73,69.1
2026-01-27T12:45:00,INC-007,payment-api,25.56,45.96,53.47,200.3,0.071,18.35,164.9
2026-01-27T12:45:00,INC-007,recommendation-service,38.60,51.10,170.11,65.3,0.272,9.68,
2026-01-27T12:46:00,INC-007,api-gateway,17.18,32.05,216.34,2766.3,2.233,,3638.0
2026-01-27T12:46:00,INC-007,database,23.12,69.78,1200.49,7.9,0.032,25.01,
2026-01-27T12:46:00,INC-007,inventory-service,12.33,43.46,130.70,35.4,0.690,20.49,70.6
2026-01-27T12:46:00,INC-007,orders-api,41.79,39.39,100.32,4473.0,2.893,99.24,74.6
2026-01-27T12:46:00,INC-007,payment-api,27.13,45.91,51.89,190.4,0.057,16.89,179.3
2026-01-27T12:46:00,INC-007,recommendation-service,40.68,51.70,171.45,59.4,0.311,10.13,
2026-01-27T12:47:00,INC-007,api-gateway,19.57,32.36,216.39,2412.2,1.450,,3168.3
2026-01-27T12:47:00,INC-007,database,20.13,69.82,1204.09,7.1,0.026,25.24,
2026-01-27T12:47:00,INC-007,inventory-service,15.55,43.04,147.21,32.5,0.442,26.53,63.7
2026-01-27T12:47:00,INC-007,orders-api,43.50,38.85,99.13,3892.5,2.760,99.93,76.8
2026-01-27T12:47:00,INC-007,payment-api,26.95,45.84,51.52,221.5,0.041,17.76,153.9
2026-01-27T12:47:00,INC-007,recommendation-service,39.97,51.17,173.63,59.1,0.298,11.45,
2026-01-27T12:48:00,INC-007,api-gateway,18.17,32.12,214.69,2681.6,1.937,,3526.9
2026-01-27T12:48:00,INC-007,database,21.82,69.52,1211.81,6.9,0.003,27.52,
2026-01-27T12:48:00,INC-007,inventory-service,21.11,43.61,164.23,31.7,0.531,36.47,61.3
2026-01-27T12:48:00,INC-007,orders-api,45.01,39.24,98.10,4334.3,2.371,98.44,84.8
2026-01-27T12:48:00,INC-007,payment-api,24.46,45.56,52.38,197.4,0.020,17.82,158.3
2026-01-27T12:48:00,INC-007,recommendation-service,38.15,50.87,171.15,64.9,0.492,9.53,
2026-01-27T12:49:00,INC-007,api-gateway,16.23,31.93,223.75,2835.8,2.295,,3725.4
2026-01-27T12:49:00,INC-007,database,21.72,69.73,1285.49,6.6,0.014,25.89,
2026-01-27T12:49:00,INC-007,inventory-service,13.27,43.76,131.39,32.9,0.392,21.51,58.6
2026-01-27T12:49:00,INC-007,orders-api,44.96,39.82,97.75,4577.2,2.724,99.06,79.5
2026-01-27T12:49:00,INC-007,payment-api,24.26,45.36,54.34,181.2,0.041,18.64,156.2
2026-01-27T12:49:00,INC-007,recommendation-service,39.18,51.27,173.20,57.8,0.504,11.13,
2026-01-27T12:50:00,INC-007,api-gateway,18.13,32.22,219.03,2763.7,2.051,,3607.7
2026-01-27T12:50:00,INC-007,database,21.92,69.18,1222.63,6.6,0.000,25.23,
2026-01-27T12:50:00,INC-007,inventory-service,13.49,43.24,134.61,57.7,0.576,17.71,62.2
2026-01-27T12:50:00,INC-007,orders-api,45.23,39.98,91.97,4439.5,2.383,99.79,77.1
2026-01-27T12:50:00,INC-007,payment-api,24.81,45.15,58.20,192.1,0.054,16.03,161.5
2026-01-27T12:50:00,INC-007,recommendation-service,40.33,52.11,167.33,52.3,0.531,12.83,
2026-01-27T12:51:00,INC-007,api-gateway,19.18,32.04,215.22,2744.1,1.816,,3597.6
2026-01-27T12:51:00,INC-007,database,23.49,68.91,1209.00,6.1,0.034,24.01,
2026-01-27T12:51:00,INC-007,inventory-service,14.41,43.84,135.81,29.3,0.478,15.86,64.0
2026-01-27T12:51:00,INC-007,orders-api,43.97,40.51,91.49,4415.9,1.804,98.80,95.5
2026-01-27T12:51:00,INC-007,payment-api,24.58,44.72,57.73,206.9,0.081,20.80,167.4
2026-01-27T12:51:00,INC-007,recommendation-service,40.95,51.55,162.62,51.6,0.492,10.34,
2026-01-27T12:52:00,INC-007,api-gateway,17.42,32.66,223.69,2847.8,2.117,,3744.5
2026-01-27T12:52:00,INC-007,database,21.24,69.12,1238.94,7.1,0.069,25.69,
2026-01-27T12:52:00,INC-007,inventory-service,11.93,43.49,134.64,30.6,0.496,16.28,61.8
2026-01-27T12:52:00,INC-007,orders-api,46.54,40.32,97.63,4602.8,2.266,98.79,92.6
2026-01-27T12:52:00,INC-007,payment-api,22.74,44.93,55.03,199.1,0.063,18.33,163.2
2026-01-27T12:52:00,INC-007,recommendation-service,40.24,52.01,165.87,52.6,0.394,11.13,
2026-01-27T12:53:00,INC-007,api-gateway,15.68,32.33,227.25,2298.8,1.266,,3015.8
2026-01-27T12:53:00,INC-007,database,22.47,69.09,1195.42,6.7,0.068,27.80,
2026-01-27T12:53:00,INC-007,inventory-service,12.37,43.57,143.21,33.8,0.530,19.04,64.3
2026-01-27T12:53:00,INC-007,orders-api,45.75,39.98,97.06,3709.1,2.752,98.91,95.4
2026-01-27T12:53:00,INC-007,payment-api,22.36,44.60,56.40,198.2,0.095,21.18,144.8
2026-01-27T12:53:00,INC-007,recommendation-service,36.94,51.77,165.56,56.1,0.284,10.29,
2026-01-27T12:54:00,INC-007,api-gateway,16.73,32.00,233.06,2249.0,1.092,,2928.4
2026-01-27T12:54:00,INC-007,database,21.95,69.33,1253.79,9.4,0.461,25.84,
2026-01-27T12:54:00,INC-007,inventory-service,12.76,43.60,148.10,31.4,0.541,19.54,72.0
2026-01-27T12:54:00,INC-007,orders-api,46.05,40.00,101.96,3616.5,2.723,98.73,97.7
2026-01-27T12:54:00,INC-007,payment-api,23.26,45.01,57.37,211.1,0.060,20.14,161.2
2026-01-27T12:54:00,INC-007,recommendation-service,36.41,51.69,182.50,59.4,0.478,10.48,
2026-01-27T12:55:00,INC-007,api-gateway,17.38,33.10,231.97,2966.9,2.484,,3849.5
2026-01-27T12:55:00,INC-007,database,22.98,69.45,1211.80,6.4,0.075,28.00,
2026-01-27T12:55:00,INC-007,inventory-service,13.56,42.68,141.58,31.8,0.365,19.67,63.9
2026-01-27T12:55:00,INC-007,orders-api,44.42,40.22,102.01,4748.2,2.938,100.00,89.8
2026-01-27T12:55:00,INC-007,payment-api,19.70,45.21,56.07,210.4,0.094,19.80,155.6
2026-01-27T12:55:00,INC-007,recommendation-service,37.10,51.04,179.35,57.0,0.604,13.02,
2026-01-27T12:56:00,INC-007,api-gateway,17.32,32.12,226.67,2895.1,2.128,,3756.6
2026-01-27T12:56:00,INC-007,database,21.86,69.75,1222.37,6.8,0.058,27.21,
2026-01-27T12:56:00,INC-007,inventory-service,12.55,41.72,143.80,27.4,0.373,23.72,70.2
2026-01-27T12:56:00,INC-007,orders-api,46.21,40.13,108.04,4629.9,2.510,99.42,83.5
2026-01-27T12:56:00,INC-007,payment-api,21.22,45.53,57.42,191.0,0.072,20.41,149.8
2026-01-27T12:56:00,INC-007,recommendation-service,39.97,51.67,177.75,59.7,0.389,15.11,
2026-01-27T12:57:00,INC-007,api-gateway,17.40,32.41,239.88,3001.9,2.544,,3906.6
2026-01-27T12:57:00,INC-007,database,24.49,70.06,1257.86,6.4,0.064,26.81,
2026-01-27T12:57:00,INC-007,inventory-service,12.97,42.62,138.32,26.7,0.283,23.50,61.7
2026-01-27T12:57:00,INC-007,orders-api,47.38,39.58,107.26,4845.5,2.890,99.40,79.4
2026-01-27T12:57:00,INC-007,payment-api,20.73,45.79,56.68,194.9,0.063,20.74,160.0
2026-01-27T12:57:00,INC-007,recommendation-service,42.30,51.32,171.91,61.1,0.382,16.22,
2026-01-27T12:58:00,INC-007,api-gateway,19.21,32.62,220.73,2692.6,2.009,,3492.2
2026-01-27T12:58:00,INC-007,database,23.45,69.17,1251.76,6.6,0.055,28.54,
2026-01-27T12:58:00,INC-007,inventory-service,12.90,42.45,138.83,27.7,0.348,22.66,56.7
2026-01-27T12:58:00,INC-007,orders-api,47.69,39.76,110.18,4328.9,2.949,100.00,76.6
2026-01-27T12:58:00,INC-007,payment-api,20.06,45.38,54.65,192.9,0.094,21.58,165.6
2026-01-27T12:58:00,INC-007,recommendation-service,42.08,51.45,175.24,60.2,0.365,16.56,
2026-01-27T12:59:00,INC-007,api-gateway,20.08,32.08,222.49,2580.8,1.998,,3358.4
2026-01-27T12:59:00,INC-007,database,23.73,69.36,1179.65,7.2,0.063,28.61,
2026-01-27T12:59:00,INC-007,inventory-service,12.97,42.35,134.91,28.3,0.489,24.37,50.1
2026-01-27T12:59:00,INC-007,orders-api,44.96,39.73,104.13,4162.1,3.163,99.96,83.8
2026-01-27T12:59:00,INC-007,payment-api,20.49,45.01,52.95,200.1,0.090,23.70,160.4
2026-01-27T12:59:00,INC-007,recommendation-service,42.17,51.84,181.64,56.3,0.459,14.87,
2026-01-27T13:00:00,INC-007,api-gateway,18.23,32.60,228.27,2989.7,2.635,,3884.2
2026-01-27T13:00:00,INC-007,database,23.56,69.25,1198.23,7.6,0.063,26.57,
2026-01-27T13:00:00,INC-007,inventory-service,12.85,42.06,129.65,29.2,0.441,23.75,52.3
2026-01-27T13:00:00,INC-007,orders-api,43.56,39.71,97.77,4822.8,2.695,100.00,79.3
2026-01-27T13:00:00,INC-007,payment-api,23.13,45.13,50.19,187.3,0.094,21.46,169.4
2026-01-27T13:00:00,INC-007,recommendation-service,43.16,50.70,170.58,55.3,0.549,14.22,
2026-01-27T13:01:00,INC-007,api-gateway,16.80,32.71,228.39,2897.4,2.537,,3745.0
2026-01-27T13:01:00,INC-007,database,25.01,69.07,1191.90,8.0,0.078,25.20,
2026-01-27T13:01:00,INC-007,inventory-service,11.96,42.49,135.37,30.6,0.271,24.36,59.7
2026-01-27T13:01:00,INC-007,orders-api,43.43,39.40,97.33,4646.7,2.698,99.69,76.6
2026-01-27T13:01:00,INC-007,payment-api,23.44,44.55,53.28,180.5,0.103,19.73,168.8
2026-01-27T13:01:00,INC-007,recommendation-service,41.88,50.92,179.54,50.8,0.378,11.84,
2026-01-27T13:02:00,INC-007,api-gateway,15.26,32.97,239.50,3012.5,2.359,,3904.3
2026-01-27T13:02:00,INC-007,database,23.50,68.70,1182.66,7.1,0.048,25.35,
2026-01-27T13:02:00,INC-007,inventory-service,11.68,43.08,138.67,29.8,0.252,22.32,56.6
2026-01-27T13:02:00,INC-007,orders-api,43.04,39.37,98.33,4862.7,2.066,100.00,71.7
2026-01-27T13:02:00,INC-007,payment-api,21.89,44.79,55.61,175.1,0.096,20.25,173.0
2026-01-27T13:02:00,INC-007,recommendation-service,40.92,51.35,180.53,47.8,0.422,10.52,
2026-01-27T13:03:00,INC-007,api-gateway,16.10,32.37,233.29,2464.6,1.311,,3202.3
2026-01-27T13:03:00,INC-007,database,24.95,68.74,1180.71,6.7,0.058,23.95,
2026-01-27T13:03:00,INC-007,inventory-service,10.81,43.31,139.18,31.5,0.399,18.84,58.4
2026-01-27T13:03:00,INC-007,orders-api,43.56,38.74,99.77,3974.5,1.924,98.98,68.6
2026-01-27T13:03:00,INC-007,payment-api,22.32,44.68,53.85,167.5,0.091,19.65,158.9
2026-01-27T13:03:00,INC-007,recommendation-service,41.46,50.68,173.13,53.7,0.475,9.49,
2026-01-27T13:04:00,INC-007,api-gateway,16.32,32.47,230.53,2397.6,1.414,,3150.1
2026-01-27T13:04:00,INC-007,database,27.27,68.79,1197.08,7.1,0.072,26.86,
2026-01-27T13:04:00,INC-007,inventory-service,11.99,43.45,148.24,28.0,0.514,20.14,62.5
2026-01-27T13:04:00,INC-007,orders-api,43.60,39.18,106.99,3851.5,2.225,98.65,76.0
2026-01-27T13:04:00,INC-007,payment-api,21.83,45.03,56.11,183.3,0.063,18.77,152.8
2026-01-27T13:04:00,INC-007,recommendation-service,40.56,50.44,181.66,53.2,0.456,10.52,
2026-01-27T13:05:00,INC-007,api-gateway,16.11,33.09,245.65,2349.7,1.293,,3097.4
2026-01-27T13:05:00,INC-007,database,25.99,68.44,1158.50,6.7,0.094,27.37,
2026-01-27T13:05:00,INC-007,inventory-service,11.45,43.67,147.78,26.6,0.624,20.51,61.3
2026-01-27T13:05:00,INC-007,orders-api,43.70,39.58,104.19,3786.7,2.325,98.38,80.0
2026-01-27T13:05:00,INC-007,payment-api,22.75,45.51,58.97,196.0,0.039,18.84,150.0
2026-01-27T13:05:00,INC-007,recommendation-service,40.13,51.24,192.02,58.5,0.388,10.05,
2026-01-27T13:06:00,INC-007,api-gateway,18.86,32.63,252.35,2187.8,0.897,,2865.1
2026-01-27T13:06:00,INC-007,database,24.95,68.32,1196.46,6.4,0.076,27.45,
2026-01-27T13:06:00,INC-007,inventory-service,12.12,43.30,157.39,26.8,0.560,21.21,73.2
2026-01-27T13:06:00,INC-007,orders-api,44.76,39.52,107.35,3510.3,2.377,98.87,76.1
2026-01-27T13:06:00,INC-007,payment-api,22.79,45.90,59.35,215.8,0.063,18.10,172.8
2026-01-27T13:06:00,INC-007,recommendation-service,38.24,50.70,200.33,58.6,0.547,11.09,
2026-01-27T13:07:00,INC-007,api-gateway,19.06,32.39,262.13,2372.8,1.225,,3094.9
2026-01-27T13:07:00,INC-007,database,23.30,68.42,1257.37,6.4,0.089,31.08,
2026-01-27T13:07:00,INC-007,inventory-service,13.17,43.29,152.33,26.3,0.454,21.63,76.5
2026-01-27T13:07:00,INC-007,orders-api,44.66,39.42,107.49,3791.9,2.131,98.90,79.5
2026-01-27T13:07:00,INC-007,payment-api,20.85,44.92,62.04,203.9,0.050,19.89,174.9
2026-01-27T13:07:00,INC-007,recommendation-service,40.39,51.23,198.18,61.0,0.417,14.61,
2026-01-27T13:08:00,INC-007,api-gateway,18.31,32.73,255.81,2241.6,0.977,,2909.8
2026-01-27T13:08:00,INC-007,database,23.34,68.65,1222.02,5.9,0.081,31.46,
2026-01-27T13:08:00,INC-007,inventory-service,13.31,43.12,148.35,28.2,0.276,21.95,78.4
2026-01-27T13:08:00,INC-007,orders-api,43.45,40.12,106.00,3572.4,1.902,98.48,81.3
2026-01-27T13:08:00,INC-007,payment-api,24.18,45.41,62.35,191.5,0.034,20.13,163.3
2026-01-27T13:08:00,INC-007,recommendation-service,40.85,51.66,206.92,62.5,0.426,14.04,
2026-01-27T13:09:00,INC-007,api-gateway,16.41,32.97,244.52,3108.4,2.714,,3969.4
2026-01-27T13:09:00,INC-007,database,23.68,69.52,1193.58,5.9,0.094,29.75,
2026-01-27T13:09:00,INC-007,inventory-service,16.53,43.20,147.09,29.5,0.357,22.90,74.1
2026-01-27T13:09:00,INC-007,orders-api,45.61,40.34,106.33,4866.2,2.431,100.00,75.6
2026-01-27T13:09:00,INC-007,payment-api,23.17,45.81,59.15,198.8,0.044,18.78,153.3
2026-01-27T13:09:00,INC-007,recommendation-service,43.65,52.62,202.86,63.8,0.499,12.85,
2026-01-27T13:10:00,INC-007,api-gateway,17.79,32.71,254.42,2963.1,2.453,,3898.7
2026-01-27T13:10:00,INC-007,database,23.19,69.46,1252.63,6.4,0.078,30.09,
2026-01-27T13:10:00,INC-007,inventory-service,14.41,43.46,156.15,28.8,0.491,24.59,68.1
2026-01-27T13:10:00,INC-007,orders-api,46.13,40.08,103.39,4784.7,2.016,99.25,81.5
2026-01-27T13:10:00,INC-007,payment-api,20.88,45.53,65.47,183.8,0.083,18.89,159.0
2026-01-27T13:10:00,INC-007,recommendation-service,43.51,52.76,201.44,63.1,0.462,8.53,
2026-01-27T13:11:00,INC-007,api-gateway,18.28,33.08,255.21,2711.6,1.981,,3571.7
2026-01-27T13:11:00,INC-007,database,24.55,69.56,1300.03,6.7,0.090,28.66,
2026-01-27T13:11:00,INC-007,inventory-service,13.80,43.35,156.28,28.6,0.600,22.20,70.5
2026-01-27T13:11:00,INC-007,orders-api,44.28,39.60,109.36,4372.8,1.845,98.67,89.4
2026-01-27T13:11:00,INC-007,payment-api,21.76,45.33,63.91,160.6,0.067,20.72,154.2
2026-01-27T13:11:00,INC-007,recommendation-service,42.35,52.49,195.37,64.1,0.614,12.57,
2026-01-27T13:12:00,INC-007,api-gateway,20.50,32.88,258.74,2607.2,1.704,,3417.0
2026-01-27T13:12:00,INC-007,database,23.73,69.60,1292.59,6.8,0.072,28.32,
2026-01-27T13:12:00,INC-007,inventory-service,15.58,43.16,156.69,29.5,0.577,22.82,61.2
2026-01-27T13:12:00,INC-007,orders-api,43.93,39.48,112.55,4181.9,1.802,98.69,78.8
2026-01-27T13:12:00,INC-007,payment-api,21.39,45.51,61.01,168.6,0.062,18.60,161.1
2026-01-27T13:12:00,INC-007,recommendation-service,44.28,52.32,207.43,67.1,0.600,13.07,
2026-01-27T13:13:00,INC-007,api-gateway,19.35,31.89,261.49,2420.2,1.456,,3155.8
2026-01-27T13:13:00,INC-007,database,25.45,69.06,1364.71,6.5,0.071,29.47,
2026-01-27T13:13:00,INC-007,inventory-service,16.51,43.66,152.23,34.6,0.372,19.74,56.8
2026-01-27T13:13:00,INC-007,orders-api,45.64,39.57,116.46,3893.2,2.318,99.40,83.6
2026-01-27T13:13:00,INC-007,payment-api,22.83,45.90,60.64,190.0,0.024,19.92,153.4
2026-01-27T13:13:00,INC-007,recommendation-service,43.38,51.93,205.90,65.1,0.543,9.84,
2026-01-27T13:14:00,INC-007,api-gateway,19.59,32.20,263.22,2392.9,1.342,,3125.7
2026-01-27T13:14:00,INC-007,database,24.54,69.80,1353.69,7.1,0.054,29.73,
2026-01-27T13:14:00,INC-007,inventory-service,14.11,43.25,157.15,32.7,0.230,20.52,62.6
2026-01-27T13:14:00,INC-007,orders-api,45.29,39.71,118.59,3855.1,2.236,99.10,76.2
2026-01-27T13:14:00,INC-007,payment-api,22.21,45.41,63.63,205.2,0.024,21.53,169.6
2026-01-27T13:14:00,INC-007,recommendation-service,41.25,51.84,195.84,60.8,0.328,11.56,
2026-01-27T13:15:00,INC-007,api-gateway,18.79,32.33,269.68,2230.9,1.057,,2915.8
2026-01-27T13:15:00,INC-007,database,25.65,70.07,1380.92,6.9,0.073,28.36,
2026-01-27T13:15:00,INC-007,inventory-service,13.33,43.35,152.70,32.6,0.235,20.66,64.4
2026-01-27T13:15:00,INC-007,orders-api,44.61,40.06,117.93,3606.5,1.947,98.77,75.5
2026-01-27T13:15:00,INC-007,payment-api,21.70,45.05,61.04,214.3,0.000,19.72,172.9
2026-01-27T13:15:00,INC-007,recommendation-service,44.06,51.58,204.57,52.1,0.184,9.90,
2026-01-27T13:16:00,INC-007,api-gateway,20.59,32.14,259.96,2508.7,1.795,,3280.9
2026-01-27T13:16:00,INC-007,database,25.05,70.17,1392.15,7.3,0.074,28.71,
2026-01-27T13:16:00,INC-007,inventory-service,13.41,43.54,164.35,29.7,0.230,21.69,69.6
2026-01-27T13:16:00,INC-007,orders-api,46.36,39.18,119.20,4027.6,2.466,99.77,72.3
2026-01-27T13:16:00,INC-007,payment-api,22.52,45.44,63.29,207.3,0.009,21.51,153.8
2026-01-27T13:16:00,INC-007,recommendation-service,45.41,51.65,207.79,53.2,0.484,11.42,
2026-01-27T13:17:00,INC-007,api-gateway,18.27,32.61,276.20,2923.0,2.692,,3819.3
2026-01-27T13:17:00,INC-007,database,23.61,70.46,1405.20,7.0,0.062,28.96,
2026-01-27T13:17:00,INC-007,inventory-service,13.34,43.38,158.68,30.8,0.221,20.75,67.9
2026-01-27T13:17:00,INC-007,orders-api,46.35,39.32,117.48,4682.6,2.744,99.96,77.2
2026-01-27T13:17:00,INC-007,payment-api,22.98,45.32,67.69,190.2,0.005,19.07,157.0
2026-01-27T13:17:00,INC-007,recommendation-service,42.74,51.74,201.04,53.9,0.568,11.88,
2026-01-27T13:18:00,INC-007,api-gateway,18.03,32.66,275.66,2767.4,2.053,,3614.5
2026-01-27T13:18:00,INC-007,database,25.35,69.81,1347.51,7.4,0.055,27.26,
2026-01-27T13:18:00,INC-007,inventory-service,14.34,43.45,157.81,28.3,0.328,22.12,75.5
2026-01-27T13:18:00,INC-007,orders-api,46.33,39.55,117.45,4443.3,2.050,100.00,81.7
2026-01-27T13:18:00,INC-007,payment-api,24.11,45.14,67.52,189.1,0.028,22.32,171.6
2026-01-27T13:18:00,INC-007,recommendation-service,44.23,51.77,210.61,60.2,0.676,12.56,
2026-01-27T13:19:00,INC-007,api-gateway,18.65,32.45,262.60,2803.2,2.012,,3682.7
2026-01-27T13:19:00,INC-007,database,24.57,69.58,1417.45,8.3,0.064,27.93,
2026-01-27T13:19:00,INC-007,inventory-service,13.86,43.79,159.26,30.9,0.321,23.29,73.6
2026-01-27T13:19:00,INC-007,orders-api,48.46,39.63,120.97,4500.9,2.142,98.83,69.3
2026-01-27T13:19:00,INC-007,payment-api,23.00,45.13,66.48,199.1,0.041,20.04,151.0
2026-01-27T13:19:00,INC-007,recommendation-service,42.36,52.23,210.80,58.7,0.492,11.57,
2026-01-27T13:20:00,INC-007,api-gateway,18.07,32.95,266.16,2407.8,1.211,,3151.8
2026-01-27T13:20:00,INC-007,database,22.60,69.43,1452.85,9.2,0.083,29.42,
2026-01-27T13:20:00,INC-007,inventory-service,15.02,43.70,156.52,30.4,0.316,21.99,74.0
2026-01-27T13:20:00,INC-007,orders-api,48.02,39.78,124.81,3847.7,2.306,99.19,69.9
2026-01-27T13:20:00,INC-007,payment-api,23.91,45.20,67.45,212.5,0.066,22.58,152.5
2026-01-27T13:20:00,INC-007,recommendation-service,42.85,52.06,200.85,59.7,0.389,9.21,
2026-01-27T13:21:00,INC-007,api-gateway,19.78,32.65,271.50,2675.9,1.829,,3469.1
2026-01-27T13:21:00,INC-007,database,23.82,69.27,1379.47,8.4,0.071,29.66,
2026-01-27T13:21:00,INC-007,inventory-service,15.53,43.89,161.97,32.0,0.459,22.57,62.5
2026-01-27T13:21:00,INC-007,orders-api,43.80,40.02,124.27,4253.7,2.433,100.00,80.1
2026-01-27T13:21:00,INC-007,payment-api,23.12,44.98,64.27,216.5,0.054,21.58,140.1
2026-01-27T13:21:00,INC-007,recommendation-service,42.85,51.49,211.50,53.8,0.173,11.74,
2026-01-27T13:22:00,INC-007,api-gateway,18.08,32.52,288.45,2427.2,1.300,,3115.5
2026-01-27T13:22:00,INC-007,database,22.53,69.09,1466.60,7.3,0.071,30.12,
2026-01-27T13:22:00,INC-007,inventory-service,17.59,43.77,164.65,26.7,0.348,21.78,71.0
2026-01-27T13:22:00,INC-007,orders-api,42.93,39.85,124.99,3834.7,2.424,99.69,83.5
2026-01-27T13:22:00,INC-007,payment-api,24.08,45.32,68.03,199.2,0.026,21.05,139.8
2026-01-27T13:22:00,INC-007,recommendation-service,43.69,51.92,223.09,58.9,0.143,13.53,
2026-01-27T13:23:00,INC-007,api-gateway,19.40,33.08,278.61,3122.8,2.728,,4046.5
2026-01-27T13:23:00,INC-007,database,24.01,69.20,1443.91,7.3,0.065,30.68,
2026-01-27T13:23:00,INC-007,inventory-service,14.55,43.73,169.46,30.8,0.375,20.20,71.1
2026-01-27T13:23:00,INC-007,orders-api,43.98,39.84,120.67,5007.0,2.320,100.00,72.3
2026-01-27T13:23:00,INC-007,payment-api,26.11,45.43,71.73,208.2,0.024,23.54,138.4
2026-01-27T13:23:00,INC-007,recommendation-service,42.85,51.54,221.22,58.6,0.139,11.70,
2026-01-27T13:24:00,INC-007,api-gateway,18.21,32.99,282.25,2501.6,1.384,,3248.5
2026-01-27T13:24:00,INC-007,database,23.73,69.09,1454.39,8.0,0.070,32.88,
2026-01-27T13:24:00,INC-007,inventory-service,15.89,43.05,165.86,30.8,0.327,21.27,72.8
2026-01-27T13:24:00,INC-007,orders-api,43.80,40.38,120.55,4021.9,1.692,98.47,71.8
2026-01-27T13:24:00,INC-007,payment-api,25.88,46.24,71.74,207.3,0.083,23.50,150.2
2026-01-27T13:24:00,INC-007,recommendation-service,44.34,51.52,219.87,54.6,0.201,15.31,
2026-01-27T13:25:00,INC-007,api-gateway,15.99,32.94,281.96,1969.4,0.837,,2516.0
2026-01-27T13:25:00,INC-007,database,24.60,69.08,1491.34,8.7,0.073,33.26,
2026-01-27T13:25:00,INC-007,inventory-service,16.69,43.54,168.10,31.2,0.567,22.28,73.3
2026-01-27T13:25:00,INC-007,orders-api,43.55,39.76,121.95,3127.6,1.799,96.75,72.6
2026-01-27T13:25:00,INC-007,payment-api,26.27,45.84,73.82,201.8,0.107,22.07,162.3
2026-01-27T13:25:00,INC-007,recommendation-service,44.11,51.47,212.41,62.5,0.271,14.50,
2026-01-27T13:26:00,INC-007,api-gateway,17.44,33.03,294.97,565.0,0.208,,636.0
2026-01-27T13:26:00,INC-007,database,22.87,68.90,1510.12,11.5,0.324,33.24,
2026-01-27T13:26:00,INC-007,inventory-service,15.03,43.13,163.97,31.7,0.320,19.30,70.5
2026-01-27T13:26:00,INC-007,orders-api,41.80,40.20,119.68,824.8,0.340,88.84,71.9
2026-01-27T13:26:00,INC-007,payment-api,25.88,45.63,72.70,204.1,0.108,23.85,170.2
2026-01-27T13:26:00,INC-007,recommendation-service,43.83,51.11,204.98,55.7,0.264,12.86,
2026-01-27T13:27:00,INC-007,api-gateway,18.26,33.30,287.11,170.0,0.229,,129.2
2026-01-27T13:27:00,INC-007,database,23.20,68.86,1513.45,7.8,0.062,35.72,
2026-01-27T13:27:00,INC-007,inventory-service,15.12,42.72,159.90,28.1,0.145,19.20,68.9
2026-01-27T13:27:00,INC-007,orders-api,39.72,39.41,118.88,186.8,0.042,77.18,80.6
2026-01-27T13:27:00,INC-007,payment-api,25.17,45.65,70.82,205.1,0.101,23.63,170.1
2026-01-27T13:27:00,INC-007,recommendation-service,42.50,51.15,204.22,58.6,0.317,11.22,
2026-01-27T13:28:00,INC-007,api-gateway,16.33,33.45,275.01,165.8,0.141,,132.7
2026-01-27T13:28:00,INC-007,database,22.42,68.62,1384.78,6.9,0.048,36.70,
2026-01-27T13:28:00,INC-007,inventory-service,14.92,42.96,162.56,32.2,0.240,20.68,74.2
2026-01-27T13:28:00,INC-007,orders-api,39.08,39.62,122.72,178.3,0.070,64.79,77.8
2026-01-27T13:28:00,INC-007,payment-api,26.70,45.84,69.37,218.2,0.098,24.56,190.2
2026-01-27T13:28:00,INC-007,recommendation-service,43.70,51.24,215.86,59.7,0.458,9.79,
2026-01-27T13:29:00,INC-007,api-gateway,16.05,33.09,277.22,177.0,0.067,,133.8
2026-01-27T13:29:00,INC-007,database,23.18,68.62,1340.99,7.2,0.034,41.02,
2026-01-27T13:29:00,INC-007,inventory-service,14.56,43.46,147.89,34.3,0.181,21.00,66.4
2026-01-27T13:29:00,INC-007,orders-api,36.76,39.79,113.57,179.1,0.000,50.36,90.1
2026-01-27T13:29:00,INC-007,payment-api,25.59,45.46,66.32,197.4,0.098,24.95,185.2
2026-01-27T13:29:00,INC-007,recommendation-service,40.15,50.84,226.44,55.2,0.769,7.67,
2026-01-27T13:30:00,INC-007,api-gateway,16.00,32.61,269.70,196.0,0.041,,132.7
2026-01-27T13:30:00,INC-007,database,24.05,68.80,1348.01,11.1,0.562,42.42,
2026-01-27T13:30:00,INC-007,inventory-service,15.53,44.12,157.93,32.8,0.359,22.57,68.6
2026-01-27T13:30:00,INC-007,orders-api,36.00,39.79,121.80,179.0,0.000,38.52,76.6
2026-01-27T13:30:00,INC-007,payment-api,24.61,44.99,66.50,192.1,0.102,26.17,184.5
2026-01-27T13:30:00,INC-007,recommendation-service,40.81,51.33,224.20,57.5,0.655,9.89,
2026-01-27T13:31:00,INC-007,api-gateway,15.45,32.38,267.49,191.1,0.108,,122.8
2026-01-27T13:31:00,INC-007,database,23.17,69.54,1383.32,6.9,0.011,42.78,
2026-01-27T13:31:00,INC-007,inventory-service,15.53,43.81,157.46,29.9,0.657,23.46,66.8
2026-01-27T13:31:00,INC-007,orders-api,33.79,39.42,118.62,199.7,0.060,28.59,68.6
2026-01-27T13:31:00,INC-007,payment-api,23.68,44.53,66.10,172.6,0.101,23.18,197.7
2026-01-27T13:31:00,INC-007,recommendation-service,41.72,51.32,210.39,54.6,0.488,12.87,
2026-01-27T13:32:00,INC-007,api-gateway,15.22,33.03,271.95,179.1,0.129,,134.6
2026-01-27T13:32:00,INC-007,database,24.99,69.38,1451.56,6.8,0.038,41.91,
2026-01-27T13:32:00,INC-007,inventory-service,16.13,44.07,157.40,30.7,0.539,21.69,65.1
2026-01-27T13:32:00,INC-007,orders-api,31.26,39.48,118.62,178.0,0.195,25.69,71.0
2026-01-27T13:32:00,INC-007,payment-api,23.67,44.51,67.59,193.6,0.068,21.49,206.0
2026-01-27T13:32:00,INC-007,recommendation-service,43.42,51.81,203.47,54.2,0.345,13.82,
2026-01-27T13:33:00,INC-007,api-gateway,16.63,32.71,272.95,182.0,0.110,,129.6
2026-01-27T13:33:00,INC-007,database,25.33,69.31,1495.14,7.6,0.037,43.67,
2026-01-27T13:33:00,INC-007,inventory-service,17.69,43.99,154.52,30.3,0.590,21.99,64.9
2026-01-27T13:33:00,INC-007,orders-api,33.08,39.74,125.70,168.6,0.451,26.30,72.1
2026-01-27T13:33:00,INC-007,payment-api,26.58,44.59,69.64,191.9,0.078,21.40,205.1
2026-01-27T13:33:00,INC-007,recommendation-service,40.97,51.22,204.45,66.1,0.339,12.98,
2026-01-27T13:34:00,INC-007,api-gateway,19.12,33.01,280.31,181.0,0.122,,131.3
2026-01-27T13:34:00,INC-007,database,24.30,68.87,1512.07,7.1,0.039,45.39,
2026-01-27T13:34:00,INC-007,inventory-service,17.80,43.89,156.90,29.8,0.560,23.00,65.4
2026-01-27T13:34:00,INC-007,orders-api,32.85,39.62,115.94,169.0,0.360,25.47,68.9
2026-01-27T13:34:00,INC-007,payment-api,25.82,45.36,69.22,197.8,0.135,20.35,193.5
2026-01-27T13:34:00,INC-007,recommendation-service,42.92,51.42,203.01,60.6,0.483,11.97,
2026-01-27T13:35:00,INC-007,api-gateway,20.11,32.87,250.72,170.8,0.186,,127.5
2026-01-27T13:35:00,INC-007,database,24.83,69.56,1431.55,7.1,0.019,44.29,
2026-01-27T13:35:00,INC-007,inventory-service,15.85,43.82,155.85,30.0,0.465,21.59,70.9
2026-01-27T13:35:00,INC-007,orders-api,35.42,38.85,113.38,183.1,0.342,26.03,71.1
2026-01-27T13:35:00,INC-007,payment-api,25.78,45.83,70.55,184.1,0.096,22.84,197.2
2026-01-27T13:35:00,INC-007,recommendation-service,42.63,51.77,193.10,60.5,0.708,14.20,
2026-01-27T13:36:00,INC-007,api-gateway,19.09,32.94,261.28,305.3,0.403,,142.4
2026-01-27T13:36:00,INC-007,database,24.84,69.04,1432.32,7.1,0.000,42.17,
2026-01-27T13:36:00,INC-007,inventory-service,14.85,43.52,164.75,30.6,0.450,21.62,71.9
2026-01-27T13:36:00,INC-007,orders-api,34.58,38.71,108.53,181.4,0.384,24.69,72.2
2026-01-27T13:36:00,INC-007,payment-api,25.92,45.35,67.74,202.0,0.082,22.56,207.3
2026-01-27T13:36:00,INC-007,recommendation-service,41.00,51.75,194.97,61.0,0.525,11.54,
2026-01-27T13:37:00,INC-007,api-gateway,20.43,32.02,255.65,162.9,0.269,,138.4
2026-01-27T13:37:00,INC-007,database,24.77,69.80,1472.12,7.1,0.006,43.39,
2026-01-27T13:37:00,INC-007,inventory-service,16.79,44.16,170.50,29.8,0.552,23.38,68.6
2026-01-27T13:37:00,INC-007,orders-api,34.77,38.63,109.51,177.8,0.320,22.44,71.7
2026-01-27T13:37:00,INC-007,payment-api,23.25,45.07,68.19,184.2,0.048,23.67,196.5
2026-01-27T13:37:00,INC-007,recommendation-service,39.55,51.80,202.78,59.5,0.421,11.02,
2026-01-27T13:38:00,INC-007,api-gateway,20.34,31.41,258.50,177.3,0.188,,137.8
2026-01-27T13:38:00,INC-007,database,26.96,70.11,1381.44,7.4,0.007,42.79,
2026-01-27T13:38:00,INC-007,inventory-service,15.81,44.57,161.99,28.1,0.517,23.54,70.6
2026-01-27T13:38:00,INC-007,orders-api,35.77,38.81,107.30,179.0,0.275,25.19,89.7
2026-01-27T13:38:00,INC-007,payment-api,22.31,44.91,67.70,192.6,0.059,22.48,179.8
2026-01-27T13:38:00,INC-007,recommendation-service,39.74,52.05,194.46,55.6,0.505,13.16,
2026-01-27T13:39:00,INC-007,api-gateway,19.52,31.22,262.37,153.0,0.185,,139.9
2026-01-27T13:39:00,INC-007,database,27.45,69.36,1362.81,6.8,0.032,41.15,
2026-01-27T13:39:00,INC-007,inventory-service,13.59,43.48,167.22,31.3,0.412,26.32,66.5
2026-01-27T13:39:00,INC-007,orders-api,35.06,38.94,110.13,173.7,0.427,21.23,77.9
2026-01-27T13:39:00,INC-007,payment-api,21.62,45.57,68.06,210.4,0.050,23.18,181.1
2026-01-27T13:39:00,INC-007,recommendation-service,39.28,51.60,208.22,55.8,0.506,13.84,
2026-01-27T13:40:00,INC-007,api-gateway,17.48,31.85,271.74,157.3,0.233,,132.6
2026-01-27T13:40:00,INC-007,database,27.55,69.49,1352.14,7.8,0.064,42.22,
2026-01-27T13:40:00,INC-007,inventory-service,14.48,43.15,168.16,28.5,0.298,26.17,62.3
2026-01-27T13:40:00,INC-007,orders-api,32.22,38.80,105.60,366.8,0.838,22.46,75.3
2026-01-27T13:40:00,INC-007,payment-api,21.79,46.13,67.14,231.3,0.052,21.16,198.5
2026-01-27T13:40:00,INC-007,recommendation-service,41.76,51.93,203.85,53.5,0.646,11.25,
2026-01-27T13:41:00,INC-007,api-gateway,19.04,32.52,288.97,163.4,0.203,,119.5
2026-01-27T13:41:00,INC-007,database,27.48,69.46,1348.19,7.3,0.063,42.11,
2026-01-27T13:41:00,INC-007,inventory-service,13.69,42.59,169.13,27.6,0.419,24.59,62.0
2026-01-27T13:41:00,INC-007,orders-api,32.22,38.59,107.47,165.3,0.594,23.14,74.8
2026-01-27T13:41:00,INC-007,payment-api,20.22,45.86,67.19,232.0,0.061,23.79,187.9
2026-01-27T13:41:00,INC-007,recommendation-service,39.89,51.70,206.52,50.7,0.312,11.58,
2026-01-27T13:42:00,INC-007,api-gateway,17.32,32.49,286.66,166.9,0.145,,112.0
2026-01-27T13:42:00,INC-007,database,26.15,68.90,1419.81,7.1,0.061,42.76,
2026-01-27T13:42:00,INC-007,inventory-service,14.37,42.17,168.65,27.0,0.384,25.26,62.1
2026-01-27T13:42:00,INC-007,orders-api,31.28,38.76,109.11,167.8,0.491,21.79,79.9
2026-01-27T13:42:00,INC-007,payment-api,20.38,45.61,66.44,208.9,0.057,23.03,161.9
2026-01-27T13:42:00,INC-007,recommendation-service,41.94,52.18,198.76,50.2,0.314,12.68,
2026-01-27T13:43:00,INC-007,api-gateway,17.31,33.17,282.45,169.0,0.158,,128.3
2026-01-27T13:43:00,INC-007,database,25.87,68.77,1359.46,7.5,0.080,42.03,
2026-01-27T13:43:00,INC-007,inventory-service,14.46,42.55,164.42,27.2,0.232,23.94,57.5
2026-01-27T13:43:00,INC-007,orders-api,30.39,38.32,109.94,154.2,0.465,21.77,64.1
2026-01-27T13:43:00,INC-007,payment-api,21.47,45.78,64.00,194.5,0.042,22.18,171.1
2026-01-27T13:43:00,INC-007,recommendation-service,43.19,52.20,207.89,54.5,0.172,13.53,
2026-01-27T13:44:00,INC-007,api-gateway,17.59,32.95,276.09,159.0,0.259,,130.7
2026-01-27T13:44:00,INC-007,database,24.89,68.95,1326.09,7.2,0.086,41.94,
2026-01-27T13:44:00,INC-007,inventory-service,15.67,42.93,154.75,26.3,0.234,22.68,58.4
2026-01-27T13:44:00,INC-007,orders-api,29.42,38.79,107.99,140.1,0.675,21.83,66.5
2026-01-27T13:44:00,INC-007,payment-api,22.70,46.04,64.62,205.7,0.042,22.67,188.4
2026-01-27T13:44:00,INC-007,recommendation-service,44.68,51.35,209.97,58.0,0.164,14.00,
2026-01-27T13:45:00,INC-007,api-gateway,18.09,33.11,273.91,359.1,0.340,,125.1
2026-01-27T13:45:00,INC-007,database,24.47,69.61,1283.91,7.3,0.098,41.53,
2026-01-27T13:45:00,INC-007,inventory-service,16.40,42.87,157.49,30.3,0.269,21.90,57.7
2026-01-27T13:45:00,INC-007,orders-api,29.78,39.10,116.50,161.4,0.490,22.59,66.7
2026-01-27T13:45:00,INC-007,payment-api,22.49,46.02,64.10,193.4,0.057,23.87,162.3
2026-01-27T13:45:00,INC-007,recommendation-service,45.33,51.62,206.26,52.3,0.144,14.57,
2026-01-27T13:46:00,INC-007,api-gateway,16.07,32.66,263.29,160.0,0.284,,118.2
2026-01-27T13:46:00,INC-007,database,22.79,69.54,1255.30,7.5,0.100,41.56,
2026-01-27T13:46:00,INC-007,inventory-service,15.44,43.22,166.23,28.2,0.320,21.66,61.6
2026-01-27T13:46:00,INC-007,orders-api,32.39,39.44,111.04,151.9,0.813,21.42,66.5
2026-01-27T13:46:00,INC-007,payment-api,20.29,45.61,63.31,193.1,0.063,23.50,157.1
2026-01-27T13:46:00,INC-007,recommendation-service,44.68,51.54,188.73,55.5,0.354,13.68,
2026-01-27T13:47:00,INC-007,api-gateway,15.01,32.66,252.42,146.2,0.177,,120.6
2026-01-27T13:47:00,INC-007,database,22.72,69.17,1186.49,7.3,0.084,43.14,
2026-01-27T13:47:00,INC-007,inventory-service,15.31,43.52,152.87,28.5,0.427,21.52,62.0
2026-01-27T13:47:00,INC-007,orders-api,30.85,39.16,113.77,169.8,0.514,22.63,64.2
2026-01-27T13:47:00,INC-007,payment-api,21.70,45.77,58.80,197.9,0.063,22.26,147.8
2026-01-27T13:47:00,INC-007,recommendation-service,42.50,50.59,192.32,60.3,0.304,13.53,
2026-01-27T13:48:00,INC-007,api-gateway,15.17,32.91,236.22,162.6,0.115,,109.9
2026-01-27T13:48:00,INC-007,database,22.73,69.61,1243.66,6.6,0.104,42.20,
2026-01-27T13:48:00,INC-007,inventory-service,15.07,43.52,153.77,31.6,0.342,21.99,65.8
2026-01-27T13:48:00,INC-007,orders-api,30.11,39.01,109.28,186.3,0.643,25.73,68.4
2026-01-27T13:48:00,INC-007,payment-api,22.39,45.75,58.82,192.2,0.129,23.09,167.5
2026-01-27T13:48:00,INC-007,recommendation-service,43.05,51.24,189.68,62.7,0.325,16.83,
2026-01-27T13:49:00,INC-007,api-gateway,17.71,32.97,223.47,159.7,0.121,,131.7
2026-01-27T13:49:00,INC-007,database,22.02,69.58,1301.65,6.9,0.092,40.68,
2026-01-27T13:49:00,INC-007,inventory-service,17.54,42.93,152.44,30.9,0.153,25.44,70.8
2026-01-27T13:49:00,INC-007,orders-api,31.15,39.58,105.95,161.8,0.618,26.98,69.7
2026-01-27T13:49:00,INC-007,payment-api,23.15,45.31,60.05,176.5,0.113,20.02,161.2
2026-01-27T13:49:00,INC-007,recommendation-service,43.21,51.33,175.54,57.4,0.188,16.27,
2026-01-27T13:50:00,INC-007,api-gateway,18.84,32.42,222.92,157.8,0.129,,131.8
2026-01-27T13:50:00,INC-007,database,23.07,69.37,1268.36,7.0,0.067,42.57,
2026-01-27T13:50:00,INC-007,inventory-service,16.67,43.74,150.29,27.8,0.347,24.88,68.8
2026-01-27T13:50:00,INC-007,orders-api,30.51,39.45,107.07,155.6,0.615,25.60,75.6
2026-01-27T13:50:00,INC-007,payment-api,21.82,45.46,56.13,186.4,0.068,22.16,160.0
2026-01-27T13:50:00,INC-007,recommendation-service,41.51,50.88,183.47,61.4,0.257,14.22,
2026-01-27T13:51:00,INC-007,api-gateway,18.28,32.20,228.20,179.0,0.150,,114.3
2026-01-27T13:51:00,INC-007,database,21.82,69.06,1207.49,7.2,0.058,43.25,
2026-01-27T13:51:00,INC-007,inventory-service,14.93,43.41,148.75,26.7,0.384,23.10,79.2
2026-01-27T13:51:00,INC-007,orders-api,29.38,39.23,107.28,160.7,0.491,23.94,81.0
2026-01-27T13:51:00,INC-007,payment-api,21.41,45.05,55.85,183.5,0.012,21.66,168.0
2026-01-27T13:51:00,INC-007,recommendation-service,41.51,50.87,173.89,57.8,0.171,15.73,
2026-01-27T13:52:00,INC-007,api-gateway,20.34,31.98,231.14,178.2,0.151,,115.0
2026-01-27T13:52:00,INC-007,database,22.60,68.97,1243.01,6.9,0.086,43.67,
2026-01-27T13:52:00,INC-007,inventory-service,14.46,43.38,141.18,23.0,0.458,21.13,66.1
2026-01-27T13:52:00,INC-007,orders-api,30.55,38.46,111.45,169.6,0.526,25.05,74.8
2026-01-27T13:52:00,INC-007,payment-api,20.42,44.41,57.61,199.1,0.065,19.87,136.7
2026-01-27T13:52:00,INC-007,recommendation-service,40.65,51.31,177.55,60.3,0.172,15.28,
2026-01-27T13:53:00,INC-007,api-gateway,20.45,32.02,235.00,174.8,0.272,,120.5
2026-01-27T13:53:00,INC-007,database,21.95,69.37,1209.73,6.7,0.049,42.78,
2026-01-27T13:53:00,INC-007,inventory-service,14.54,43.40,138.44,25.0,0.606,20.27,62.2
2026-01-27T13:53:00,INC-007,orders-api,30.82,38.84,111.35,158.0,0.696,26.35,72.2
2026-01-27T13:53:00,INC-007,payment-api,20.10,44.52,55.97,359.8,0.650,18.09,135.1
2026-01-27T13:53:00,INC-007,recommendation-service,42.12,50.81,176.55,58.0,0.071,15.60,
2026-01-27T13:54:00,INC-007,api-gateway,21.07,32.13,243.22,173.0,0.379,,137.5
2026-01-27T13:54:00,INC-007,database,21.13,69.13,1222.39,6.8,0.019,42.43,
2026-01-27T13:54:00,INC-007,inventory-service,16.85,43.73,131.93,26.4,0.719,19.97,63.4
2026-01-27T13:54:00,INC-007,orders-api,29.16,38.81,107.48,147.8,0.379,26.19,67.7
2026-01-27T13:54:00,INC-007,payment-api,20.17,45.01,54.56,173.1,0.102,20.86,138.8
2026-01-27T13:54:00,INC-007,recommendation-service,45.24,50.91,183.96,56.6,0.000,10.59,
2026-01-27T13:55:00,INC-007,api-gateway,19.40,32.62,245.23,170.1,0.397,,122.0
2026-01-27T13:55:00,INC-007,database,20.05,69.15,1327.06,7.3,0.039,42.57,
2026-01-27T13:55:00,INC-007,inventory-service,15.67,43.57,131.23,28.5,0.560,20.08,49.7
2026-01-27T13:55:00,INC-007,orders-api,30.80,39.22,104.76,155.7,0.357,24.86,73.0
2026-01-27T13:55:00,INC-007,payment-api,20.18,45.69,54.26,170.9,0.085,17.65,131.9
2026-01-27T13:55:00,INC-007,recommendation-service,43.31,51.66,175.00,53.3,0.103,9.50,
2026-01-27T13:56:00,INC-007,api-gateway,18.28,32.45,255.93,155.6,0.348,,141.2
2026-01-27T13:56:00,INC-007,database,20.66,69.42,1263.63,7.4,0.046,42.90,
2026-01-27T13:56:00,INC-007,inventory-service,16.59,43.65,133.38,27.5,0.463,19.22,50.8
2026-01-27T13:56:00,INC-007,orders-api,31.87,39.23,105.53,167.9,0.398,20.58,67.4
2026-01-27T13:56:00,INC-007,payment-api,19.13,45.94,58.03,174.2,0.081,18.82,152.9
2026-01-27T13:56:00,INC-007,recommendation-service,42.72,52.19,171.94,55.3,0.209,11.55,
2026-01-27T13:57:00,INC-007,api-gateway,18.54,32.06,249.01,152.1,0.404,,141.8
2026-01-27T13:57:00,INC-007,database,20.72,69.46,1206.34,8.1,0.049,39.06,
2026-01-27T13:57:00,INC-007,inventory-service,15.87,43.26,129.72,25.8,0.316,19.54,47.9
2026-01-27T13:57:00,INC-007,orders-api,32.17,39.26,107.81,163.4,0.357,22.08,70.6
2026-01-27T13:57:00,INC-007,payment-api,20.87,45.67,59.07,185.0,0.068,18.11,143.4
2026-01-27T13:57:00,INC-007,recommendation-service,40.07,52.05,166.52,56.7,0.000,11.14,
2026-01-27T13:58:00,INC-007,api-gateway,17.15,31.71,246.24,139.3,0.448,,141.8
2026-01-27T13:58:00,INC-007,database,21.67,69.11,1193.80,7.9,0.060,42.60,
2026-01-27T13:58:00,INC-007,inventory-service,17.27,44.08,137.00,28.7,0.264,19.62,52.8
2026-01-27T13:58:00,INC-007,orders-api,35.36,39.15,105.86,154.7,0.345,19.21,68.4
2026-01-27T13:58:00,INC-007,payment-api,21.82,45.42,57.70,201.7,0.077,20.57,125.6
2026-01-27T13:58:00,INC-007,recommendation-service,39.39,52.62,173.66,56.0,0.139,11.96,
2026-01-27T13:59:00,INC-007,api-gateway,16.39,31.75,236.95,162.3,0.348,,135.1
2026-01-27T13:59:00,INC-007,database,22.88,69.42,1197.80,7.7,0.081,44.87,
2026-01-27T13:59:00,INC-007,inventory-service,17.47,43.75,135.59,29.2,0.199,21.57,63.6
2026-01-27T13:59:00,INC-007,orders-api,34.01,38.88,105.77,161.7,0.249,19.48,68.5
2026-01-27T13:59:00,INC-007,payment-api,21.56,46.11,57.30,204.4,0.052,18.22,153.7
2026-01-27T13:59:00,INC-007,recommendation-service,38.99,52.06,170.59,57.1,0.166,11.70,
2026-01-27T14:00:00,INC-007,api-gateway,16.25,32.11,228.30,161.0,0.232,,129.4
2026-01-27T14:00:00,INC-007,database,20.25,69.45,1198.98,7.6,0.061,43.90,
2026-01-27T14:00:00,INC-007,inventory-service,14.51,44.14,131.53,28.7,0.216,21.28,61.0
2026-01-27T14:00:00,INC-007,orders-api,33.22,39.21,103.48,162.4,0.360,20.19,69.1
2026-01-27T14:00:00,INC-007,payment-api,20.06,45.78,52.77,199.6,0.050,19.42,155.8
2026-01-27T14:00:00,INC-007,recommendation-service,39.25,51.62,166.69,49.4,0.136,10.09,
2026-01-27T14:01:00,INC-007,api-gateway,15.32,31.54,223.54,170.8,0.335,,140.4
2026-01-27T14:01:00,INC-007,database,20.57,69.82,1162.35,8.1,0.051,42.32,
2026-01-27T14:01:00,INC-007,inventory-service,16.25,43.72,139.25,30.0,0.244,21.53,62.5
2026-01-27T14:01:00,INC-007,orders-api,31.73,39.47,101.39,163.0,0.373,19.69,67.6
2026-01-27T14:01:00,INC-007,payment-api,20.48,44.95,51.90,211.3,0.077,19.06,170.8
2026-01-27T14:01:00,INC-007,recommendation-service,40.20,51.77,173.29,52.8,0.206,11.17,
2026-01-27T14:02:00,INC-007,api-gateway,16.07,31.81,222.06,171.9,0.317,,142.3
2026-01-27T14:02:00,INC-007,database,21.35,70.18,1126.81,7.4,0.050,43.38,
2026-01-27T14:02:00,INC-007,inventory-service,17.51,43.95,131.47,29.3,0.249,20.76,67.6
2026-01-27T14:02:00,INC-007,orders-api,32.17,38.82,96.52,160.9,0.191,20.35,68.1
2026-01-27T14:02:00,INC-007,payment-api,21.14,45.03,51.15,229.8,0.077,18.27,188.5
2026-01-27T14:02:00,INC-007,recommendation-service,37.84,51.83,163.69,48.4,0.294,12.15,
2026-01-27T14:03:00,INC-007,api-gateway,18.47,32.23,221.33,168.0,0.291,,136.5
2026-01-27T14:03:00,INC-007,database,20.13,69.98,1183.77,7.0,0.043,45.47,
2026-01-27T14:03:00,INC-007,inventory-service,16.32,44.10,125.61,30.5,0.337,18.97,67.6
2026-01-27T14:03:00,INC-007,orders-api,32.83,38.99,97.16,144.6,0.242,22.12,67.0
2026-01-27T14:03:00,INC-007,payment-api,20.73,45.46,55.26,216.9,0.082,21.07,188.2
2026-01-27T14:03:00,INC-007,recommendation-service,38.89,51.00,170.91,54.6,0.395,12.89,
2026-01-27T14:04:00,INC-007,api-gateway,17.54,32.34,221.57,158.9,0.372,,127.7
2026-01-27T14:04:00,INC-007,database,20.93,69.91,1162.85,6.0,0.057,44.32,
2026-01-27T14:04:00,INC-007,inventory-service,16.88,43.93,124.50,28.0,0.352,21.79,63.2
2026-01-27T14:04:00,INC-007,orders-api,33.96,39.08,95.31,130.8,0.480,21.06,76.6
2026-01-27T14:04:00,INC-007,payment-api,20.89,45.69,56.94,206.7,0.098,24.47,174.2
2026-01-27T14:04:00,INC-007,recommendation-service,38.56,51.09,173.63,48.5,0.220,13.06,
2026-01-27T14:05:00,INC-007,api-gateway,16.55,32.08,213.77,152.4,0.356,,132.8
2026-01-27T14:05:00,INC-007,database,20.58,69.73,1158.62,5.8,0.032,42.03,
2026-01-27T14:05:00,INC-007,inventory-service,16.37,43.82,126.52,26.5,0.452,22.11,65.5
2026-01-27T14:05:00,INC-007,orders-api,34.03,39.04,90.77,145.3,0.170,23.11,78.4
2026-01-27T14:05:00,INC-007,payment-api,21.39,45.39,58.56,454.9,0.422,25.56,160.5
2026-01-27T14:05:00,INC-007,recommendation-service,39.22,50.99,170.26,53.2,0.256,12.03,
2026-01-27T14:06:00,INC-007,api-gateway,16.24,32.47,211.12,170.4,0.404,,115.0
2026-01-27T14:06:00,INC-007,database,23.85,69.96,1153.74,5.9,0.024,43.21,
2026-01-27T14:06:00,INC-007,inventory-service,14.03,43.92,127.00,28.0,0.423,23.13,71.2
2026-01-27T14:06:00,INC-007,orders-api,31.42,39.02,94.85,167.3,0.255,24.44,79.2
2026-01-27T14:06:00,INC-007,payment-api,21.85,45.24,56.44,184.0,0.081,21.66,149.5
2026-01-27T14:06:00,INC-007,recommendation-service,40.56,50.77,170.60,53.5,0.464,13.39,
