timestamp,incident_id,service,cpu_usage,memory_usage,request_rate,latency_ms,error_rate,db_connection_utilization,downstream_latency_ms
2026-03-14T11:30:00,INC-034,api-gateway,14.86,35.51,302.81,177.7,0.503,,106.0
2026-03-14T11:30:00,INC-034,database,28.94,60.70,1033.01,6.9,0.064,39.22,
2026-03-14T11:30:00,INC-034,inventory-service,19.21,32.86,117.72,39.7,0.050,24.50,118.8
2026-03-14T11:30:00,INC-034,orders-api,36.49,39.71,86.53,92.6,0.277,31.22,107.5
2026-03-14T11:30:00,INC-034,payment-api,20.61,52.34,31.81,173.1,0.413,44.79,236.6
2026-03-14T11:30:00,INC-034,recommendation-service,31.72,48.63,178.74,51.9,0.125,24.31,
2026-03-14T11:31:00,INC-034,api-gateway,14.10,35.47,292.93,175.8,0.551,,114.0
2026-03-14T11:31:00,INC-034,database,27.85,60.89,1014.00,6.4,0.075,41.01,
2026-03-14T11:31:00,INC-034,inventory-service,16.42,32.68,119.54,38.8,0.099,24.91,113.4
2026-03-14T11:31:00,INC-034,orders-api,37.03,40.10,86.69,83.9,0.343,30.09,115.1
2026-03-14T11:31:00,INC-034,payment-api,20.11,51.67,31.61,168.9,0.344,42.70,230.5
2026-03-14T11:31:00,INC-034,recommendation-service,30.57,48.91,174.69,58.8,0.156,24.17,
2026-03-14T11:32:00,INC-034,api-gateway,14.07,35.47,294.85,177.5,0.375,,116.2
2026-03-14T11:32:00,INC-034,database,29.34,60.63,1064.70,6.7,0.065,41.92,
2026-03-14T11:32:00,INC-034,inventory-service,17.09,32.57,120.15,42.8,0.175,23.07,114.7
2026-03-14T11:32:00,INC-034,orders-api,37.66,39.70,87.28,80.8,0.266,32.02,106.5
2026-03-14T11:32:00,INC-034,payment-api,18.90,52.13,32.97,171.0,0.388,42.86,205.7
2026-03-14T11:32:00,INC-034,recommendation-service,32.64,49.45,184.78,56.4,0.186,24.72,
2026-03-14T11:33:00,INC-034,api-gateway,15.00,35.63,290.39,171.7,0.281,,121.2
2026-03-14T11:33:00,INC-034,database,27.74,60.29,1074.87,6.5,0.057,43.47,
2026-03-14T11:33:00,INC-034,inventory-service,16.90,32.62,120.50,39.9,0.130,21.91,125.5
2026-03-14T11:33:00,INC-034,orders-api,34.54,40.17,88.47,82.4,0.180,27.88,115.3
2026-03-14T11:33:00,INC-034,payment-api,14.91,52.25,32.15,175.0,0.361,41.36,214.7
2026-03-14T11:33:00,INC-034,recommendation-service,31.52,49.44,179.99,54.6,0.127,25.69,
2026-03-14T11:34:00,INC-034,api-gateway,12.74,34.88,298.62,159.2,0.640,,116.8
2026-03-14T11:34:00,INC-034,database,26.85,60.71,1077.82,6.9,0.000,42.87,
2026-03-14T11:34:00,INC-034,inventory-service,17.58,32.40,117.53,38.2,0.156,23.50,118.3
2026-03-14T11:34:00,INC-034,orders-api,37.00,40.26,83.57,82.4,0.209,31.95,109.7
2026-03-14T11:34:00,INC-034,payment-api,17.51,52.45,32.52,177.3,0.516,43.21,214.0
2026-03-14T11:34:00,INC-034,recommendation-service,32.18,49.96,186.18,53.2,0.162,25.44,
2026-03-14T11:35:00,INC-034,api-gateway,10.79,35.45,287.46,157.9,0.297,,120.4
2026-03-14T11:35:00,INC-034,database,26.78,60.92,1037.08,7.4,0.021,42.33,
2026-03-14T11:35:00,INC-034,inventory-service,15.89,32.40,125.11,39.6,0.107,25.19,140.3
2026-03-14T11:35:00,INC-034,orders-api,39.46,40.10,83.10,91.4,0.326,33.69,117.2
2026-03-14T11:35:00,INC-034,payment-api,15.78,51.83,31.23,189.0,0.391,45.60,227.5
2026-03-14T11:35:00,INC-034,recommendation-service,30.37,49.86,182.55,62.9,0.179,26.33,
2026-03-14T11:36:00,INC-034,api-gateway,12.43,34.61,289.67,181.8,0.326,,126.5
2026-03-14T11:36:00,INC-034,database,27.95,61.68,1009.65,7.4,0.000,40.46,
2026-03-14T11:36:00,INC-034,inventory-service,16.59,31.59,124.95,36.3,0.122,26.01,144.5
2026-03-14T11:36:00,INC-034,orders-api,38.40,40.28,79.07,95.0,0.376,32.94,106.2
2026-03-14T11:36:00,INC-034,payment-api,18.42,52.23,29.45,210.4,0.473,44.04,218.1
2026-03-14T11:36:00,INC-034,recommendation-service,28.67,50.06,184.31,59.7,0.107,24.64,
2026-03-14T11:37:00,INC-034,api-gateway,15.65,35.72,291.92,175.1,0.367,,127.9
2026-03-14T11:37:00,INC-034,database,28.84,61.86,1094.34,7.1,0.034,43.08,
2026-03-14T11:37:00,INC-034,inventory-service,16.34,31.28,121.73,39.4,0.137,23.79,150.8
2026-03-14T11:37:00,INC-034,orders-api,37.10,39.81,79.31,104.9,0.318,34.10,120.3
2026-03-14T11:37:00,INC-034,payment-api,20.57,52.45,30.35,201.9,0.687,41.68,212.2
2026-03-14T11:37:00,INC-034,recommendation-service,29.11,49.51,180.25,58.3,0.155,26.35,
2026-03-14T11:38:00,INC-034,api-gateway,16.36,36.13,283.30,166.6,0.404,,134.8
2026-03-14T11:38:00,INC-034,database,29.14,61.84,1049.30,7.1,0.076,41.78,
2026-03-14T11:38:00,INC-034,inventory-service,15.67,31.71,120.29,43.5,0.112,25.63,132.4
2026-03-14T11:38:00,INC-034,orders-api,37.30,39.69,79.40,96.6,0.327,34.79,114.4
2026-03-14T11:38:00,INC-034,payment-api,19.97,52.61,31.52,189.4,0.619,41.76,208.5
2026-03-14T11:38:00,INC-034,recommendation-service,28.98,49.38,173.53,54.9,0.205,27.50,
2026-03-14T11:39:00,INC-034,api-gateway,17.34,35.86,282.60,173.6,0.346,,129.1
2026-03-14T11:39:00,INC-034,database,30.29,61.23,1102.81,7.3,0.096,42.68,
2026-03-14T11:39:00,INC-034,inventory-service,17.05,31.69,122.03,44.1,0.074,25.61,147.6
2026-03-14T11:39:00,INC-034,orders-api,39.36,39.38,76.73,107.8,0.330,32.59,110.1
2026-03-14T11:39:00,INC-034,payment-api,19.92,52.16,31.41,187.9,0.586,42.07,237.8
2026-03-14T11:39:00,INC-034,recommendation-service,30.09,49.51,179.45,53.6,0.105,31.29,
2026-03-14T11:40:00,INC-034,api-gateway,16.42,35.84,281.78,159.7,0.168,,126.8
2026-03-14T11:40:00,INC-034,database,29.25,62.12,1082.42,6.5,0.084,45.58,
2026-03-14T11:40:00,INC-034,inventory-service,17.18,32.04,121.96,45.1,0.111,21.81,148.9
2026-03-14T11:40:00,INC-034,orders-api,41.15,39.47,79.91,96.7,0.257,34.15,131.4
2026-03-14T11:40:00,INC-034,payment-api,19.85,51.99,30.91,193.5,0.546,41.87,236.0
2026-03-14T11:40:00,INC-034,recommendation-service,31.57,49.90,175.14,59.0,0.128,30.39,
2026-03-14T11:41:00,INC-034,api-gateway,15.45,35.32,291.04,169.2,0.449,,118.4
2026-03-14T11:41:00,INC-034,database,27.54,61.92,984.10,6.6,0.105,44.50,
2026-03-14T11:41:00,INC-034,inventory-service,19.13,32.90,119.89,42.8,0.110,23.04,124.1
2026-03-14T11:41:00,INC-034,orders-api,39.87,39.38,80.64,94.3,0.206,34.53,114.2
2026-03-14T11:41:00,INC-034,payment-api,19.04,52.39,29.69,186.1,0.532,41.04,206.0
2026-03-14T11:41:00,INC-034,recommendation-service,32.38,50.02,163.05,58.7,0.201,26.09,
2026-03-14T11:42:00,INC-034,api-gateway,13.57,35.82,310.98,175.3,0.621,,132.0
2026-03-14T11:42:00,INC-034,database,28.89,61.28,984.38,6.9,0.096,43.77,
2026-03-14T11:42:00,INC-034,inventory-service,16.28,33.12,122.59,40.4,0.055,24.63,113.4
2026-03-14T11:42:00,INC-034,orders-api,38.29,39.31,85.18,87.6,0.260,32.42,126.1
2026-03-14T11:42:00,INC-034,payment-api,18.75,51.85,30.79,194.3,0.479,40.11,203.1
2026-03-14T11:42:00,INC-034,recommendation-service,30.01,50.17,165.09,61.3,0.178,27.97,
2026-03-14T11:43:00,INC-034,api-gateway,12.80,35.69,313.19,177.4,0.531,,145.0
2026-03-14T11:43:00,INC-034,database,25.77,61.51,1031.49,6.9,0.094,44.11,
2026-03-14T11:43:00,INC-034,inventory-service,15.69,32.05,119.18,43.0,0.070,24.14,115.2
2026-03-14T11:43:00,INC-034,orders-api,36.93,39.38,87.35,95.9,0.211,32.25,108.8
2026-03-14T11:43:00,INC-034,payment-api,19.77,51.61,29.91,194.6,0.475,42.54,203.6
2026-03-14T11:43:00,INC-034,recommendation-service,31.13,50.27,174.57,59.4,0.150,26.19,
2026-03-14T11:44:00,INC-034,api-gateway,14.25,35.36,291.84,180.8,0.354,,152.6
2026-03-14T11:44:00,INC-034,database,27.99,61.50,983.23,7.3,0.081,43.72,
2026-03-14T11:44:00,INC-034,inventory-service,16.24,31.61,111.25,39.9,0.115,26.29,118.0
2026-03-14T11:44:00,INC-034,orders-api,37.67,39.22,83.77,98.7,0.259,31.75,97.7
2026-03-14T11:44:00,INC-034,payment-api,17.39,52.21,29.69,184.1,0.382,45.57,209.7
2026-03-14T11:44:00,INC-034,recommendation-service,30.32,50.12,167.86,54.5,0.106,27.53,
2026-03-14T11:45:00,INC-034,api-gateway,15.17,34.56,291.83,197.8,0.277,,159.5
2026-03-14T11:45:00,INC-034,database,26.65,61.97,956.87,7.5,0.100,44.04,
2026-03-14T11:45:00,INC-034,inventory-service,17.26,32.65,108.25,37.5,0.126,23.96,112.7
2026-03-14T11:45:00,INC-034,orders-api,37.06,39.63,81.95,110.4,0.350,30.06,92.7
2026-03-14T11:45:00,INC-034,payment-api,18.07,52.40,28.43,205.6,0.475,44.06,215.1
2026-03-14T11:45:00,INC-034,recommendation-service,30.64,49.81,171.20,54.7,0.086,26.57,
2026-03-14T11:46:00,INC-034,api-gateway,16.12,34.91,287.10,183.6,0.335,,143.5
2026-03-14T11:46:00,INC-034,database,26.97,61.41,959.76,7.1,0.070,45.95,
2026-03-14T11:46:00,INC-034,inventory-service,16.92,32.28,106.84,41.8,0.141,24.09,119.1
2026-03-14T11:46:00,INC-034,orders-api,37.35,39.56,81.25,104.1,0.358,30.47,99.7
2026-03-14T11:46:00,INC-034,payment-api,18.58,52.31,28.02,205.2,0.459,42.34,202.3
2026-03-14T11:46:00,INC-034,recommendation-service,30.71,49.19,167.40,53.4,0.100,26.83,
2026-03-14T11:47:00,INC-034,api-gateway,17.16,35.14,271.43,196.1,0.601,,149.1
2026-03-14T11:47:00,INC-034,database,28.12,60.38,949.22,6.6,0.077,43.78,
2026-03-14T11:47:00,INC-034,inventory-service,15.57,32.10,109.08,41.4,0.113,26.37,114.2
2026-03-14T11:47:00,INC-034,orders-api,37.96,39.54,79.51,105.5,0.325,32.87,96.5
2026-03-14T11:47:00,INC-034,payment-api,19.31,52.01,28.45,205.9,0.618,41.78,208.6
2026-03-14T11:47:00,INC-034,recommendation-service,33.43,49.64,162.29,60.0,0.087,24.90,
2026-03-14T11:48:00,INC-034,api-gateway,15.71,34.88,271.21,182.7,0.421,,156.6
2026-03-14T11:48:00,INC-034,database,26.81,60.97,1002.29,7.0,0.086,42.88,
2026-03-14T11:48:00,INC-034,inventory-service,15.85,31.80,114.01,42.9,0.141,28.48,117.6
2026-03-14T11:48:00,INC-034,orders-api,37.58,39.26,78.31,108.2,0.310,36.01,102.8
2026-03-14T11:48:00,INC-034,payment-api,19.76,52.43,29.03,199.7,0.663,43.33,209.3
2026-03-14T11:48:00,INC-034,recommendation-service,31.35,49.46,159.96,59.8,0.099,27.15,
2026-03-14T11:49:00,INC-034,api-gateway,13.73,35.48,277.08,183.2,0.493,,154.5
2026-03-14T11:49:00,INC-034,database,27.90,60.82,964.15,7.1,0.082,43.74,
2026-03-14T11:49:00,INC-034,inventory-service,15.30,31.91,110.86,42.6,0.050,27.92,126.6
2026-03-14T11:49:00,INC-034,orders-api,38.55,39.59,75.64,113.4,0.268,35.23,108.5
2026-03-14T11:49:00,INC-034,payment-api,17.82,52.31,28.89,197.2,0.655,40.08,191.8
2026-03-14T11:49:00,INC-034,recommendation-service,31.10,49.57,162.74,114.8,0.528,25.72,
2026-03-14T11:50:00,INC-034,api-gateway,14.91,35.32,280.28,184.4,0.186,,151.4
2026-03-14T11:50:00,INC-034,database,28.78,61.30,990.13,7.6,0.080,44.28,
2026-03-14T11:50:00,INC-034,inventory-service,14.77,32.12,110.81,39.7,0.050,24.43,120.4
2026-03-14T11:50:00,INC-034,orders-api,38.48,39.64,72.94,116.2,0.314,37.91,102.2
2026-03-14T11:50:00,INC-034,payment-api,17.64,52.33,28.17,186.6,0.495,40.98,218.1
2026-03-14T11:50:00,INC-034,recommendation-service,31.34,49.55,161.71,62.2,0.103,25.61,
2026-03-14T11:51:00,INC-034,api-gateway,13.73,35.45,267.83,204.4,0.188,,141.8
2026-03-14T11:51:00,INC-034,database,28.61,60.89,960.71,7.7,0.053,44.62,
2026-03-14T11:51:00,INC-034,inventory-service,17.06,32.28,109.91,38.1,0.080,27.72,124.7
2026-03-14T11:51:00,INC-034,orders-api,38.38,39.35,74.91,136.6,0.285,38.22,116.2
2026-03-14T11:51:00,INC-034,payment-api,17.41,51.81,27.87,181.6,0.509,42.34,220.5
2026-03-14T11:51:00,INC-034,recommendation-service,31.22,49.62,159.78,57.7,0.089,27.38,
2026-03-14T11:52:00,INC-034,api-gateway,13.46,35.59,245.90,205.8,0.255,,137.2
2026-03-14T11:52:00,INC-034,database,29.88,60.83,952.31,7.9,0.047,43.90,
2026-03-14T11:52:00,INC-034,inventory-service,16.24,32.26,112.21,36.8,0.062,25.88,120.6
2026-03-14T11:52:00,INC-034,orders-api,39.54,38.68,76.88,123.3,0.278,35.81,113.8
2026-03-14T11:52:00,INC-034,payment-api,18.13,52.53,28.42,171.6,0.541,41.82,251.5
2026-03-14T11:52:00,INC-034,recommendation-service,30.63,50.03,159.29,61.4,0.113,28.95,
2026-03-14T11:53:00,INC-034,api-gateway,13.55,35.39,252.53,198.6,0.444,,130.3
2026-03-14T11:53:00,INC-034,database,31.86,61.56,939.90,8.1,0.042,44.29,
2026-03-14T11:53:00,INC-034,inventory-service,14.61,33.09,105.99,36.8,0.095,23.08,117.1
2026-03-14T11:53:00,INC-034,orders-api,39.23,39.23,77.15,114.1,0.387,35.76,100.0
2026-03-14T11:53:00,INC-034,payment-api,21.43,51.80,30.37,175.6,0.403,40.17,247.1
2026-03-14T11:53:00,INC-034,recommendation-service,28.41,49.90,169.15,58.2,0.092,27.37,
2026-03-14T11:54:00,INC-034,api-gateway,11.72,35.18,255.89,193.2,0.757,,127.4
2026-03-14T11:54:00,INC-034,database,32.29,61.69,887.14,7.0,0.065,44.37,
2026-03-14T11:54:00,INC-034,inventory-service,15.32,33.23,104.11,38.9,0.117,23.23,120.4
2026-03-14T11:54:00,INC-034,orders-api,38.73,39.22,77.55,114.0,0.347,34.81,109.6
2026-03-14T11:54:00,INC-034,payment-api,19.28,51.99,29.13,173.4,0.371,41.83,233.9
2026-03-14T11:54:00,INC-034,recommendation-service,28.73,49.75,175.14,58.2,0.038,27.09,
2026-03-14T11:55:00,INC-034,api-gateway,13.89,35.28,268.84,178.8,0.699,,134.0
2026-03-14T11:55:00,INC-034,database,30.79,62.14,887.81,7.1,0.105,45.73,
2026-03-14T11:55:00,INC-034,inventory-service,16.15,32.71,102.07,39.1,0.119,23.62,110.4
2026-03-14T11:55:00,INC-034,orders-api,37.47,39.42,74.89,99.9,0.314,32.95,102.7
2026-03-14T11:55:00,INC-034,payment-api,17.52,52.10,28.92,174.5,0.186,40.84,238.5
2026-03-14T11:55:00,INC-034,recommendation-service,29.87,49.98,171.10,60.9,0.084,27.18,
2026-03-14T11:56:00,INC-034,api-gateway,12.48,35.31,278.45,182.5,0.560,,123.7
2026-03-14T11:56:00,INC-034,database,29.57,62.09,935.49,6.4,0.069,45.56,
2026-03-14T11:56:00,INC-034,inventory-service,16.55,32.61,104.24,38.9,0.021,22.95,117.4
2026-03-14T11:56:00,INC-034,orders-api,39.77,38.75,77.51,90.2,0.360,32.21,94.2
2026-03-14T11:56:00,INC-034,payment-api,17.92,51.41,30.66,167.6,0.110,40.97,224.0
2026-03-14T11:56:00,INC-034,recommendation-service,30.06,49.48,175.14,66.4,0.061,23.94,
2026-03-14T11:57:00,INC-034,api-gateway,12.27,34.74,274.09,166.3,0.635,,120.5
2026-03-14T11:57:00,INC-034,database,26.07,61.50,964.24,6.2,0.082,43.88,
2026-03-14T11:57:00,INC-034,inventory-service,15.01,32.37,101.04,39.8,0.068,23.43,107.1
2026-03-14T11:57:00,INC-034,orders-api,36.18,38.15,74.84,93.2,0.234,30.92,105.6
2026-03-14T11:57:00,INC-034,payment-api,20.45,51.72,29.55,170.9,0.222,44.35,232.8
2026-03-14T11:57:00,INC-034,recommendation-service,30.39,49.03,165.31,64.6,0.166,23.46,
2026-03-14T11:58:00,INC-034,api-gateway,11.91,34.77,284.41,172.5,0.643,,121.4
2026-03-14T11:58:00,INC-034,database,28.10,61.60,963.22,6.0,0.072,42.28,
2026-03-14T11:58:00,INC-034,inventory-service,13.32,32.85,104.54,37.8,0.110,22.71,129.2
2026-03-14T11:58:00,INC-034,orders-api,37.52,39.24,73.93,104.0,0.072,31.55,105.4
2026-03-14T11:58:00,INC-034,payment-api,17.85,51.75,28.57,183.6,0.485,45.16,212.0
2026-03-14T11:58:00,INC-034,recommendation-service,30.98,48.92,171.39,62.8,0.133,24.94,
2026-03-14T11:59:00,INC-034,api-gateway,12.26,34.56,261.53,175.9,0.503,,133.4
2026-03-14T11:59:00,INC-034,database,28.16,61.53,952.81,7.1,0.060,41.13,
2026-03-14T11:59:00,INC-034,inventory-service,14.65,32.81,106.52,39.1,0.140,24.71,125.6
2026-03-14T11:59:00,INC-034,orders-api,36.51,39.25,73.06,111.4,0.139,31.63,113.8
2026-03-14T11:59:00,INC-034,payment-api,18.34,51.59,28.04,173.1,0.379,45.48,244.4
2026-03-14T11:59:00,INC-034,recommendation-service,31.07,49.22,166.47,61.0,0.011,25.50,
2026-03-14T12:00:00,INC-034,api-gateway,12.26,34.87,271.73,178.3,0.685,,130.6
2026-03-14T12:00:00,INC-034,database,28.31,60.83,935.30,7.3,0.121,39.69,
2026-03-14T12:00:00,INC-034,inventory-service,16.82,32.65,113.78,38.8,0.125,24.28,119.3
2026-03-14T12:00:00,INC-034,orders-api,36.82,39.02,77.01,96.7,0.182,34.46,112.3
2026-03-14T12:00:00,INC-034,payment-api,17.84,52.11,29.52,185.3,0.526,44.16,239.0
2026-03-14T12:00:00,INC-034,recommendation-service,31.75,48.67,162.22,56.2,0.144,24.42,
2026-03-14T12:01:00,INC-034,api-gateway,14.14,34.73,270.77,192.1,0.449,,132.5
2026-03-14T12:01:00,INC-034,database,28.04,61.87,967.76,7.4,0.107,38.52,
2026-03-14T12:01:00,INC-034,inventory-service,14.68,33.26,112.35,38.9,0.148,24.76,122.9
2026-03-14T12:01:00,INC-034,orders-api,35.29,39.26,75.35,100.9,0.181,34.67,118.9
2026-03-14T12:01:00,INC-034,payment-api,18.30,51.51,31.28,170.5,0.346,41.69,235.1
2026-03-14T12:01:00,INC-034,recommendation-service,29.32,48.80,160.45,57.3,0.169,24.04,
2026-03-14T12:02:00,INC-034,api-gateway,11.14,35.76,286.44,189.8,0.550,,134.4
2026-03-14T12:02:00,INC-034,database,29.21,61.51,1011.10,6.9,0.127,37.85,
2026-03-14T12:02:00,INC-034,inventory-service,14.46,33.04,116.58,39.1,0.099,25.25,116.9
2026-03-14T12:02:00,INC-034,orders-api,35.91,39.70,77.16,100.8,0.056,33.49,116.5
2026-03-14T12:02:00,INC-034,payment-api,20.28,51.61,30.93,172.3,0.281,42.47,223.1
2026-03-14T12:02:00,INC-034,recommendation-service,29.47,48.70,164.02,60.6,0.196,22.89,
2026-03-14T12:03:00,INC-034,api-gateway,12.27,35.63,276.83,180.0,0.177,,125.6
2026-03-14T12:03:00,INC-034,database,31.85,61.49,1016.66,6.4,0.136,39.89,
2026-03-14T12:03:00,INC-034,inventory-service,15.68,32.89,116.36,43.8,0.107,22.56,104.3
2026-03-14T12:03:00,INC-034,orders-api,37.06,40.03,81.62,97.3,0.042,33.14,118.8
2026-03-14T12:03:00,INC-034,payment-api,20.74,51.58,29.61,170.1,0.366,45.20,216.6
2026-03-14T12:03:00,INC-034,recommendation-service,29.06,49.19,173.29,59.1,0.199,22.09,
2026-03-14T12:04:00,INC-034,api-gateway,13.15,35.74,271.42,313.3,0.432,,138.0
2026-03-14T12:04:00,INC-034,database,31.69,61.28,1020.92,5.9,0.088,42.07,
2026-03-14T12:04:00,INC-034,inventory-service,18.06,32.24,117.38,41.3,0.109,23.80,114.6
2026-03-14T12:04:00,INC-034,orders-api,35.97,39.22,88.60,97.3,0.258,33.73,111.9
2026-03-14T12:04:00,INC-034,payment-api,20.70,51.77,30.27,179.4,0.256,46.13,242.7
2026-03-14T12:04:00,INC-034,recommendation-service,28.95,48.72,180.69,52.1,0.137,25.18,
2026-03-14T12:05:00,INC-034,api-gateway,12.13,36.58,287.39,180.2,0.342,,126.1
2026-03-14T12:05:00,INC-034,database,31.83,61.73,1042.45,6.6,0.100,38.24,
2026-03-14T12:05:00,INC-034,inventory-service,17.98,32.41,114.01,43.9,0.117,24.20,112.6
2026-03-14T12:05:00,INC-034,orders-api,37.77,38.58,90.65,94.2,0.323,30.71,134.5
2026-03-14T12:05:00,INC-034,payment-api,19.96,51.69,30.49,174.4,0.154,44.54,248.2
2026-03-14T12:05:00,INC-034,recommendation-service,28.96,48.84,174.78,51.5,0.180,25.91,
2026-03-14T12:06:00,INC-034,api-gateway,11.49,36.14,298.42,167.8,0.302,,130.7
2026-03-14T12:06:00,INC-034,database,31.13,62.31,1054.75,6.9,0.109,38.86,
2026-03-14T12:06:00,INC-034,inventory-service,17.28,32.22,112.74,43.9,0.150,24.58,139.4
2026-03-14T12:06:00,INC-034,orders-api,40.34,38.70,88.11,99.9,0.286,30.15,125.7
2026-03-14T12:06:00,INC-034,payment-api,20.01,51.78,32.03,165.1,0.104,44.19,215.3
2026-03-14T12:06:00,INC-034,recommendation-service,28.95,48.64,169.15,50.7,0.109,28.15,
2026-03-14T12:07:00,INC-034,api-gateway,12.21,35.36,290.07,168.9,0.478,,101.5
2026-03-14T12:07:00,INC-034,database,31.89,62.49,1034.18,6.9,0.077,41.00,
2026-03-14T12:07:00,INC-034,inventory-service,18.36,32.44,121.76,43.6,0.212,26.04,141.5
2026-03-14T12:07:00,INC-034,orders-api,40.14,38.92,87.96,98.5,0.226,32.02,114.1
2026-03-14T12:07:00,INC-034,payment-api,21.55,51.85,32.24,176.8,0.222,44.06,235.3
2026-03-14T12:07:00,INC-034,recommendation-service,27.90,49.28,175.96,48.7,0.127,27.66,
2026-03-14T12:08:00,INC-034,api-gateway,12.70,35.14,276.50,186.6,0.632,,97.7
2026-03-14T12:08:00,INC-034,database,33.07,62.66,1082.22,5.6,0.079,40.39,
2026-03-14T12:08:00,INC-034,inventory-service,18.96,32.29,122.77,42.2,0.133,22.70,134.0
2026-03-14T12:08:00,INC-034,orders-api,41.53,38.48,86.66,103.4,0.222,34.69,101.1
2026-03-14T12:08:00,INC-034,payment-api,22.01,52.14,32.21,185.1,0.533,45.20,237.1
2026-03-14T12:08:00,INC-034,recommendation-service,29.91,49.36,173.26,50.2,0.165,26.81,
2026-03-14T12:09:00,INC-034,api-gateway,12.91,34.74,286.90,178.8,0.566,,99.6
2026-03-14T12:09:00,INC-034,database,32.94,62.52,1085.97,6.1,0.049,41.95,
2026-03-14T12:09:00,INC-034,inventory-service,16.01,32.27,128.27,40.7,0.084,24.09,121.4
2026-03-14T12:09:00,INC-034,orders-api,39.97,38.05,83.96,107.4,0.063,34.86,112.2
2026-03-14T12:09:00,INC-034,payment-api,20.50,52.26,32.20,188.6,0.696,45.17,249.2
2026-03-14T12:09:00,INC-034,recommendation-service,32.65,49.19,175.10,51.9,0.130,27.89,
2026-03-14T12:10:00,INC-034,api-gateway,13.33,34.85,286.08,168.0,0.507,,97.7
2026-03-14T12:10:00,INC-034,database,31.70,62.73,1078.70,6.4,0.046,40.03,
2026-03-14T12:10:00,INC-034,inventory-service,17.44,32.27,124.46,40.3,0.007,23.84,108.7
2026-03-14T12:10:00,INC-034,orders-api,38.43,38.52,80.98,107.5,0.117,34.48,115.5
2026-03-14T12:10:00,INC-034,payment-api,19.92,52.89,33.71,183.2,0.666,43.93,212.5
2026-03-14T12:10:00,INC-034,recommendation-service,31.54,49.14,166.36,49.4,0.143,26.35,
2026-03-14T12:11:00,INC-034,api-gateway,13.42,34.86,281.02,173.2,0.505,,119.3
2026-03-14T12:11:00,INC-034,database,31.07,61.90,1056.60,6.8,0.050,43.36,
2026-03-14T12:11:00,INC-034,inventory-service,15.99,32.05,119.26,35.7,0.056,25.07,106.8
2026-03-14T12:11:00,INC-034,orders-api,37.68,39.06,82.10,107.8,0.216,32.64,115.9
2026-03-14T12:11:00,INC-034,payment-api,18.21,52.84,32.84,201.5,0.638,43.42,216.5
2026-03-14T12:11:00,INC-034,recommendation-service,30.64,49.45,177.85,49.5,0.103,27.24,
2026-03-14T12:12:00,INC-034,api-gateway,15.53,35.42,290.74,162.6,0.324,,119.8
2026-03-14T12:12:00,INC-034,database,30.52,61.72,1020.83,6.5,0.054,42.29,
2026-03-14T12:12:00,INC-034,inventory-service,17.74,31.86,118.21,33.5,0.113,24.46,103.4
2026-03-14T12:12:00,INC-034,orders-api,38.20,39.64,82.16,107.1,0.225,30.47,114.5
2026-03-14T12:12:00,INC-034,payment-api,15.53,52.51,32.17,209.2,0.587,43.34,238.2
2026-03-14T12:12:00,INC-034,recommendation-service,31.03,49.24,186.80,48.2,0.202,26.07,
2026-03-14T12:13:00,INC-034,api-gateway,15.96,36.01,298.44,164.2,0.386,,125.2
2026-03-14T12:13:00,INC-034,database,29.87,61.56,1047.57,6.4,0.072,40.97,
2026-03-14T12:13:00,INC-034,inventory-service,17.04,31.58,118.71,76.4,0.375,23.83,119.2
2026-03-14T12:13:00,INC-034,orders-api,39.03,39.38,83.34,106.2,0.223,31.22,129.3
2026-03-14T12:13:00,INC-034,payment-api,17.79,52.81,32.26,198.9,0.825,41.94,247.0
2026-03-14T12:13:00,INC-034,recommendation-service,29.78,48.93,192.17,52.4,0.162,25.08,
2026-03-14T12:14:00,INC-034,api-gateway,14.86,35.99,288.78,183.4,0.390,,134.6
2026-03-14T12:14:00,INC-034,database,30.53,61.90,1140.57,6.7,0.048,42.73,
2026-03-14T12:14:00,INC-034,inventory-service,15.25,32.45,128.33,35.1,0.079,23.55,111.6
2026-03-14T12:14:00,INC-034,orders-api,39.04,39.65,85.65,102.6,0.401,30.62,119.4
2026-03-14T12:14:00,INC-034,payment-api,19.24,52.15,32.30,192.8,0.556,39.84,232.2
2026-03-14T12:14:00,INC-034,recommendation-service,28.88,49.03,190.86,54.0,0.292,27.42,
2026-03-14T12:15:00,INC-034,api-gateway,16.59,35.80,295.69,192.3,0.331,,140.1
2026-03-14T12:15:00,INC-034,database,30.88,61.91,1166.43,6.5,0.038,41.53,
2026-03-14T12:15:00,INC-034,inventory-service,14.21,32.08,124.58,35.1,0.068,22.52,104.6
2026-03-14T12:15:00,INC-034,orders-api,40.05,39.68,89.76,103.9,0.408,31.30,110.3
2026-03-14T12:15:00,INC-034,payment-api,16.61,52.83,31.36,190.8,0.743,40.76,202.4
2026-03-14T12:15:00,INC-034,recommendation-service,27.02,48.49,184.82,50.4,0.176,27.85,
2026-03-14T12:16:00,INC-034,api-gateway,17.93,35.74,268.41,193.1,0.303,,137.4
2026-03-14T12:16:00,INC-034,database,31.29,61.96,1083.47,5.9,0.117,40.58,
2026-03-14T12:16:00,INC-034,inventory-service,15.31,31.85,123.59,38.9,0.042,23.71,111.6
2026-03-14T12:16:00,INC-034,orders-api,37.55,39.53,86.87,89.3,0.274,30.62,101.2
2026-03-14T12:16:00,INC-034,payment-api,17.63,52.65,29.94,188.2,0.709,41.66,209.9
2026-03-14T12:16:00,INC-034,recommendation-service,27.72,49.13,164.30,50.2,0.155,26.44,
2026-03-14T12:17:00,INC-034,api-gateway,16.65,35.74,285.52,183.6,0.343,,123.4
2026-03-14T12:17:00,INC-034,database,30.07,62.43,1070.35,6.0,0.087,40.63,
2026-03-14T12:17:00,INC-034,inventory-service,16.26,32.62,122.34,40.2,0.039,23.75,106.6
2026-03-14T12:17:00,INC-034,orders-api,36.88,39.83,89.95,86.1,0.294,32.10,97.6
2026-03-14T12:17:00,INC-034,payment-api,18.91,52.89,28.36,192.2,0.718,42.44,199.1
2026-03-14T12:17:00,INC-034,recommendation-service,26.05,49.68,166.11,47.6,0.161,27.70,
2026-03-14T12:18:00,INC-034,api-gateway,16.05,34.71,286.62,176.0,0.540,,126.1
2026-03-14T12:18:00,INC-034,database,28.94,62.16,1095.86,6.2,0.111,40.87,
2026-03-14T12:18:00,INC-034,inventory-service,16.42,32.29,121.89,38.6,0.059,21.52,110.5
2026-03-14T12:18:00,INC-034,orders-api,39.33,39.76,90.91,101.1,0.364,30.65,94.0
2026-03-14T12:18:00,INC-034,payment-api,19.81,52.59,31.55,183.0,0.791,43.16,202.8
2026-03-14T12:18:00,INC-034,recommendation-service,25.74,49.13,159.53,49.7,0.104,26.50,
2026-03-14T12:19:00,INC-034,api-gateway,15.72,34.83,294.06,157.8,0.655,,112.7
2026-03-14T12:19:00,INC-034,database,26.62,61.77,1106.05,6.0,0.080,44.94,
2026-03-14T12:19:00,INC-034,inventory-service,14.35,32.79,122.36,41.6,0.039,24.06,108.0
2026-03-14T12:19:00,INC-034,orders-api,39.64,39.59,84.07,102.8,0.378,32.77,107.2
2026-03-14T12:19:00,INC-034,payment-api,19.15,52.61,31.17,178.2,0.641,44.51,208.9
2026-03-14T12:19:00,INC-034,recommendation-service,27.65,48.54,169.63,51.6,0.138,26.78,
2026-03-14T12:20:00,INC-034,api-gateway,16.46,34.99,310.89,175.1,0.518,,108.5
2026-03-14T12:20:00,INC-034,database,25.89,61.39,1088.88,6.9,0.123,44.89,
2026-03-14T12:20:00,INC-034,inventory-service,15.87,32.06,115.05,40.5,0.107,25.20,120.7
2026-03-14T12:20:00,INC-034,orders-api,39.15,39.60,90.32,107.7,0.389,32.17,120.5
2026-03-14T12:20:00,INC-034,payment-api,20.77,52.13,32.03,180.4,0.606,44.52,226.5
2026-03-14T12:20:00,INC-034,recommendation-service,28.76,48.25,177.31,53.6,0.150,26.24,
2026-03-14T12:21:00,INC-034,api-gateway,15.33,34.96,298.18,160.9,0.647,,121.0
2026-03-14T12:21:00,INC-034,database,27.69,61.82,1138.23,6.5,0.100,45.25,
2026-03-14T12:21:00,INC-034,inventory-service,17.28,31.86,118.50,39.8,0.115,23.30,131.3
2026-03-14T12:21:00,INC-034,orders-api,38.46,39.55,88.99,127.5,0.395,30.17,110.2
2026-03-14T12:21:00,INC-034,payment-api,19.50,51.95,31.06,178.6,0.556,43.33,209.5
2026-03-14T12:21:00,INC-034,recommendation-service,30.69,48.24,181.51,56.4,0.128,28.49,
2026-03-14T12:22:00,INC-034,api-gateway,15.74,35.65,301.18,168.5,0.544,,135.2
2026-03-14T12:22:00,INC-034,database,28.04,61.89,1148.47,6.1,0.111,42.03,
2026-03-14T12:22:00,INC-034,inventory-service,15.05,31.87,120.26,38.7,0.083,22.79,133.5
2026-03-14T12:22:00,INC-034,orders-api,35.90,39.14,94.70,107.7,0.401,30.31,114.0
2026-03-14T12:22:00,INC-034,payment-api,18.49,52.22,31.62,184.1,0.829,43.06,200.4
2026-03-14T12:22:00,INC-034,recommendation-service,29.25,48.25,197.96,55.5,0.189,28.19,
2026-03-14T12:23:00,INC-034,api-gateway,18.15,35.31,297.60,177.5,0.844,,122.3
2026-03-14T12:23:00,INC-034,database,28.28,62.16,1167.54,6.2,0.109,42.52,
2026-03-14T12:23:00,INC-034,inventory-service,14.42,32.62,124.24,40.2,0.085,25.05,128.8
2026-03-14T12:23:00,INC-034,orders-api,38.00,39.40,90.74,115.5,0.415,32.14,114.5
2026-03-14T12:23:00,INC-034,payment-api,19.33,51.95,31.81,191.0,0.734,43.52,203.3
2026-03-14T12:23:00,INC-034,recommendation-service,29.79,48.71,200.26,62.1,0.203,25.42,
2026-03-14T12:24:00,INC-034,api-gateway,16.41,35.36,292.91,185.1,0.970,,123.1
2026-03-14T12:24:00,INC-034,database,28.88,61.92,1181.03,6.4,0.099,42.49,
2026-03-14T12:24:00,INC-034,inventory-service,16.91,32.25,122.65,40.2,0.118,26.22,138.7
2026-03-14T12:24:00,INC-034,orders-api,38.38,39.88,93.06,122.9,0.241,33.43,109.9
2026-03-14T12:24:00,INC-034,payment-api,18.99,51.50,31.24,199.4,0.773,43.91,234.9
2026-03-14T12:24:00,INC-034,recommendation-service,30.37,48.72,187.81,58.4,0.221,23.75,
2026-03-14T12:25:00,INC-034,api-gateway,15.49,35.57,280.43,217.8,0.792,,135.0
2026-03-14T12:25:00,INC-034,database,28.90,61.53,1157.28,5.6,0.085,41.44,
2026-03-14T12:25:00,INC-034,inventory-service,15.17,32.25,125.66,40.3,0.126,30.00,157.6
2026-03-14T12:25:00,INC-034,orders-api,38.72,39.66,94.13,111.7,0.147,32.40,102.7
2026-03-14T12:25:00,INC-034,payment-api,19.58,51.58,31.91,209.0,0.737,40.43,221.2
2026-03-14T12:25:00,INC-034,recommendation-service,30.71,48.84,187.36,65.6,0.242,24.24,
2026-03-14T12:26:00,INC-034,api-gateway,13.96,35.53,279.42,187.0,0.706,,131.5
2026-03-14T12:26:00,INC-034,database,28.00,61.69,1093.90,6.4,0.093,39.83,
2026-03-14T12:26:00,INC-034,inventory-service,16.73,32.34,123.87,40.8,0.146,29.56,134.3
2026-03-14T12:26:00,INC-034,orders-api,38.83,39.81,94.23,101.5,0.091,30.32,118.3
2026-03-14T12:26:00,INC-034,payment-api,19.14,51.78,31.71,212.9,0.428,40.62,242.6
2026-03-14T12:26:00,INC-034,recommendation-service,30.70,49.25,185.73,63.2,0.185,25.73,
2026-03-14T12:27:00,INC-034,api-gateway,13.87,35.41,284.53,192.8,0.697,,124.9
2026-03-14T12:27:00,INC-034,database,28.14,61.65,1027.89,5.7,0.132,41.18,
2026-03-14T12:27:00,INC-034,inventory-service,14.01,32.44,118.90,39.2,0.208,30.30,125.0
2026-03-14T12:27:00,INC-034,orders-api,40.42,39.91,94.00,92.5,0.191,32.27,106.9
2026-03-14T12:27:00,INC-034,payment-api,19.20,52.17,32.52,206.0,0.606,41.71,238.9
2026-03-14T12:27:00,INC-034,recommendation-service,30.38,49.50,182.08,64.1,0.145,25.36,
2026-03-14T12:28:00,INC-034,api-gateway,13.01,35.81,282.47,208.0,0.634,,122.4
2026-03-14T12:28:00,INC-034,database,27.55,61.93,1107.78,6.1,0.096,39.00,
2026-03-14T12:28:00,INC-034,inventory-service,15.91,32.55,117.54,38.2,0.197,28.77,123.9
2026-03-14T12:28:00,INC-034,orders-api,40.43,39.57,96.19,111.1,0.146,32.64,103.3
2026-03-14T12:28:00,INC-034,payment-api,19.82,52.61,33.72,226.3,0.427,45.17,238.6
2026-03-14T12:28:00,INC-034,recommendation-service,29.05,49.50,187.46,66.6,0.125,25.16,
2026-03-14T12:29:00,INC-034,api-gateway,14.21,35.43,291.92,196.5,0.727,,107.0
2026-03-14T12:29:00,INC-034,database,28.65,61.59,1085.03,6.4,0.061,40.16,
2026-03-14T12:29:00,INC-034,inventory-service,16.29,32.52,123.07,38.0,0.217,28.43,113.4
2026-03-14T12:29:00,INC-034,orders-api,39.59,39.63,92.55,101.8,0.284,30.38,95.9
2026-03-14T12:29:00,INC-034,payment-api,19.30,52.44,34.05,198.3,0.441,45.26,222.7
2026-03-14T12:29:00,INC-034,recommendation-service,29.58,49.41,177.69,59.4,0.127,24.32,
2026-03-14T12:30:00,INC-034,api-gateway,13.95,36.13,298.55,168.0,0.796,,101.0
2026-03-14T12:30:00,INC-034,database,30.15,61.12,1075.63,7.1,0.084,40.18,
2026-03-14T12:30:00,INC-034,inventory-service,17.22,32.54,127.39,36.9,0.212,28.61,123.6
2026-03-14T12:30:00,INC-034,orders-api,38.94,39.38,95.37,100.7,0.113,32.10,94.2
2026-03-14T12:30:00,INC-034,payment-api,19.79,52.45,35.18,202.4,0.390,43.07,242.9
2026-03-14T12:30:00,INC-034,recommendation-service,29.49,49.23,189.35,56.1,0.042,25.89,
2026-03-14T12:31:00,INC-034,api-gateway,14.77,35.96,289.23,168.2,0.516,,111.3
2026-03-14T12:31:00,INC-034,database,27.97,61.42,1117.18,7.6,0.065,41.56,
2026-03-14T12:31:00,INC-034,inventory-service,18.11,33.17,129.58,41.8,0.174,28.17,125.2
2026-03-14T12:31:00,INC-034,orders-api,39.36,39.72,89.43,101.9,0.215,32.89,98.4
2026-03-14T12:31:00,INC-034,payment-api,19.98,52.41,34.82,217.0,0.425,46.91,249.1
2026-03-14T12:31:00,INC-034,recommendation-service,29.99,49.41,191.90,60.7,0.003,26.90,
2026-03-14T12:32:00,INC-034,api-gateway,15.49,35.70,294.94,167.7,0.463,,115.2
2026-03-14T12:32:00,INC-034,database,28.82,61.83,1111.82,6.9,0.034,41.39,
2026-03-14T12:32:00,INC-034,inventory-service,16.80,33.35,122.17,41.5,0.174,24.66,121.0
2026-03-14T12:32:00,INC-034,orders-api,37.04,38.91,89.38,101.9,0.212,31.26,99.3
2026-03-14T12:32:00,INC-034,payment-api,17.70,52.92,34.68,219.7,0.319,46.93,269.0
2026-03-14T12:32:00,INC-034,recommendation-service,30.00,49.09,193.55,53.0,0.072,24.45,
2026-03-14T12:33:00,INC-034,api-gateway,14.92,35.93,319.39,179.2,0.259,,122.4
2026-03-14T12:33:00,INC-034,database,28.28,61.41,1173.44,7.0,0.045,41.37,
2026-03-14T12:33:00,INC-034,inventory-service,20.36,32.67,130.91,39.9,0.111,24.56,116.5
2026-03-14T12:33:00,INC-034,orders-api,37.78,39.21,96.91,99.4,0.266,31.34,92.6
2026-03-14T12:33:00,INC-034,payment-api,20.42,52.70,35.11,210.4,0.302,48.46,292.5
2026-03-14T12:33:00,INC-034,recommendation-service,32.32,48.88,203.67,57.8,0.106,23.56,
2026-03-14T12:34:00,INC-034,api-gateway,12.78,35.14,330.99,183.3,0.430,,132.9
2026-03-14T12:34:00,INC-034,database,29.66,62.09,1147.72,7.3,0.028,41.53,
2026-03-14T12:34:00,INC-034,inventory-service,17.35,32.94,124.39,38.4,0.121,24.56,113.8
2026-03-14T12:34:00,INC-034,orders-api,37.36,38.98,97.17,95.4,0.299,31.55,101.6
2026-03-14T12:34:00,INC-034,payment-api,19.40,52.30,33.53,193.7,0.525,48.41,280.8
2026-03-14T12:34:00,INC-034,recommendation-service,34.01,49.15,201.43,56.2,0.207,23.70,
2026-03-14T12:35:00,INC-034,api-gateway,15.29,34.56,343.12,174.0,0.415,,139.7
2026-03-14T12:35:00,INC-034,database,29.94,61.77,1179.44,7.6,0.049,40.02,
2026-03-14T12:35:00,INC-034,inventory-service,17.71,32.17,122.01,38.6,0.089,26.59,109.3
2026-03-14T12:35:00,INC-034,orders-api,35.82,38.49,94.61,95.0,0.310,34.56,104.6
2026-03-14T12:35:00,INC-034,payment-api,20.50,52.04,35.60,185.6,0.497,46.72,254.2
2026-03-14T12:35:00,INC-034,recommendation-service,35.74,49.44,202.28,58.8,0.186,25.76,
2026-03-14T12:36:00,INC-034,api-gateway,14.89,34.72,330.11,185.2,0.449,,146.3
2026-03-14T12:36:00,INC-034,database,29.22,62.23,1150.83,7.7,0.047,40.90,
2026-03-14T12:36:00,INC-034,inventory-service,16.23,32.00,117.40,40.9,0.060,27.94,107.9
2026-03-14T12:36:00,INC-034,orders-api,36.93,38.77,91.67,107.7,0.191,31.94,108.5
2026-03-14T12:36:00,INC-034,payment-api,20.44,52.13,34.62,173.9,0.567,46.98,220.5
2026-03-14T12:36:00,INC-034,recommendation-service,36.20,49.44,199.33,66.7,0.114,25.20,
2026-03-14T12:37:00,INC-034,api-gateway,15.04,35.07,314.11,175.8,0.459,,127.0
2026-03-14T12:37:00,INC-034,database,27.34,62.39,1149.62,7.7,0.022,40.04,
2026-03-14T12:37:00,INC-034,inventory-service,16.97,32.39,121.94,39.5,0.055,26.70,116.0
2026-03-14T12:37:00,INC-034,orders-api,36.94,39.59,92.86,102.2,0.348,30.73,105.9
2026-03-14T12:37:00,INC-034,payment-api,18.49,51.80,36.48,178.1,0.768,46.58,218.0
2026-03-14T12:37:00,INC-034,recommendation-service,37.60,49.14,192.92,64.3,0.035,26.05,
2026-03-14T12:38:00,INC-034,api-gateway,14.03,35.29,322.48,171.3,0.254,,126.5
2026-03-14T12:38:00,INC-034,database,27.77,62.04,1143.03,7.5,0.039,39.69,
2026-03-14T12:38:00,INC-034,inventory-service,18.29,32.25,123.69,40.7,0.076,25.36,104.7
2026-03-14T12:38:00,INC-034,orders-api,37.00,39.24,94.81,101.1,0.348,27.14,106.8
2026-03-14T12:38:00,INC-034,payment-api,20.32,51.11,34.98,179.7,0.845,45.36,210.3
2026-03-14T12:38:00,INC-034,recommendation-service,34.82,48.81,196.19,61.1,0.043,24.93,
2026-03-14T12:39:00,INC-034,api-gateway,13.42,35.26,320.22,165.1,0.328,,132.6
2026-03-14T12:39:00,INC-034,database,28.17,61.88,1078.74,7.1,0.055,37.31,
2026-03-14T12:39:00,INC-034,inventory-service,16.92,32.42,126.04,38.5,0.087,26.68,111.8
2026-03-14T12:39:00,INC-034,orders-api,37.30,39.00,95.52,96.6,0.326,27.78,111.5
2026-03-14T12:39:00,INC-034,payment-api,20.16,52.20,33.02,165.3,1.046,44.79,221.1
2026-03-14T12:39:00,INC-034,recommendation-service,33.78,48.65,187.69,60.8,0.040,23.59,
2026-03-14T12:40:00,INC-034,api-gateway,13.04,35.39,297.56,162.9,0.587,,124.3
2026-03-14T12:40:00,INC-034,database,28.60,61.52,1048.58,6.7,0.085,39.32,
2026-03-14T12:40:00,INC-034,inventory-service,16.77,32.35,124.55,37.9,0.068,26.97,131.6
2026-03-14T12:40:00,INC-034,orders-api,37.57,38.87,91.04,98.3,0.385,31.59,119.7
2026-03-14T12:40:00,INC-034,payment-api,19.29,52.08,33.87,172.1,0.921,43.98,229.5
2026-03-14T12:40:00,INC-034,recommendation-service,33.33,49.38,173.78,66.5,0.084,24.82,
2026-03-14T12:41:00,INC-034,api-gateway,13.42,35.72,294.30,169.8,0.449,,134.4
2026-03-14T12:41:00,INC-034,database,27.99,61.28,1060.85,6.7,0.116,39.52,
2026-03-14T12:41:00,INC-034,inventory-service,20.68,31.52,133.94,39.6,0.153,27.09,123.1
2026-03-14T12:41:00,INC-034,orders-api,39.59,39.16,94.19,113.3,0.366,34.02,121.8
2026-03-14T12:41:00,INC-034,payment-api,17.84,52.29,34.84,191.2,0.934,42.26,221.9
2026-03-14T12:41:00,INC-034,recommendation-service,33.55,49.18,172.54,71.7,0.113,25.88,
2026-03-14T12:42:00,INC-034,api-gateway,11.54,35.41,298.63,200.0,0.708,,128.6
2026-03-14T12:42:00,INC-034,database,30.28,61.60,1054.04,6.7,0.142,40.35,
2026-03-14T12:42:00,INC-034,inventory-service,19.95,31.37,137.05,35.6,0.186,26.71,118.2
2026-03-14T12:42:00,INC-034,orders-api,37.00,39.02,94.75,108.7,0.396,35.76,135.1
2026-03-14T12:42:00,INC-034,payment-api,19.04,52.34,36.02,196.5,0.831,43.24,219.1
2026-03-14T12:42:00,INC-034,recommendation-service,30.42,49.36,182.50,66.8,0.109,25.60,
2026-03-14T12:43:00,INC-034,api-gateway,12.24,34.89,301.65,203.4,0.558,,129.5
2026-03-14T12:43:00,INC-034,database,29.91,61.78,1049.11,7.1,0.087,39.42,
2026-03-14T12:43:00,INC-034,inventory-service,20.19,31.89,132.07,37.4,0.155,23.18,103.9
2026-03-14T12:43:00,INC-034,orders-api,37.06,39.56,93.03,105.7,0.394,34.97,130.4
2026-03-14T12:43:00,INC-034,payment-api,19.51,52.74,33.76,199.2,0.755,42.62,217.5
2026-03-14T12:43:00,INC-034,recommendation-service,29.51,49.05,196.30,66.6,0.039,26.77,
2026-03-14T12:44:00,INC-034,api-gateway,13.01,35.67,310.30,193.4,0.464,,118.7
2026-03-14T12:44:00,INC-034,database,29.11,61.80,1084.75,6.6,0.071,40.23,
2026-03-14T12:44:00,INC-034,inventory-service,19.73,32.23,138.32,40.2,0.176,22.52,104.5
2026-03-14T12:44:00,INC-034,orders-api,38.22,39.39,88.82,100.6,0.404,32.64,136.1
2026-03-14T12:44:00,INC-034,payment-api,19.47,52.19,32.83,213.8,0.815,45.05,236.6
2026-03-14T12:44:00,INC-034,recommendation-service,29.71,48.98,193.21,66.8,0.009,24.40,
2026-03-14T12:45:00,INC-034,api-gateway,12.29,35.84,291.80,179.8,0.500,,98.5
2026-03-14T12:45:00,INC-034,database,30.27,61.07,1065.36,6.4,0.073,39.67,
2026-03-14T12:45:00,INC-034,inventory-service,18.78,32.00,128.67,40.8,0.146,23.51,114.7
2026-03-14T12:45:00,INC-034,orders-api,38.62,39.08,86.32,104.3,0.342,32.35,116.2
2026-03-14T12:45:00,INC-034,payment-api,17.94,51.93,30.69,207.2,0.693,43.42,272.3
2026-03-14T12:45:00,INC-034,recommendation-service,30.41,49.45,189.64,61.6,0.093,24.98,
2026-03-14T12:46:00,INC-034,api-gateway,15.32,35.42,295.23,179.3,0.444,,96.7
2026-03-14T12:46:00,INC-034,database,27.78,61.57,1067.04,6.3,0.119,40.19,
2026-03-14T12:46:00,INC-034,inventory-service,18.05,32.15,130.07,45.5,0.119,24.91,131.1
2026-03-14T12:46:00,INC-034,orders-api,37.95,39.18,91.38,96.2,0.309,32.82,112.7
2026-03-14T12:46:00,INC-034,payment-api,17.23,51.58,32.03,213.8,0.648,43.25,263.1
2026-03-14T12:46:00,INC-034,recommendation-service,30.74,49.57,194.71,55.0,0.103,25.06,
2026-03-14T12:47:00,INC-034,api-gateway,16.25,35.96,302.95,179.2,0.479,,100.1
2026-03-14T12:47:00,INC-034,database,26.90,61.70,1027.53,6.4,0.087,39.11,
2026-03-14T12:47:00,INC-034,inventory-service,20.76,32.24,128.25,44.9,0.079,27.03,133.3
2026-03-14T12:47:00,INC-034,orders-api,37.06,39.59,88.46,92.8,0.318,31.97,106.4
2026-03-14T12:47:00,INC-034,payment-api,15.24,51.15,33.68,194.5,0.525,42.29,248.7
2026-03-14T12:47:00,INC-034,recommendation-service,30.83,49.63,198.45,55.4,0.077,26.06,
2026-03-14T12:48:00,INC-034,api-gateway,17.07,36.53,293.82,201.4,0.488,,110.4
2026-03-14T12:48:00,INC-034,database,27.43,61.09,1068.00,7.4,0.068,40.52,
2026-03-14T12:48:00,INC-034,inventory-service,20.24,31.70,123.43,46.1,0.079,27.92,123.5
2026-03-14T12:48:00,INC-034,orders-api,35.41,39.80,85.72,96.2,0.311,32.80,101.9
2026-03-14T12:48:00,INC-034,payment-api,15.33,50.95,33.52,211.6,0.411,43.60,238.0
2026-03-14T12:48:00,INC-034,recommendation-service,29.81,49.48,187.15,61.7,0.056,27.79,
2026-03-14T12:49:00,INC-034,api-gateway,15.11,36.43,288.53,225.9,0.484,,117.4
2026-03-14T12:49:00,INC-034,database,28.30,61.21,1090.26,7.4,0.090,39.61,
2026-03-14T12:49:00,INC-034,inventory-service,19.73,31.85,120.64,40.0,0.151,26.55,126.6
2026-03-14T12:49:00,INC-034,orders-api,36.11,39.07,87.03,94.8,0.337,31.98,113.4
2026-03-14T12:49:00,INC-034,payment-api,17.56,51.36,33.93,222.3,0.241,42.11,236.7
2026-03-14T12:49:00,INC-034,recommendation-service,28.06,49.58,192.40,61.9,0.000,26.83,
2026-03-14T12:50:00,INC-034,api-gateway,15.78,36.14,310.97,221.4,0.337,,117.0
2026-03-14T12:50:00,INC-034,database,30.55,61.51,1112.17,7.2,0.104,40.36,
2026-03-14T12:50:00,INC-034,inventory-service,19.04,32.54,123.25,35.2,0.144,27.30,110.8
2026-03-14T12:50:00,INC-034,orders-api,38.42,39.07,88.81,100.0,0.463,31.51,116.3
2026-03-14T12:50:00,INC-034,payment-api,19.62,50.83,34.65,213.0,0.244,41.72,223.8
2026-03-14T12:50:00,INC-034,recommendation-service,28.98,49.33,187.95,56.5,0.066,25.72,
2026-03-14T12:51:00,INC-034,api-gateway,13.38,35.37,310.44,212.0,0.380,,107.3
2026-03-14T12:51:00,INC-034,database,28.99,61.43,1085.02,6.9,0.109,41.88,
2026-03-14T12:51:00,INC-034,inventory-service,19.19,32.46,126.89,35.2,0.092,25.81,107.9
2026-03-14T12:51:00,INC-034,orders-api,36.80,38.88,88.04,98.9,0.413,31.94,96.1
2026-03-14T12:51:00,INC-034,payment-api,20.12,50.85,34.55,228.2,0.464,43.32,214.8
2026-03-14T12:51:00,INC-034,recommendation-service,27.56,49.08,188.85,55.5,0.092,24.91,
2026-03-14T12:52:00,INC-034,api-gateway,13.23,35.25,295.47,198.7,0.345,,97.9
2026-03-14T12:52:00,INC-034,database,25.84,62.01,1063.18,6.9,0.092,44.49,
2026-03-14T12:52:00,INC-034,inventory-service,20.10,32.25,126.64,39.8,0.126,24.55,118.3
2026-03-14T12:52:00,INC-034,orders-api,36.35,39.27,90.61,95.1,0.340,33.48,92.0
2026-03-14T12:52:00,INC-034,payment-api,19.85,51.56,35.38,193.1,0.544,42.94,210.8
2026-03-14T12:52:00,INC-034,recommendation-service,30.39,48.95,187.45,51.1,0.114,24.98,
2026-03-14T12:53:00,INC-034,api-gateway,13.39,35.39,307.50,178.6,0.342,,94.5
2026-03-14T12:53:00,INC-034,database,25.94,61.56,1064.27,8.0,0.076,42.87,
2026-03-14T12:53:00,INC-034,inventory-service,20.12,32.45,121.29,40.1,0.164,26.31,110.7
2026-03-14T12:53:00,INC-034,orders-api,36.37,38.64,92.68,93.6,0.366,35.32,92.2
2026-03-14T12:53:00,INC-034,payment-api,18.98,51.93,35.04,188.3,0.469,42.37,219.7
2026-03-14T12:53:00,INC-034,recommendation-service,30.98,48.65,186.42,64.4,0.121,27.47,
2026-03-14T12:54:00,INC-034,api-gateway,14.58,35.55,298.69,182.0,0.469,,92.7
2026-03-14T12:54:00,INC-034,database,26.52,61.82,1059.71,7.3,0.054,44.18,
2026-03-14T12:54:00,INC-034,inventory-service,18.80,32.46,123.17,39.8,0.143,24.66,112.5
2026-03-14T12:54:00,INC-034,orders-api,35.33,38.84,90.46,96.0,0.248,32.32,104.8
2026-03-14T12:54:00,INC-034,payment-api,20.93,52.33,35.49,189.1,0.477,41.84,225.1
2026-03-14T12:54:00,INC-034,recommendation-service,29.83,48.74,175.57,57.5,0.200,27.40,
2026-03-14T12:55:00,INC-034,api-gateway,16.25,35.46,314.42,189.2,0.473,,113.3
2026-03-14T12:55:00,INC-034,database,25.81,61.69,1062.43,6.9,0.058,43.48,
2026-03-14T12:55:00,INC-034,inventory-service,18.22,32.47,130.35,38.7,0.134,23.74,114.5
2026-03-14T12:55:00,INC-034,orders-api,35.38,38.61,85.95,97.9,0.226,30.87,103.5
2026-03-14T12:55:00,INC-034,payment-api,22.25,51.96,32.89,190.4,0.572,44.65,226.5
2026-03-14T12:55:00,INC-034,recommendation-service,30.16,48.90,170.46,58.2,0.193,24.80,
2026-03-14T12:56:00,INC-034,api-gateway,15.33,36.39,317.49,189.5,0.522,,120.5
2026-03-14T12:56:00,INC-034,database,28.54,61.77,1072.51,6.8,0.035,43.02,
2026-03-14T12:56:00,INC-034,inventory-service,16.79,32.10,122.73,40.2,0.139,22.30,110.0
2026-03-14T12:56:00,INC-034,orders-api,35.63,39.11,89.18,97.4,0.192,32.03,107.7
2026-03-14T12:56:00,INC-034,payment-api,24.24,52.28,32.90,203.0,0.462,44.03,213.1
2026-03-14T12:56:00,INC-034,recommendation-service,30.83,48.76,177.85,58.7,0.226,27.21,
2026-03-14T12:57:00,INC-034,api-gateway,15.35,35.71,315.21,182.1,0.635,,119.6
2026-03-14T12:57:00,INC-034,database,29.50,62.07,1095.79,7.7,0.063,44.20,
2026-03-14T12:57:00,INC-034,inventory-service,17.48,31.56,122.06,47.7,0.103,21.95,102.0
2026-03-14T12:57:00,INC-034,orders-api,37.50,39.71,95.37,97.4,0.149,32.55,108.5
2026-03-14T12:57:00,INC-034,payment-api,24.46,52.11,32.78,235.6,0.559,44.93,222.8
2026-03-14T12:57:00,INC-034,recommendation-service,29.29,48.37,182.83,61.0,0.167,28.20,
2026-03-14T12:58:00,INC-034,api-gateway,16.22,35.55,319.03,173.4,0.637,,110.4
2026-03-14T12:58:00,INC-034,database,28.17,62.11,1049.89,7.4,0.072,43.31,
2026-03-14T12:58:00,INC-034,inventory-service,18.13,31.37,118.64,40.9,0.117,23.22,103.0
2026-03-14T12:58:00,INC-034,orders-api,36.28,39.37,93.43,96.8,0.274,33.93,110.1
2026-03-14T12:58:00,INC-034,payment-api,22.64,51.94,32.35,233.5,0.452,43.27,237.8
2026-03-14T12:58:00,INC-034,recommendation-service,30.96,48.40,190.05,63.8,0.120,26.31,
2026-03-14T12:59:00,INC-034,api-gateway,15.49,36.07,305.67,157.1,0.567,,115.7
2026-03-14T12:59:00,INC-034,database,29.28,61.92,1105.32,7.1,0.122,43.65,
2026-03-14T12:59:00,INC-034,inventory-service,16.11,31.77,124.96,43.6,0.111,23.87,114.7
2026-03-14T12:59:00,INC-034,orders-api,35.59,38.88,89.86,93.2,0.335,29.93,95.2
2026-03-14T12:59:00,INC-034,payment-api,22.96,52.37,31.56,206.0,0.524,42.58,219.7
2026-03-14T12:59:00,INC-034,recommendation-service,32.99,48.87,187.93,64.1,0.114,26.23,
2026-03-14T13:00:00,INC-034,api-gateway,16.02,36.18,313.22,159.2,0.411,,122.0
2026-03-14T13:00:00,INC-034,database,28.74,61.57,1152.97,7.4,0.156,43.92,
2026-03-14T13:00:00,INC-034,inventory-service,15.11,31.52,124.35,44.0,0.118,25.07,119.1
2026-03-14T13:00:00,INC-034,orders-api,36.02,39.25,91.71,90.4,0.301,29.72,91.1
2026-03-14T13:00:00,INC-034,payment-api,20.57,51.65,31.15,216.9,0.410,40.80,222.9
2026-03-14T13:00:00,INC-034,recommendation-service,30.67,48.91,179.22,54.6,0.176,22.93,
2026-03-14T13:01:00,INC-034,api-gateway,15.61,36.06,293.72,159.1,0.544,,112.8
2026-03-14T13:01:00,INC-034,database,29.15,60.62,1132.28,6.6,0.140,44.45,
2026-03-14T13:01:00,INC-034,inventory-service,15.67,31.59,115.31,42.7,0.116,24.70,130.4
2026-03-14T13:01:00,INC-034,orders-api,36.64,40.61,90.43,95.9,0.245,29.34,102.0
2026-03-14T13:01:00,INC-034,payment-api,22.44,52.20,30.99,206.8,0.408,42.67,234.3
2026-03-14T13:01:00,INC-034,recommendation-service,33.12,48.79,172.30,53.1,0.194,22.96,
2026-03-14T13:02:00,INC-034,api-gateway,15.36,35.83,300.17,141.7,0.403,,112.2
2026-03-14T13:02:00,INC-034,database,31.08,61.27,1116.55,6.4,0.092,44.95,
2026-03-14T13:02:00,INC-034,inventory-service,16.57,32.12,118.71,37.4,0.133,25.16,127.6
2026-03-14T13:02:00,INC-034,orders-api,36.52,41.20,89.06,96.4,0.271,31.86,99.3
2026-03-14T13:02:00,INC-034,payment-api,23.22,51.76,30.14,202.9,0.450,44.89,229.7
2026-03-14T13:02:00,INC-034,recommendation-service,31.81,48.88,179.23,55.8,0.101,26.23,
2026-03-14T13:03:00,INC-034,api-gateway,13.25,35.98,303.43,152.8,0.232,,125.6
2026-03-14T13:03:00,INC-034,database,32.08,61.57,1082.16,6.2,0.103,43.41,
2026-03-14T13:03:00,INC-034,inventory-service,15.17,32.60,118.91,37.0,0.131,23.48,115.8
2026-03-14T13:03:00,INC-034,orders-api,36.81,42.67,88.66,103.4,0.273,32.36,122.0
2026-03-14T13:03:00,INC-034,payment-api,22.34,52.03,29.74,212.2,0.381,44.87,236.5
2026-03-14T13:03:00,INC-034,recommendation-service,29.62,49.64,179.31,57.2,0.108,24.38,
2026-03-14T13:04:00,INC-034,api-gateway,11.83,35.45,302.58,150.3,0.457,,114.3
2026-03-14T13:04:00,INC-034,database,31.34,61.56,1096.07,5.9,0.136,40.45,
2026-03-14T13:04:00,INC-034,inventory-service,15.17,32.08,120.08,38.6,0.117,23.56,113.6
2026-03-14T13:04:00,INC-034,orders-api,36.43,44.62,83.01,92.5,0.201,34.02,107.2
2026-03-14T13:04:00,INC-034,payment-api,20.54,51.63,31.73,203.1,0.806,45.85,240.9
2026-03-14T13:04:00,INC-034,recommendation-service,29.84,49.47,176.06,59.3,0.101,23.47,
2026-03-14T13:05:00,INC-034,api-gateway,12.82,35.30,278.66,140.4,0.213,,119.5
2026-03-14T13:05:00,INC-034,database,29.47,61.39,1047.17,5.5,0.111,38.97,
2026-03-14T13:05:00,INC-034,inventory-service,16.77,31.67,116.57,39.9,0.150,24.44,102.2
2026-03-14T13:05:00,INC-034,orders-api,37.05,45.74,85.88,97.1,0.281,32.86,96.7
2026-03-14T13:05:00,INC-034,payment-api,21.63,51.98,32.70,179.2,0.680,43.69,241.9
2026-03-14T13:05:00,INC-034,recommendation-service,30.35,49.13,169.90,58.8,0.071,26.70,
2026-03-14T13:06:00,INC-034,api-gateway,13.61,35.25,275.77,161.6,0.382,,123.9
2026-03-14T13:06:00,INC-034,database,29.72,61.11,1026.01,6.0,0.139,40.80,
2026-03-14T13:06:00,INC-034,inventory-service,16.81,31.79,117.63,40.0,0.077,26.12,117.0
2026-03-14T13:06:00,INC-034,orders-api,37.58,46.46,87.12,100.7,0.159,35.51,101.5
2026-03-14T13:06:00,INC-034,payment-api,21.28,52.32,33.16,188.3,0.432,42.94,203.4
2026-03-14T13:06:00,INC-034,recommendation-service,32.94,49.46,167.62,56.2,0.141,28.18,
2026-03-14T13:07:00,INC-034,api-gateway,14.40,34.99,288.36,162.3,0.565,,110.4
2026-03-14T13:07:00,INC-034,database,33.06,61.58,1059.47,6.0,0.077,40.76,
2026-03-14T13:07:00,INC-034,inventory-service,18.10,32.13,112.88,39.3,0.063,28.06,131.1
2026-03-14T13:07:00,INC-034,orders-api,36.42,47.27,90.77,92.6,0.148,33.62,108.5
2026-03-14T13:07:00,INC-034,payment-api,17.83,52.87,32.84,184.8,0.474,41.02,181.7
2026-03-14T13:07:00,INC-034,recommendation-service,32.15,49.51,170.85,54.8,0.092,27.18,
2026-03-14T13:08:00,INC-034,api-gateway,16.30,35.07,294.25,169.6,0.470,,121.0
2026-03-14T13:08:00,INC-034,database,30.11,61.77,1007.50,6.7,0.078,39.96,
2026-03-14T13:08:00,INC-034,inventory-service,18.07,32.16,116.96,39.9,0.089,27.18,127.1
2026-03-14T13:08:00,INC-034,orders-api,36.36,48.39,91.08,94.0,0.173,32.12,107.6
2026-03-14T13:08:00,INC-034,payment-api,20.35,52.64,30.81,212.5,0.280,39.98,197.9
2026-03-14T13:08:00,INC-034,recommendation-service,29.91,49.45,181.45,56.0,0.179,24.65,
2026-03-14T13:09:00,INC-034,api-gateway,17.03,35.86,282.85,185.3,0.515,,104.4
2026-03-14T13:09:00,INC-034,database,29.92,61.43,1037.64,7.1,0.067,42.51,
2026-03-14T13:09:00,INC-034,inventory-service,17.97,32.13,111.58,39.8,0.081,23.61,135.3
2026-03-14T13:09:00,INC-034,orders-api,33.22,48.89,90.23,98.4,0.162,34.27,100.5
2026-03-14T13:09:00,INC-034,payment-api,19.60,52.66,30.86,221.1,0.444,41.18,218.9
2026-03-14T13:09:00,INC-034,recommendation-service,29.97,49.18,172.93,50.2,0.168,25.11,
2026-03-14T13:10:00,INC-034,api-gateway,16.93,35.63,271.40,185.8,0.355,,110.3
2026-03-14T13:10:00,INC-034,database,28.48,61.16,1026.03,6.6,0.040,42.55,
2026-03-14T13:10:00,INC-034,inventory-service,17.73,31.71,112.72,39.3,0.068,23.45,127.2
2026-03-14T13:10:00,INC-034,orders-api,34.72,50.50,86.92,106.0,0.078,34.11,105.8
2026-03-14T13:10:00,INC-034,payment-api,19.66,52.36,29.94,203.0,0.487,41.32,198.2
2026-03-14T13:10:00,INC-034,recommendation-service,31.64,49.41,169.38,49.1,0.184,24.61,
2026-03-14T13:11:00,INC-034,api-gateway,16.84,35.95,273.00,188.4,0.596,,113.6
2026-03-14T13:11:00,INC-034,database,27.65,60.88,1062.82,7.1,0.029,43.21,
2026-03-14T13:11:00,INC-034,inventory-service,15.52,31.64,109.00,41.8,0.029,24.66,129.4
2026-03-14T13:11:00,INC-034,orders-api,35.10,51.75,84.96,105.9,0.083,29.52,115.1
2026-03-14T13:11:00,INC-034,payment-api,17.60,52.22,28.90,202.2,0.523,40.86,187.2
2026-03-14T13:11:00,INC-034,recommendation-service,32.24,49.10,170.23,52.1,0.176,25.43,
2026-03-14T13:12:00,INC-034,api-gateway,17.29,36.14,274.48,187.0,0.593,,98.2
2026-03-14T13:12:00,INC-034,database,27.74,61.69,1068.57,6.5,0.030,45.54,
2026-03-14T13:12:00,INC-034,inventory-service,18.03,31.96,110.62,40.7,0.086,24.53,126.4
2026-03-14T13:12:00,INC-034,orders-api,35.27,52.31,84.98,102.6,0.069,31.82,110.7
2026-03-14T13:12:00,INC-034,payment-api,19.40,52.86,30.68,200.0,0.686,41.72,175.5
2026-03-14T13:12:00,INC-034,recommendation-service,32.41,48.88,164.48,51.9,0.213,23.56,
2026-03-14T13:13:00,INC-034,api-gateway,15.39,36.12,290.04,171.4,0.525,,111.3
2026-03-14T13:13:00,INC-034,database,28.30,61.65,1054.39,6.8,0.031,44.74,
2026-03-14T13:13:00,INC-034,inventory-service,17.98,31.71,112.54,43.1,0.118,24.70,123.1
2026-03-14T13:13:00,INC-034,orders-api,35.34,53.19,86.40,103.9,0.176,32.93,105.1
2026-03-14T13:13:00,INC-034,payment-api,19.84,52.40,31.46,190.5,0.653,43.34,191.7
2026-03-14T13:13:00,INC-034,recommendation-service,34.14,49.02,167.90,51.2,0.197,23.67,
2026-03-14T13:14:00,INC-034,api-gateway,14.37,36.12,271.86,158.4,0.578,,108.0
2026-03-14T13:14:00,INC-034,database,28.12,61.53,1006.40,5.8,0.055,45.87,
2026-03-14T13:14:00,INC-034,inventory-service,15.79,32.27,114.83,41.6,0.113,24.60,120.6
2026-03-14T13:14:00,INC-034,orders-api,38.03,53.83,86.39,103.6,0.282,35.37,107.3
2026-03-14T13:14:00,INC-034,payment-api,19.44,52.13,30.54,176.5,0.740,42.82,191.1
2026-03-14T13:14:00,INC-034,recommendation-service,32.93,48.89,166.84,55.7,0.179,28.04,
2026-03-14T13:15:00,INC-034,api-gateway,14.36,36.15,276.96,181.6,0.520,,112.8
2026-03-14T13:15:00,INC-034,database,27.90,61.12,959.26,6.0,0.021,45.42,
2026-03-14T13:15:00,INC-034,inventory-service,14.96,32.44,114.81,42.8,0.125,21.95,129.6
2026-03-14T13:15:00,INC-034,orders-api,36.18,55.25,83.77,90.7,0.250,35.52,101.5
2026-03-14T13:15:00,INC-034,payment-api,18.48,52.07,30.07,185.8,0.707,41.64,199.0
2026-03-14T13:15:00,INC-034,recommendation-service,32.43,49.27,162.79,55.8,0.222,28.50,
2026-03-14T13:16:00,INC-034,api-gateway,14.86,36.18,268.57,186.6,0.511,,118.1
2026-03-14T13:16:00,INC-034,database,28.89,61.17,946.07,5.9,0.045,44.13,
2026-03-14T13:16:00,INC-034,inventory-service,17.78,32.69,115.12,39.0,0.104,25.53,130.4
2026-03-14T13:16:00,INC-034,orders-api,36.22,56.68,83.25,100.0,0.255,34.90,111.0
2026-03-14T13:16:00,INC-034,payment-api,17.47,51.80,29.60,205.7,0.729,43.72,211.9
2026-03-14T13:16:00,INC-034,recommendation-service,30.95,49.22,160.18,55.4,0.144,27.89,
2026-03-14T13:17:00,INC-034,api-gateway,15.80,35.41,266.06,179.1,0.358,,110.5
2026-03-14T13:17:00,INC-034,database,29.03,60.83,883.31,7.6,0.063,42.08,
2026-03-14T13:17:00,INC-034,inventory-service,20.03,32.72,118.89,42.0,0.086,22.03,109.2
2026-03-14T13:17:00,INC-034,orders-api,36.02,57.48,84.71,94.5,0.217,32.60,100.3
2026-03-14T13:17:00,INC-034,payment-api,16.65,52.07,29.68,214.9,0.506,44.16,195.6
2026-03-14T13:17:00,INC-034,recommendation-service,32.45,49.02,159.43,48.0,0.196,24.01,
2026-03-14T13:18:00,INC-034,api-gateway,12.94,35.98,254.06,176.5,0.434,,111.7
2026-03-14T13:18:00,INC-034,database,31.10,60.67,898.34,6.8,0.073,40.98,
2026-03-14T13:18:00,INC-034,inventory-service,19.00,32.96,110.80,39.7,0.116,25.08,115.3
2026-03-14T13:18:00,INC-034,orders-api,36.29,58.65,87.08,89.1,0.065,35.60,121.7
2026-03-14T13:18:00,INC-034,payment-api,20.17,52.29,28.02,204.0,0.550,44.19,194.0
2026-03-14T13:18:00,INC-034,recommendation-service,30.55,49.29,155.21,50.6,0.151,23.71,
2026-03-14T13:19:00,INC-034,api-gateway,14.32,35.62,266.65,187.5,0.291,,113.8
2026-03-14T13:19:00,INC-034,database,31.20,61.35,943.25,6.7,0.046,38.86,
2026-03-14T13:19:00,INC-034,inventory-service,19.73,33.14,115.14,38.5,0.055,29.10,121.7
2026-03-14T13:19:00,INC-034,orders-api,36.17,60.42,82.23,90.8,0.220,33.74,123.5
2026-03-14T13:19:00,INC-034,payment-api,20.45,52.43,27.07,197.7,0.613,46.26,197.5
2026-03-14T13:19:00,INC-034,recommendation-service,30.91,49.62,153.44,52.3,0.122,26.74,
2026-03-14T13:20:00,INC-034,api-gateway,14.83,35.67,256.50,176.2,0.295,,126.6
2026-03-14T13:20:00,INC-034,database,29.41,61.01,976.90,6.2,0.042,38.14,
2026-03-14T13:20:00,INC-034,inventory-service,18.63,33.13,107.58,34.3,0.139,25.79,130.6
2026-03-14T13:20:00,INC-034,orders-api,37.27,61.19,78.85,97.0,0.187,32.64,116.4
2026-03-14T13:20:00,INC-034,payment-api,20.21,51.82,27.06,180.6,0.661,43.26,189.5
2026-03-14T13:20:00,INC-034,recommendation-service,28.62,49.44,147.81,46.7,0.127,26.37,
2026-03-14T13:21:00,INC-034,api-gateway,13.99,35.69,257.63,178.2,0.308,,139.3
2026-03-14T13:21:00,INC-034,database,27.81,61.24,949.85,5.5,0.011,37.28,
2026-03-14T13:21:00,INC-034,inventory-service,17.73,32.76,112.82,36.8,0.162,22.51,114.1
2026-03-14T13:21:00,INC-034,orders-api,39.39,62.32,81.93,94.6,0.122,31.81,111.1
2026-03-14T13:21:00,INC-034,payment-api,16.90,51.88,27.25,168.3,0.489,43.43,200.0
2026-03-14T13:21:00,INC-034,recommendation-service,27.66,49.10,159.17,50.4,0.131,27.26,
2026-03-14T13:22:00,INC-034,api-gateway,15.33,35.90,256.15,391.9,0.401,,145.8
2026-03-14T13:22:00,INC-034,database,25.75,61.27,903.17,5.5,0.030,38.90,
2026-03-14T13:22:00,INC-034,inventory-service,19.22,32.36,110.69,36.8,0.078,23.33,109.6
2026-03-14T13:22:00,INC-034,orders-api,39.25,63.46,78.44,98.7,0.021,32.53,102.0
2026-03-14T13:22:00,INC-034,payment-api,17.09,51.93,27.69,174.9,0.612,43.63,198.7
2026-03-14T13:22:00,INC-034,recommendation-service,27.24,49.12,156.03,49.0,0.121,27.00,
2026-03-14T13:23:00,INC-034,api-gateway,15.11,35.76,261.77,201.1,0.284,,174.4
2026-03-14T13:23:00,INC-034,database,26.48,61.17,912.35,5.2,0.010,41.28,
2026-03-14T13:23:00,INC-034,inventory-service,19.56,32.24,110.59,39.8,0.072,23.40,105.2
2026-03-14T13:23:00,INC-034,orders-api,40.07,64.31,77.17,99.6,0.090,33.32,102.3
2026-03-14T13:23:00,INC-034,payment-api,19.18,52.26,28.27,169.2,0.492,43.66,194.7
2026-03-14T13:23:00,INC-034,recommendation-service,27.99,49.27,166.60,55.9,0.179,26.39,
2026-03-14T13:24:00,INC-034,api-gateway,14.72,35.53,255.40,185.2,0.276,,155.2
2026-03-14T13:24:00,INC-034,database,26.74,61.34,976.91,5.6,0.015,44.36,
2026-03-14T13:24:00,INC-034,inventory-service,18.39,32.38,110.69,39.1,0.054,23.52,106.2
2026-03-14T13:24:00,INC-034,orders-api,39.02,66.12,74.77,103.0,0.159,32.84,98.8
2026-03-14T13:24:00,INC-034,payment-api,18.62,52.75,28.23,175.3,0.297,44.11,226.8
2026-03-14T13:24:00,INC-034,recommendation-service,27.12,48.82,171.41,56.5,0.164,25.85,
2026-03-14T13:25:00,INC-034,api-gateway,15.45,35.90,260.88,197.6,0.265,,141.6
2026-03-14T13:25:00,INC-034,database,26.04,61.22,994.91,5.8,0.054,41.30,
2026-03-14T13:25:00,INC-034,inventory-service,16.41,31.99,108.71,38.9,0.118,21.83,114.6
2026-03-14T13:25:00,INC-034,orders-api,37.92,66.44,78.68,105.4,0.169,33.50,124.1
2026-03-14T13:25:00,INC-034,payment-api,19.31,52.92,30.50,171.5,0.407,42.33,248.4
2026-03-14T13:25:00,INC-034,recommendation-service,27.35,49.11,167.60,61.7,0.120,22.64,
2026-03-14T13:26:00,INC-034,api-gateway,13.89,35.85,253.41,187.7,0.071,,133.4
2026-03-14T13:26:00,INC-034,database,26.99,61.60,1039.04,5.6,0.056,41.74,
2026-03-14T13:26:00,INC-034,inventory-service,17.14,32.25,109.35,39.0,0.117,22.16,103.0
2026-03-14T13:26:00,INC-034,orders-api,36.34,66.88,78.16,98.0,0.243,33.47,116.6
2026-03-14T13:26:00,INC-034,payment-api,18.81,52.21,29.34,166.5,0.481,40.63,237.5
2026-03-14T13:26:00,INC-034,recommendation-service,30.12,49.66,172.68,61.3,0.124,23.97,
2026-03-14T13:27:00,INC-034,api-gateway,13.42,35.70,267.56,209.2,0.122,,138.4
2026-03-14T13:27:00,INC-034,database,28.42,61.93,1037.89,6.4,0.026,41.69,
2026-03-14T13:27:00,INC-034,inventory-service,16.62,33.37,109.05,43.8,0.094,23.71,106.3
2026-03-14T13:27:00,INC-034,orders-api,35.51,68.76,79.96,103.1,0.219,33.55,113.1
2026-03-14T13:27:00,INC-034,payment-api,20.32,52.75,30.47,180.3,0.389,40.76,236.8
2026-03-14T13:27:00,INC-034,recommendation-service,30.03,50.04,180.54,67.5,0.158,24.04,
2026-03-14T13:28:00,INC-034,api-gateway,15.00,35.31,269.25,204.7,0.168,,146.3
2026-03-14T13:28:00,INC-034,database,28.65,62.41,1081.60,10.1,0.484,42.44,
2026-03-14T13:28:00,INC-034,inventory-service,18.99,32.85,110.85,43.6,0.041,23.64,108.7
2026-03-14T13:28:00,INC-034,orders-api,37.28,69.85,85.46,101.1,0.359,31.53,114.4
2026-03-14T13:28:00,INC-034,payment-api,21.14,52.74,30.92,183.1,0.292,39.99,212.6
2026-03-14T13:28:00,INC-034,recommendation-service,27.69,49.51,182.32,60.2,0.172,24.55,
2026-03-14T13:29:00,INC-034,api-gateway,13.78,34.97,263.78,200.4,0.357,,142.0
2026-03-14T13:29:00,INC-034,database,28.63,62.40,1040.48,6.8,0.039,41.40,
2026-03-14T13:29:00,INC-034,inventory-service,18.82,32.76,114.67,40.0,0.001,25.69,124.3
2026-03-14T13:29:00,INC-034,orders-api,37.65,71.00,87.64,99.3,0.404,32.05,112.4
2026-03-14T13:29:00,INC-034,payment-api,21.66,52.28,29.93,173.5,0.345,43.26,233.5
2026-03-14T13:29:00,INC-034,recommendation-service,29.69,48.82,174.79,58.1,0.156,27.23,
2026-03-14T13:30:00,INC-034,api-gateway,12.84,35.19,270.55,192.8,0.383,,133.2
2026-03-14T13:30:00,INC-034,database,28.60,62.41,1041.91,7.0,0.054,41.88,
2026-03-14T13:30:00,INC-034,inventory-service,20.05,32.31,106.71,42.4,0.041,25.69,121.0
2026-03-14T13:30:00,INC-034,orders-api,38.64,72.38,86.39,99.6,0.370,32.68,110.5
2026-03-14T13:30:00,INC-034,payment-api,21.10,52.64,30.58,187.4,0.330,44.06,216.0
2026-03-14T13:30:00,INC-034,recommendation-service,30.62,49.19,168.53,60.2,0.101,26.47,
2026-03-14T13:31:00,INC-034,api-gateway,11.05,35.27,257.84,156.5,0.446,,132.0
2026-03-14T13:31:00,INC-034,database,29.43,61.92,1016.79,7.0,0.089,38.85,
2026-03-14T13:31:00,INC-034,inventory-service,20.56,32.67,110.18,42.0,0.051,24.26,138.9
2026-03-14T13:31:00,INC-034,orders-api,38.04,73.28,83.43,103.8,0.203,33.29,111.4
2026-03-14T13:31:00,INC-034,payment-api,21.11,52.65,29.66,189.7,0.374,43.06,237.7
2026-03-14T13:31:00,INC-034,recommendation-service,31.40,49.34,170.13,56.6,0.074,24.59,
2026-03-14T13:32:00,INC-034,api-gateway,12.54,35.00,267.62,164.4,0.697,,147.8
2026-03-14T13:32:00,INC-034,database,28.73,61.68,984.77,6.9,0.097,41.54,
2026-03-14T13:32:00,INC-034,inventory-service,18.98,32.87,109.30,42.1,0.053,24.78,148.7
2026-03-14T13:32:00,INC-034,orders-api,38.00,74.50,79.95,115.1,0.287,32.30,127.8
2026-03-14T13:32:00,INC-034,payment-api,21.50,52.76,28.31,183.1,0.212,43.77,213.6
2026-03-14T13:32:00,INC-034,recommendation-service,33.87,49.69,159.27,57.7,0.071,21.99,
2026-03-14T13:33:00,INC-034,api-gateway,11.30,34.65,271.22,180.4,0.647,,155.0
2026-03-14T13:33:00,INC-034,database,29.59,61.57,972.87,6.8,0.083,41.84,
2026-03-14T13:33:00,INC-034,inventory-service,16.74,32.55,109.80,41.9,0.070,21.42,122.3
2026-03-14T13:33:00,INC-034,orders-api,39.22,75.42,82.39,162.6,0.935,32.04,132.1
2026-03-14T13:33:00,INC-034,payment-api,21.51,52.20,28.56,182.8,0.229,43.87,222.9
2026-03-14T13:33:00,INC-034,recommendation-service,32.36,49.48,162.00,57.8,0.104,23.40,
2026-03-14T13:34:00,INC-034,api-gateway,12.66,34.77,279.63,166.0,0.594,,142.6
2026-03-14T13:34:00,INC-034,database,27.55,61.25,1049.47,5.8,0.067,43.12,
2026-03-14T13:34:00,INC-034,inventory-service,14.80,32.50,112.47,50.4,0.062,23.19,124.7
2026-03-14T13:34:00,INC-034,orders-api,42.42,76.75,82.65,107.3,0.302,32.34,121.7
2026-03-14T13:34:00,INC-034,payment-api,22.09,51.97,29.67,198.5,0.272,45.75,241.1
2026-03-14T13:34:00,INC-034,recommendation-service,32.16,49.49,174.86,65.7,0.059,25.95,
2026-03-14T13:35:00,INC-034,api-gateway,11.02,35.27,266.04,185.9,0.523,,137.6
2026-03-14T13:35:00,INC-034,database,27.35,61.13,1035.98,6.1,0.074,44.47,
2026-03-14T13:35:00,INC-034,inventory-service,13.09,32.22,106.98,44.6,0.108,23.79,126.4
2026-03-14T13:35:00,INC-034,orders-api,40.20,77.62,76.86,115.1,0.235,31.38,126.7
2026-03-14T13:35:00,INC-034,payment-api,20.10,51.96,29.29,177.2,0.400,45.68,196.0
2026-03-14T13:35:00,INC-034,recommendation-service,29.82,48.87,168.33,61.6,0.022,24.85,
2026-03-14T13:36:00,INC-034,api-gateway,12.51,35.06,267.49,185.5,0.621,,150.8
2026-03-14T13:36:00,INC-034,database,30.41,60.91,1038.90,6.2,0.094,44.59,
2026-03-14T13:36:00,INC-034,inventory-service,11.91,32.69,109.37,100.9,0.648,24.20,123.2
2026-03-14T13:36:00,INC-034,orders-api,41.41,78.52,77.83,109.1,0.316,29.40,142.0
2026-03-14T13:36:00,INC-034,payment-api,19.31,52.11,30.83,182.4,0.513,44.94,210.3
2026-03-14T13:36:00,INC-034,recommendation-service,30.65,49.45,171.65,57.3,0.028,24.86,
2026-03-14T13:37:00,INC-034,api-gateway,12.18,35.49,280.78,187.8,0.606,,141.0
2026-03-14T13:37:00,INC-034,database,29.71,60.63,1083.93,7.1,0.110,42.53,
2026-03-14T13:37:00,INC-034,inventory-service,11.90,32.49,117.04,44.7,0.109,26.05,130.1
2026-03-14T13:37:00,INC-034,orders-api,41.18,79.65,82.25,118.1,0.302,31.88,142.9
2026-03-14T13:37:00,INC-034,payment-api,20.03,52.78,32.85,174.9,0.447,44.76,207.2
2026-03-14T13:37:00,INC-034,recommendation-service,30.69,49.20,174.75,62.4,0.112,23.00,
2026-03-14T13:38:00,INC-034,api-gateway,10.85,35.85,276.67,191.4,0.660,,155.1
2026-03-14T13:38:00,INC-034,database,26.17,60.88,1071.28,7.5,0.105,40.23,
2026-03-14T13:38:00,INC-034,inventory-service,14.08,32.57,108.72,42.2,0.043,24.22,139.7
2026-03-14T13:38:00,INC-034,orders-api,42.68,80.58,79.47,129.2,0.396,31.41,141.5
2026-03-14T13:38:00,INC-034,payment-api,18.77,52.35,32.04,190.0,0.337,43.54,227.1
2026-03-14T13:38:00,INC-034,recommendation-service,30.63,49.06,169.76,62.0,0.135,24.19,
2026-03-14T13:39:00,INC-034,api-gateway,13.39,35.66,264.56,179.9,0.530,,176.7
2026-03-14T13:39:00,INC-034,database,26.52,61.50,1041.38,6.6,0.107,41.82,
2026-03-14T13:39:00,INC-034,inventory-service,14.17,32.34,104.02,39.5,0.064,27.41,127.7
2026-03-14T13:39:00,INC-034,orders-api,44.76,81.78,83.90,131.9,0.260,30.86,128.0
2026-03-14T13:39:00,INC-034,payment-api,19.50,52.64,30.74,183.6,0.496,43.16,238.3
2026-03-14T13:39:00,INC-034,recommendation-service,29.72,48.90,163.41,68.1,0.146,24.41,
2026-03-14T13:40:00,INC-034,api-gateway,15.40,35.42,266.85,180.1,0.900,,189.0
2026-03-14T13:40:00,INC-034,database,27.06,61.09,1054.88,6.8,0.091,42.38,
2026-03-14T13:40:00,INC-034,inventory-service,14.48,32.17,111.39,40.3,0.077,27.40,128.4
2026-03-14T13:40:00,INC-034,orders-api,44.60,82.89,82.79,134.7,0.345,32.60,115.7
2026-03-14T13:40:00,INC-034,payment-api,20.40,52.60,29.04,182.8,0.625,43.15,228.6
2026-03-14T13:40:00,INC-034,recommendation-service,31.63,48.74,160.00,63.1,0.141,25.31,
2026-03-14T13:41:00,INC-034,api-gateway,16.80,35.50,268.79,194.0,0.584,,198.2
2026-03-14T13:41:00,INC-034,database,25.72,61.31,1070.91,6.6,0.123,41.51,
2026-03-14T13:41:00,INC-034,inventory-service,17.31,32.06,114.35,43.4,0.070,27.31,147.5
2026-03-14T13:41:00,INC-034,orders-api,42.62,84.00,82.42,144.9,0.220,30.96,101.6
2026-03-14T13:41:00,INC-034,payment-api,21.49,52.65,29.73,172.5,0.600,40.91,212.9
2026-03-14T13:41:00,INC-034,recommendation-service,29.97,47.85,172.45,63.7,0.191,24.02,
2026-03-14T13:42:00,INC-034,api-gateway,13.43,35.00,273.35,186.3,0.413,,194.9
2026-03-14T13:42:00,INC-034,database,24.96,61.63,1028.30,7.0,0.069,40.11,
2026-03-14T13:42:00,INC-034,inventory-service,16.10,32.03,118.29,38.7,0.139,29.54,126.4
2026-03-14T13:42:00,INC-034,orders-api,44.06,84.77,84.55,142.6,0.332,31.95,104.9
2026-03-14T13:42:00,INC-034,payment-api,20.22,52.07,30.15,177.3,0.626,39.58,205.6
2026-03-14T13:42:00,INC-034,recommendation-service,32.51,47.70,168.04,61.4,0.199,28.79,
2026-03-14T13:43:00,INC-034,api-gateway,12.43,35.54,267.58,187.6,0.591,,183.8
2026-03-14T13:43:00,INC-034,database,24.15,61.67,1015.53,6.9,0.100,40.03,
2026-03-14T13:43:00,INC-034,inventory-service,15.44,32.92,118.05,39.2,0.133,29.01,118.9
2026-03-14T13:43:00,INC-034,orders-api,43.86,85.59,79.11,159.1,0.589,32.24,116.7
2026-03-14T13:43:00,INC-034,payment-api,20.90,52.45,30.05,196.5,0.378,40.63,211.5
2026-03-14T13:43:00,INC-034,recommendation-service,31.58,48.38,170.24,60.7,0.143,28.46,
2026-03-14T13:44:00,INC-034,api-gateway,11.48,35.30,295.36,212.5,0.868,,179.8
2026-03-14T13:44:00,INC-034,database,27.00,62.37,1046.21,15.8,0.287,40.14,
2026-03-14T13:44:00,INC-034,inventory-service,16.30,32.50,118.52,40.8,0.132,26.06,122.8
2026-03-14T13:44:00,INC-034,orders-api,43.20,86.84,80.31,167.3,1.072,30.46,110.5
2026-03-14T13:44:00,INC-034,payment-api,19.49,52.40,30.72,184.7,0.324,41.27,226.6
2026-03-14T13:44:00,INC-034,recommendation-service,32.92,48.17,168.65,52.1,0.146,25.06,
2026-03-14T13:45:00,INC-034,api-gateway,14.32,35.82,281.03,244.3,1.090,,189.8
2026-03-14T13:45:00,INC-034,database,26.17,62.37,997.64,7.2,0.082,41.40,
2026-03-14T13:45:00,INC-034,inventory-service,15.63,32.66,126.77,40.2,0.077,25.01,124.6
2026-03-14T13:45:00,INC-034,orders-api,42.52,87.93,78.93,188.2,1.535,32.18,115.2
2026-03-14T13:45:00,INC-034,payment-api,20.58,52.29,30.93,188.8,0.720,39.70,233.7
2026-03-14T13:45:00,INC-034,recommendation-service,30.12,48.47,170.02,57.0,0.149,24.69,
2026-03-14T13:46:00,INC-034,api-gateway,14.63,35.42,297.06,246.1,1.447,,173.2
2026-03-14T13:46:00,INC-034,database,26.70,61.78,1029.42,6.8,0.089,40.40,
2026-03-14T13:46:00,INC-034,inventory-service,18.00,32.41,129.47,39.0,0.089,25.47,127.2
2026-03-14T13:46:00,INC-034,orders-api,45.19,88.54,84.30,172.6,2.555,33.61,128.4
2026-03-14T13:46:00,INC-034,payment-api,22.52,52.07,31.59,185.2,0.530,40.52,246.1
2026-03-14T13:46:00,INC-034,recommendation-service,28.93,49.01,173.25,63.6,0.141,25.06,
2026-03-14T13:47:00,INC-034,api-gateway,15.19,35.50,316.67,262.6,1.655,,183.1
2026-03-14T13:47:00,INC-034,database,27.95,61.64,1047.31,7.4,0.108,42.05,
2026-03-14T13:47:00,INC-034,inventory-service,17.56,32.46,132.27,41.3,0.117,24.96,117.1
2026-03-14T13:47:00,INC-034,orders-api,46.21,89.77,84.44,192.8,3.796,32.15,133.1
2026-03-14T13:47:00,INC-034,payment-api,21.40,51.92,33.15,181.2,0.584,39.89,247.7
2026-03-14T13:47:00,INC-034,recommendation-service,30.36,48.53,177.27,64.9,0.184,25.75,
2026-03-14T13:48:00,INC-034,api-gateway,14.23,35.44,298.96,272.0,1.476,,197.5
2026-03-14T13:48:00,INC-034,database,28.85,61.50,1083.84,6.9,0.080,40.78,
2026-03-14T13:48:00,INC-034,inventory-service,17.40,32.21,135.52,44.7,0.100,25.82,123.3
2026-03-14T13:48:00,INC-034,orders-api,49.25,90.93,84.61,189.0,3.833,32.72,137.5
2026-03-14T13:48:00,INC-034,payment-api,22.86,52.32,32.19,209.2,0.528,42.26,240.6
2026-03-14T13:48:00,INC-034,recommendation-service,39.78,48.30,217.07,60.8,0.158,45.17,
2026-03-14T13:49:00,INC-034,api-gateway,13.57,35.37,306.45,284.2,2.212,,216.9
2026-03-14T13:49:00,INC-034,database,30.30,61.86,1072.80,6.9,0.079,40.92,
2026-03-14T13:49:00,INC-034,inventory-service,19.85,31.86,137.60,45.7,0.075,22.05,126.7
2026-03-14T13:49:00,INC-034,orders-api,51.64,92.26,87.59,196.5,6.376,32.46,145.3
2026-03-14T13:49:00,INC-034,payment-api,22.29,52.58,33.06,213.9,0.578,43.35,248.5
2026-03-14T13:49:00,INC-034,recommendation-service,41.66,48.41,227.15,61.3,0.189,46.63,
2026-03-14T13:50:00,INC-034,api-gateway,14.61,35.33,296.70,270.5,2.398,,224.5
2026-03-14T13:50:00,INC-034,database,30.74,61.57,1059.05,6.7,0.080,42.18,
2026-03-14T13:50:00,INC-034,inventory-service,18.26,32.18,136.12,40.6,0.098,24.81,127.3
2026-03-14T13:50:00,INC-034,orders-api,50.77,93.43,83.47,200.7,6.163,30.78,129.5
2026-03-14T13:50:00,INC-034,payment-api,20.59,52.38,32.97,212.6,0.620,45.30,236.5
2026-03-14T13:50:00,INC-034,recommendation-service,38.73,48.38,197.05,58.7,0.236,36.13,
2026-03-14T13:51:00,INC-034,api-gateway,14.70,35.70,288.41,272.1,3.788,,225.3
2026-03-14T13:51:00,INC-034,database,31.97,61.74,1072.07,6.8,0.081,40.94,
2026-03-14T13:51:00,INC-034,inventory-service,18.31,32.77,120.21,42.6,0.081,24.71,117.0
2026-03-14T13:51:00,INC-034,orders-api,52.33,94.54,83.51,217.3,9.752,30.93,114.3
2026-03-14T13:51:00,INC-034,payment-api,20.41,52.06,33.38,231.4,0.775,44.83,232.5
2026-03-14T13:51:00,INC-034,recommendation-service,32.29,48.97,166.76,62.4,0.215,26.71,
2026-03-14T13:52:00,INC-034,api-gateway,15.91,35.69,300.20,296.3,3.185,,241.8
2026-03-14T13:52:00,INC-034,database,29.85,61.38,1036.69,7.0,0.088,42.52,
2026-03-14T13:52:00,INC-034,inventory-service,18.03,32.75,121.54,40.6,0.101,26.29,112.4
2026-03-14T13:52:00,INC-034,orders-api,50.62,95.84,81.43,235.7,7.931,32.51,103.3
2026-03-14T13:52:00,INC-034,payment-api,19.37,51.84,31.72,229.2,0.471,44.88,221.7
2026-03-14T13:52:00,INC-034,recommendation-service,32.22,49.17,174.48,56.6,0.208,26.02,
2026-03-14T13:53:00,INC-034,api-gateway,15.89,35.89,299.98,291.6,5.228,,276.8
2026-03-14T13:53:00,INC-034,database,28.05,61.33,1112.67,7.0,0.098,44.43,
2026-03-14T13:53:00,INC-034,inventory-service,17.76,32.84,118.82,42.1,0.089,24.46,118.4
2026-03-14T13:53:00,INC-034,orders-api,52.09,97.24,83.46,267.7,13.569,32.20,102.9
2026-03-14T13:53:00,INC-034,payment-api,19.09,52.13,33.75,210.2,0.744,45.53,242.4
2026-03-14T13:53:00,INC-034,recommendation-service,31.11,49.34,177.49,58.6,0.177,26.14,
2026-03-14T13:54:00,INC-034,api-gateway,14.67,35.38,288.31,284.7,5.772,,273.3
2026-03-14T13:54:00,INC-034,database,27.47,60.86,1100.73,6.5,0.052,42.36,
2026-03-14T13:54:00,INC-034,inventory-service,17.11,32.94,120.74,42.4,0.097,22.88,103.5
2026-03-14T13:54:00,INC-034,orders-api,54.18,98.18,84.09,261.2,14.842,34.62,101.7
2026-03-14T13:54:00,INC-034,payment-api,17.81,51.94,34.40,189.3,0.615,46.06,257.5
2026-03-14T13:54:00,INC-034,recommendation-service,28.65,49.24,177.90,52.8,0.146,24.64,
2026-03-14T13:55:00,INC-034,api-gateway,13.52,35.67,305.59,299.2,5.447,,274.2
2026-03-14T13:55:00,INC-034,database,30.37,61.69,1040.79,6.7,0.053,47.28,
2026-03-14T13:55:00,INC-034,inventory-service,15.79,32.91,125.39,47.1,0.118,24.71,91.4
2026-03-14T13:55:00,INC-034,orders-api,51.75,98.76,87.25,280.9,14.660,32.55,113.1
2026-03-14T13:55:00,INC-034,payment-api,18.82,51.86,33.96,173.4,0.456,46.53,213.9
2026-03-14T13:55:00,INC-034,recommendation-service,29.35,49.63,172.47,55.8,0.128,24.80,
2026-03-14T13:56:00,INC-034,api-gateway,13.12,35.73,303.84,281.8,5.046,,269.3
2026-03-14T13:56:00,INC-034,database,28.34,60.97,1016.33,7.0,0.030,43.17,
2026-03-14T13:56:00,INC-034,inventory-service,14.78,32.19,126.06,47.8,0.091,24.83,95.4
2026-03-14T13:56:00,INC-034,orders-api,52.16,99.38,83.73,291.2,13.743,29.70,110.1
2026-03-14T13:56:00,INC-034,payment-api,19.37,52.28,32.76,173.4,0.437,44.56,198.4
2026-03-14T13:56:00,INC-034,recommendation-service,30.35,49.58,179.66,79.2,0.637,24.38,
2026-03-14T13:57:00,INC-034,api-gateway,15.76,35.50,310.28,297.8,6.211,,296.3
2026-03-14T13:57:00,INC-034,database,29.51,61.34,1055.68,6.9,0.025,42.99,
2026-03-14T13:57:00,INC-034,inventory-service,16.59,32.36,126.96,50.6,0.108,25.23,106.5
2026-03-14T13:57:00,INC-034,orders-api,52.86,99.28,84.60,331.7,16.835,29.03,116.3
2026-03-14T13:57:00,INC-034,payment-api,18.46,51.93,33.09,197.9,0.522,45.65,222.0
2026-03-14T13:57:00,INC-034,recommendation-service,31.71,49.00,181.25,55.1,0.182,25.05,
2026-03-14T13:58:00,INC-034,api-gateway,15.85,35.67,315.77,297.5,6.003,,287.6
2026-03-14T13:58:00,INC-034,database,28.28,61.60,1025.62,7.3,0.042,43.92,
2026-03-14T13:58:00,INC-034,inventory-service,15.53,31.95,118.12,44.7,0.097,23.52,100.2
2026-03-14T13:58:00,INC-034,orders-api,53.37,99.34,89.34,323.8,16.132,29.78,113.8
2026-03-14T13:58:00,INC-034,payment-api,17.26,51.61,32.95,190.0,0.488,44.84,210.1
2026-03-14T13:58:00,INC-034,recommendation-service,33.60,48.77,183.73,53.3,0.182,27.22,
2026-03-14T13:59:00,INC-034,api-gateway,16.90,35.40,314.33,283.0,5.800,,281.9
2026-03-14T13:59:00,INC-034,database,28.82,61.63,1043.02,6.4,0.075,44.16,
2026-03-14T13:59:00,INC-034,inventory-service,13.30,32.04,116.18,49.7,0.041,25.43,107.6
2026-03-14T13:59:00,INC-034,orders-api,54.06,99.27,90.88,302.0,15.111,32.05,125.7
2026-03-14T13:59:00,INC-034,payment-api,18.78,51.75,31.78,175.7,0.530,43.47,191.4
2026-03-14T13:59:00,INC-034,recommendation-service,32.77,48.67,190.06,54.3,0.119,23.95,
2026-03-14T14:00:00,INC-034,api-gateway,14.68,34.55,319.90,258.2,5.354,,260.8
2026-03-14T14:00:00,INC-034,database,29.49,62.08,1117.17,6.7,0.078,43.56,
2026-03-14T14:00:00,INC-034,inventory-service,15.01,32.39,120.03,49.1,0.129,26.74,114.3
2026-03-14T14:00:00,INC-034,orders-api,52.70,99.05,89.54,278.0,13.968,35.03,117.1
2026-03-14T14:00:00,INC-034,payment-api,17.47,51.69,33.13,187.1,0.751,40.71,200.9
2026-03-14T14:00:00,INC-034,recommendation-service,30.38,48.39,189.27,57.9,0.076,21.19,
2026-03-14T14:01:00,INC-034,api-gateway,15.17,34.80,332.83,270.8,4.339,,263.7
2026-03-14T14:01:00,INC-034,database,28.76,61.95,1101.61,7.5,0.060,42.06,
2026-03-14T14:01:00,INC-034,inventory-service,16.37,32.77,123.45,45.2,0.140,25.49,102.1
2026-03-14T14:01:00,INC-034,orders-api,53.90,98.97,90.00,258.9,11.650,34.61,120.5
2026-03-14T14:01:00,INC-034,payment-api,18.86,51.56,32.40,202.2,0.688,44.53,226.5
2026-03-14T14:01:00,INC-034,recommendation-service,29.72,48.94,199.65,52.7,0.080,21.38,
2026-03-14T14:02:00,INC-034,api-gateway,12.60,34.85,314.58,276.7,4.891,,271.9
2026-03-14T14:02:00,INC-034,database,28.04,61.47,1121.23,7.2,0.069,44.96,
2026-03-14T14:02:00,INC-034,inventory-service,17.53,32.09,127.06,45.6,0.164,22.97,105.7
2026-03-14T14:02:00,INC-034,orders-api,55.31,99.50,88.77,287.6,13.077,33.55,115.6
2026-03-14T14:02:00,INC-034,payment-api,19.94,51.78,31.98,203.1,0.558,46.34,210.2
2026-03-14T14:02:00,INC-034,recommendation-service,31.47,48.92,197.59,54.5,0.144,23.58,
2026-03-14T14:03:00,INC-034,api-gateway,11.55,34.87,308.53,288.9,6.024,,270.3
2026-03-14T14:03:00,INC-034,database,27.26,61.35,1169.34,7.4,0.056,44.26,
2026-03-14T14:03:00,INC-034,inventory-service,15.21,32.32,128.92,47.4,0.205,22.51,126.9
2026-03-14T14:03:00,INC-034,orders-api,52.26,98.86,88.91,286.6,16.237,33.82,122.8
2026-03-14T14:03:00,INC-034,payment-api,20.95,51.95,32.68,190.5,0.407,48.19,196.3
2026-03-14T14:03:00,INC-034,recommendation-service,28.96,48.80,197.43,54.0,0.154,22.19,
2026-03-14T14:04:00,INC-034,api-gateway,12.13,34.44,292.73,292.0,5.540,,287.2
2026-03-14T14:04:00,INC-034,database,27.96,61.41,1196.30,7.1,0.079,47.17,
2026-03-14T14:04:00,INC-034,inventory-service,16.42,32.73,136.25,46.9,0.231,20.47,116.4
2026-03-14T14:04:00,INC-034,orders-api,51.54,99.07,92.65,289.1,15.495,31.29,120.6
2026-03-14T14:04:00,INC-034,payment-api,20.80,52.33,33.10,495.9,0.490,46.92,213.5
2026-03-14T14:04:00,INC-034,recommendation-service,30.97,49.19,208.30,53.4,0.087,25.13,
2026-03-14T14:05:00,INC-034,api-gateway,13.45,34.52,295.61,303.8,4.720,,305.8
2026-03-14T14:05:00,INC-034,database,29.87,62.00,1183.23,7.0,0.076,42.96,
2026-03-14T14:05:00,INC-034,inventory-service,18.91,32.84,138.04,47.9,0.194,21.89,124.1
2026-03-14T14:05:00,INC-034,orders-api,53.34,99.03,98.33,297.3,12.863,30.14,116.8
2026-03-14T14:05:00,INC-034,payment-api,21.85,51.96,34.09,185.9,0.048,45.55,196.1
2026-03-14T14:05:00,INC-034,recommendation-service,32.75,49.57,205.84,53.4,0.039,23.99,
2026-03-14T14:06:00,INC-034,api-gateway,14.31,35.36,289.63,289.5,5.897,,305.1
2026-03-14T14:06:00,INC-034,database,27.81,61.66,1154.48,6.5,0.093,43.78,
2026-03-14T14:06:00,INC-034,inventory-service,18.67,33.11,130.69,42.7,0.142,25.99,130.4
2026-03-14T14:06:00,INC-034,orders-api,54.19,99.32,93.04,318.6,15.996,30.07,109.7
2026-03-14T14:06:00,INC-034,payment-api,21.11,52.74,34.41,186.9,0.173,44.30,204.2
2026-03-14T14:06:00,INC-034,recommendation-service,33.87,49.37,208.07,52.1,0.093,25.83,
2026-03-14T14:07:00,INC-034,api-gateway,15.13,35.25,300.96,280.0,4.317,,272.5
2026-03-14T14:07:00,INC-034,database,28.33,60.94,1124.48,7.0,0.066,42.24,
2026-03-14T14:07:00,INC-034,inventory-service,18.57,32.94,127.03,41.7,0.135,24.39,149.3
2026-03-14T14:07:00,INC-034,orders-api,54.06,98.97,90.71,281.4,11.802,30.44,105.8
2026-03-14T14:07:00,INC-034,payment-api,20.42,52.19,35.11,179.8,0.438,44.70,191.0
2026-03-14T14:07:00,INC-034,recommendation-service,33.48,49.33,205.29,51.4,0.162,28.05,
2026-03-14T14:08:00,INC-034,api-gateway,15.04,34.72,315.85,295.0,5.128,,277.2
2026-03-14T14:08:00,INC-034,database,29.36,61.23,1084.06,7.2,0.096,41.26,
2026-03-14T14:08:00,INC-034,inventory-service,16.44,32.57,123.78,41.6,0.160,23.88,122.9
2026-03-14T14:08:00,INC-034,orders-api,52.65,99.49,94.71,298.2,14.021,32.05,94.6
2026-03-14T14:08:00,INC-034,payment-api,21.72,52.65,33.98,183.8,0.567,42.36,179.8
2026-03-14T14:08:00,INC-034,recommendation-service,33.92,49.30,202.63,54.4,0.170,27.67,
2026-03-14T14:09:00,INC-034,api-gateway,14.40,34.79,321.15,303.0,5.460,,279.0
2026-03-14T14:09:00,INC-034,database,31.04,61.31,1149.27,7.3,0.102,42.06,
2026-03-14T14:09:00,INC-034,inventory-service,16.73,32.66,130.63,43.9,0.155,24.57,124.2
2026-03-14T14:09:00,INC-034,orders-api,52.82,99.13,94.79,288.7,15.345,31.14,114.8
2026-03-14T14:09:00,INC-034,payment-api,21.92,52.23,34.46,204.1,0.359,43.83,199.0
2026-03-14T14:09:00,INC-034,recommendation-service,33.35,49.17,206.57,56.4,0.123,25.62,
2026-03-14T14:10:00,INC-034,api-gateway,14.11,35.78,330.06,269.6,4.418,,257.9
2026-03-14T14:10:00,INC-034,database,30.72,61.05,1154.01,7.2,0.095,41.37,
2026-03-14T14:10:00,INC-034,inventory-service,16.60,32.68,133.89,46.5,0.118,25.16,122.1
2026-03-14T14:10:00,INC-034,orders-api,54.01,99.43,92.65,251.9,12.879,29.46,110.6
2026-03-14T14:10:00,INC-034,payment-api,21.12,52.52,34.16,187.9,0.123,45.19,188.8
2026-03-14T14:10:00,INC-034,recommendation-service,32.54,49.17,190.20,59.1,0.177,23.54,
2026-03-14T14:11:00,INC-034,api-gateway,13.97,35.76,329.80,284.9,5.737,,265.1
2026-03-14T14:11:00,INC-034,database,29.54,61.37,1156.01,8.0,0.136,40.38,
2026-03-14T14:11:00,INC-034,inventory-service,17.41,32.22,131.74,47.8,0.114,26.75,121.2
2026-03-14T14:11:00,INC-034,orders-api,55.54,98.88,93.92,265.3,16.170,32.65,113.7
2026-03-14T14:11:00,INC-034,payment-api,21.07,52.47,34.31,168.8,0.233,47.08,187.4
2026-03-14T14:11:00,INC-034,recommendation-service,32.83,49.21,174.42,52.7,0.172,24.84,
2026-03-14T14:12:00,INC-034,api-gateway,14.22,35.19,321.65,303.8,5.484,,274.3
2026-03-14T14:12:00,INC-034,database,30.69,60.59,1214.29,7.5,0.089,40.08,
2026-03-14T14:12:00,INC-034,inventory-service,17.67,32.34,130.84,77.4,0.333,27.48,119.9
2026-03-14T14:12:00,INC-034,orders-api,55.00,99.26,95.25,286.3,14.275,29.52,106.5
2026-03-14T14:12:00,INC-034,payment-api,20.58,52.47,36.17,177.3,0.212,45.41,177.2
2026-03-14T14:12:00,INC-034,recommendation-service,32.77,48.64,171.94,52.1,0.170,22.81,
2026-03-14T14:13:00,INC-034,api-gateway,14.10,34.89,333.25,300.6,5.512,,278.3
2026-03-14T14:13:00,INC-034,database,27.57,60.29,1228.78,7.6,0.048,37.63,
2026-03-14T14:13:00,INC-034,inventory-service,19.07,32.76,132.00,42.7,0.061,27.50,126.6
2026-03-14T14:13:00,INC-034,orders-api,57.89,99.41,94.84,281.6,14.554,30.06,107.1
2026-03-14T14:13:00,INC-034,payment-api,21.09,52.65,36.34,193.8,0.372,47.64,172.9
2026-03-14T14:13:00,INC-034,recommendation-service,33.41,49.08,179.00,57.7,0.152,24.30,
2026-03-14T14:14:00,INC-034,api-gateway,14.35,34.94,320.18,289.2,4.767,,282.3
2026-03-14T14:14:00,INC-034,database,29.10,60.85,1207.77,7.4,0.077,36.89,
2026-03-14T14:14:00,INC-034,inventory-service,17.80,32.49,124.93,49.4,0.064,28.44,135.3
2026-03-14T14:14:00,INC-034,orders-api,58.67,98.75,89.86,277.8,12.283,32.54,120.8
2026-03-14T14:14:00,INC-034,payment-api,20.50,52.94,35.83,208.9,0.470,49.83,186.8
2026-03-14T14:14:00,INC-034,recommendation-service,32.60,49.46,183.56,53.3,0.124,24.40,
2026-03-14T14:15:00,INC-034,api-gateway,14.04,34.25,301.65,272.2,5.726,,275.3
2026-03-14T14:15:00,INC-034,database,29.46,60.73,1121.88,6.5,0.050,39.33,
2026-03-14T14:15:00,INC-034,inventory-service,16.51,32.49,120.86,49.0,0.098,26.19,141.8
2026-03-14T14:15:00,INC-034,orders-api,55.94,99.28,90.68,286.4,15.517,32.45,112.0
2026-03-14T14:15:00,INC-034,payment-api,19.48,52.09,33.58,190.5,0.531,50.34,199.9
2026-03-14T14:15:00,INC-034,recommendation-service,30.20,49.59,171.25,53.2,0.040,25.40,
2026-03-14T14:16:00,INC-034,api-gateway,15.87,35.23,307.00,273.9,4.661,,281.5
2026-03-14T14:16:00,INC-034,database,30.48,61.40,1202.43,7.0,0.051,40.09,
2026-03-14T14:16:00,INC-034,inventory-service,16.16,32.29,113.33,45.0,0.084,27.20,138.3
2026-03-14T14:16:00,INC-034,orders-api,53.62,98.68,89.95,294.2,12.638,31.68,101.3
2026-03-14T14:16:00,INC-034,payment-api,18.58,52.15,33.07,200.8,0.353,48.25,232.0
2026-03-14T14:16:00,INC-034,recommendation-service,29.73,49.39,180.08,50.9,0.157,27.02,
2026-03-14T14:17:00,INC-034,api-gateway,16.41,35.27,297.74,304.7,5.454,,272.2
2026-03-14T14:17:00,INC-034,database,30.35,61.70,1166.10,6.4,0.086,40.44,
2026-03-14T14:17:00,INC-034,inventory-service,15.90,32.01,120.66,42.0,0.117,27.49,132.4
2026-03-14T14:17:00,INC-034,orders-api,54.40,99.20,83.64,298.2,14.851,31.89,98.1
2026-03-14T14:17:00,INC-034,payment-api,18.05,52.79,32.90,200.6,0.366,46.94,248.8
2026-03-14T14:17:00,INC-034,recommendation-service,30.26,49.01,176.41,54.0,0.161,26.78,
2026-03-14T14:18:00,INC-034,api-gateway,15.10,35.64,296.18,276.1,4.761,,264.9
2026-03-14T14:18:00,INC-034,database,28.60,61.43,1185.52,6.4,0.079,40.33,
2026-03-14T14:18:00,INC-034,inventory-service,17.22,32.58,123.75,38.8,0.100,27.18,129.4
2026-03-14T14:18:00,INC-034,orders-api,55.63,98.76,87.76,265.8,13.218,33.25,112.6
2026-03-14T14:18:00,INC-034,payment-api,20.45,52.50,31.18,190.0,0.326,45.50,263.8
2026-03-14T14:18:00,INC-034,recommendation-service,28.10,48.82,186.64,50.9,0.117,26.67,
2026-03-14T14:19:00,INC-034,api-gateway,16.30,35.52,305.51,283.5,4.297,,264.2
2026-03-14T14:19:00,INC-034,database,29.45,61.54,1167.45,6.4,0.081,43.51,
2026-03-14T14:19:00,INC-034,inventory-service,18.52,32.60,125.58,43.0,0.105,26.96,127.8
2026-03-14T14:19:00,INC-034,orders-api,53.68,99.25,88.96,283.9,11.900,33.90,130.1
2026-03-14T14:19:00,INC-034,payment-api,20.08,52.49,30.72,205.4,0.408,45.25,269.7
2026-03-14T14:19:00,INC-034,recommendation-service,29.74,48.48,185.05,52.4,0.123,26.42,
2026-03-14T14:20:00,INC-034,api-gateway,15.56,35.54,298.77,301.6,4.409,,275.3
2026-03-14T14:20:00,INC-034,database,29.63,62.10,1179.56,6.7,0.061,45.06,
2026-03-14T14:20:00,INC-034,inventory-service,17.41,32.73,126.29,44.1,0.153,30.25,114.1
2026-03-14T14:20:00,INC-034,orders-api,53.33,99.18,90.69,300.7,12.529,33.57,129.0
2026-03-14T14:20:00,INC-034,payment-api,20.68,51.40,31.53,198.0,0.231,42.50,289.3
2026-03-14T14:20:00,INC-034,recommendation-service,31.23,48.53,176.23,51.9,0.190,25.44,
2026-03-14T14:21:00,INC-034,api-gateway,12.74,35.66,297.52,292.1,4.389,,284.1
2026-03-14T14:21:00,INC-034,database,30.88,62.21,1091.13,6.8,0.105,43.08,
2026-03-14T14:21:00,INC-034,inventory-service,16.80,32.22,127.31,43.7,0.131,28.63,112.2
2026-03-14T14:21:00,INC-034,orders-api,53.66,98.85,84.41,329.4,12.074,35.58,134.5
2026-03-14T14:21:00,INC-034,payment-api,19.48,51.63,33.14,186.4,0.339,41.54,286.1
2026-03-14T14:21:00,INC-034,recommendation-service,33.06,48.64,180.87,54.8,0.181,24.90,
2026-03-14T14:22:00,INC-034,api-gateway,10.31,35.59,293.27,274.7,5.790,,257.6
2026-03-14T14:22:00,INC-034,database,29.05,61.60,1031.49,6.3,0.072,41.71,
2026-03-14T14:22:00,INC-034,inventory-service,17.07,32.57,128.63,40.9,0.115,29.41,113.4
2026-03-14T14:22:00,INC-034,orders-api,51.74,99.26,86.12,265.0,15.724,33.84,137.1
2026-03-14T14:22:00,INC-034,payment-api,19.19,52.21,31.16,181.9,0.312,40.69,254.6
2026-03-14T14:22:00,INC-034,recommendation-service,31.78,49.05,181.41,60.4,0.240,25.39,
2026-03-14T14:23:00,INC-034,api-gateway,13.09,35.11,287.95,278.6,5.196,,274.4
2026-03-14T14:23:00,INC-034,database,31.64,61.32,1013.76,6.3,0.089,42.64,
2026-03-14T14:23:00,INC-034,inventory-service,16.98,32.35,122.74,37.2,0.161,26.72,111.1
2026-03-14T14:23:00,INC-034,orders-api,52.41,98.87,83.37,281.0,13.976,31.35,123.9
2026-03-14T14:23:00,INC-034,payment-api,19.09,52.89,30.69,182.5,0.280,44.00,234.5
2026-03-14T14:23:00,INC-034,recommendation-service,33.14,49.35,176.84,58.1,0.199,24.56,
2026-03-14T14:24:00,INC-034,api-gateway,14.65,35.07,291.97,270.5,4.360,,280.6
2026-03-14T14:24:00,INC-034,database,31.90,61.41,1070.60,6.9,0.082,43.33,
2026-03-14T14:24:00,INC-034,inventory-service,17.76,32.75,128.79,36.4,0.191,24.53,108.3
2026-03-14T14:24:00,INC-034,orders-api,52.40,99.31,84.91,272.7,11.992,33.59,113.0
2026-03-14T14:24:00,INC-034,payment-api,18.32,52.33,31.39,173.3,0.383,44.91,219.2
2026-03-14T14:24:00,INC-034,recommendation-service,32.90,49.18,186.56,56.5,0.168,24.31,
2026-03-14T14:25:00,INC-034,api-gateway,15.14,35.45,284.59,269.4,5.638,,294.7
2026-03-14T14:25:00,INC-034,database,31.13,61.38,1070.50,7.3,0.039,41.57,
2026-03-14T14:25:00,INC-034,inventory-service,18.28,32.86,121.91,36.6,0.221,25.57,117.4
2026-03-14T14:25:00,INC-034,orders-api,53.45,99.18,85.09,256.7,15.911,34.01,116.7
2026-03-14T14:25:00,INC-034,payment-api,20.13,52.60,32.27,165.7,0.300,46.06,203.9
2026-03-14T14:25:00,INC-034,recommendation-service,31.28,49.49,181.86,53.0,0.115,27.03,
2026-03-14T14:26:00,INC-034,api-gateway,12.82,35.33,303.07,151.2,0.549,,156.6
2026-03-14T14:26:00,INC-034,database,31.07,61.27,1051.44,6.9,0.061,42.49,
2026-03-14T14:26:00,INC-034,inventory-service,20.62,33.27,119.88,37.8,0.181,23.88,119.2
2026-03-14T14:26:00,INC-034,orders-api,37.68,35.17,87.41,92.5,1.789,32.62,120.9
2026-03-14T14:26:00,INC-034,payment-api,19.03,52.22,31.15,163.6,0.280,46.61,182.6
2026-03-14T14:26:00,INC-034,recommendation-service,32.44,49.22,181.73,53.0,0.165,25.82,
2026-03-14T14:27:00,INC-034,api-gateway,13.48,35.22,302.08,176.2,0.366,,153.5
2026-03-14T14:27:00,INC-034,database,31.41,61.57,1034.87,6.6,0.071,41.07,
2026-03-14T14:27:00,INC-034,inventory-service,19.19,32.56,118.04,42.0,0.143,25.44,111.5
2026-03-14T14:27:00,INC-034,orders-api,36.95,35.28,89.25,81.7,1.205,31.36,107.4
2026-03-14T14:27:00,INC-034,payment-api,19.09,52.05,32.01,151.4,0.270,44.48,181.9
2026-03-14T14:27:00,INC-034,recommendation-service,31.02,49.26,188.75,58.2,0.216,24.75,
2026-03-14T14:28:00,INC-034,api-gateway,15.96,35.19,310.39,170.9,0.370,,140.3
2026-03-14T14:28:00,INC-034,database,30.12,61.20,1028.85,6.8,0.066,38.90,
2026-03-14T14:28:00,INC-034,inventory-service,16.40,32.60,114.93,42.0,0.162,22.62,114.1
2026-03-14T14:28:00,INC-034,orders-api,36.55,35.28,89.06,86.2,0.448,29.58,111.2
2026-03-14T14:28:00,INC-034,payment-api,18.53,52.10,31.89,164.6,0.143,47.10,192.2
2026-03-14T14:28:00,INC-034,recommendation-service,31.88,48.86,182.51,58.8,0.184,23.50,
2026-03-14T14:29:00,INC-034,api-gateway,14.53,35.38,297.84,183.6,0.398,,148.5
2026-03-14T14:29:00,INC-034,database,30.16,62.02,1036.91,6.4,0.101,40.70,
2026-03-14T14:29:00,INC-034,inventory-service,17.17,32.56,118.23,40.3,0.147,25.93,108.9
2026-03-14T14:29:00,INC-034,orders-api,36.59,35.62,88.19,98.0,0.388,27.89,97.3
2026-03-14T14:29:00,INC-034,payment-api,19.89,52.17,32.44,172.7,0.306,45.82,217.3
2026-03-14T14:29:00,INC-034,recommendation-service,31.98,49.04,180.08,61.2,0.263,24.61,
2026-03-14T14:30:00,INC-034,api-gateway,13.85,34.83,291.88,169.1,0.420,,138.0
2026-03-14T14:30:00,INC-034,database,28.72,61.88,1040.52,6.1,0.111,41.84,
2026-03-14T14:30:00,INC-034,inventory-service,18.81,32.22,113.70,41.6,0.167,24.51,102.4
2026-03-14T14:30:00,INC-034,orders-api,37.54,36.09,89.17,91.1,0.499,30.53,100.1
2026-03-14T14:30:00,INC-034,payment-api,19.44,52.84,32.46,179.3,0.264,42.29,225.0
2026-03-14T14:30:00,INC-034,recommendation-service,29.82,49.16,173.01,61.3,0.161,25.75,
2026-03-14T14:31:00,INC-034,api-gateway,12.92,34.94,280.71,171.2,0.333,,119.2
2026-03-14T14:31:00,INC-034,database,27.08,61.71,1005.38,6.1,0.121,43.21,
2026-03-14T14:31:00,INC-034,inventory-service,18.50,31.64,115.75,43.5,0.177,25.06,88.3
2026-03-14T14:31:00,INC-034,orders-api,36.24,35.75,87.93,99.2,0.367,30.30,110.7
2026-03-14T14:31:00,INC-034,payment-api,18.27,52.48,32.96,190.0,0.402,40.52,197.2
2026-03-14T14:31:00,INC-034,recommendation-service,30.75,49.37,172.39,62.3,0.122,23.94,
2026-03-14T14:32:00,INC-034,api-gateway,14.58,35.46,289.56,155.5,0.240,,114.8
2026-03-14T14:32:00,INC-034,database,26.97,61.50,1026.70,6.9,0.093,44.68,
2026-03-14T14:32:00,INC-034,inventory-service,17.21,31.93,124.82,42.8,0.152,23.49,102.6
2026-03-14T14:32:00,INC-034,orders-api,35.91,36.95,85.26,96.8,0.258,31.60,117.3
2026-03-14T14:32:00,INC-034,payment-api,18.15,51.91,32.53,169.9,0.454,42.00,197.1
2026-03-14T14:32:00,INC-034,recommendation-service,31.37,48.79,167.03,59.8,0.102,25.32,
2026-03-14T14:33:00,INC-034,api-gateway,13.10,35.53,279.68,157.3,0.016,,113.3
2026-03-14T14:33:00,INC-034,database,27.95,61.47,983.64,6.6,0.053,45.02,
2026-03-14T14:33:00,INC-034,inventory-service,17.06,31.99,120.36,45.8,0.118,21.64,105.4
2026-03-14T14:33:00,INC-034,orders-api,36.55,36.26,87.75,88.6,0.237,31.01,118.4
2026-03-14T14:33:00,INC-034,payment-api,15.60,51.82,31.32,175.1,0.456,43.73,211.8
2026-03-14T14:33:00,INC-034,recommendation-service,31.83,49.09,177.56,63.7,0.042,26.24,
2026-03-14T14:34:00,INC-034,api-gateway,14.89,34.79,279.72,157.6,0.358,,127.4
2026-03-14T14:34:00,INC-034,database,26.96,61.28,953.65,6.3,0.000,41.96,
2026-03-14T14:34:00,INC-034,inventory-service,18.13,32.35,119.64,41.0,0.120,22.90,106.5
2026-03-14T14:34:00,INC-034,orders-api,37.68,36.63,82.23,90.3,0.143,32.00,124.4
2026-03-14T14:34:00,INC-034,payment-api,17.28,52.01,31.19,166.7,0.658,42.25,232.6
2026-03-14T14:34:00,INC-034,recommendation-service,30.37,49.54,181.72,60.9,0.097,24.57,
2026-03-14T14:35:00,INC-034,api-gateway,13.84,35.44,280.50,165.4,0.296,,136.0
2026-03-14T14:35:00,INC-034,database,26.56,61.18,1023.55,6.7,0.055,40.96,
2026-03-14T14:35:00,INC-034,inventory-service,17.55,33.17,120.43,44.4,0.157,20.28,101.8
2026-03-14T14:35:00,INC-034,orders-api,36.49,36.33,80.96,107.2,0.168,34.04,110.9
2026-03-14T14:35:00,INC-034,payment-api,18.90,51.89,31.34,168.5,0.470,40.35,232.2
2026-03-14T14:35:00,INC-034,recommendation-service,28.94,48.63,184.25,58.1,0.099,26.17,
2026-03-14T14:36:00,INC-034,api-gateway,14.62,35.32,272.77,183.3,0.369,,126.2
2026-03-14T14:36:00,INC-034,database,28.17,61.64,1007.84,6.8,0.106,40.99,
2026-03-14T14:36:00,INC-034,inventory-service,17.85,32.90,119.47,38.9,0.167,20.62,104.7
2026-03-14T14:36:00,INC-034,orders-api,36.59,36.09,83.60,110.8,0.233,31.73,113.5
2026-03-14T14:36:00,INC-034,payment-api,19.06,52.44,32.25,182.9,0.344,40.27,236.6
2026-03-14T14:36:00,INC-034,recommendation-service,28.37,48.72,185.39,61.5,0.050,27.87,
2026-03-14T14:37:00,INC-034,api-gateway,13.42,35.75,275.33,174.6,0.000,,135.6
2026-03-14T14:37:00,INC-034,database,26.65,61.86,1031.37,7.3,0.093,42.29,
2026-03-14T14:37:00,INC-034,inventory-service,15.85,32.90,124.61,44.3,0.123,21.45,120.0
2026-03-14T14:37:00,INC-034,orders-api,35.74,36.15,87.20,113.1,0.349,31.37,107.8
2026-03-14T14:37:00,INC-034,payment-api,20.39,52.28,32.19,185.8,0.397,41.60,212.6
2026-03-14T14:37:00,INC-034,recommendation-service,30.72,48.80,185.59,60.3,0.107,25.23,
2026-03-14T14:38:00,INC-034,api-gateway,14.43,35.47,280.09,197.3,0.085,,126.9
2026-03-14T14:38:00,INC-034,database,28.74,61.38,1049.03,6.8,0.086,42.27,
2026-03-14T14:38:00,INC-034,inventory-service,15.97,32.78,122.08,45.3,0.177,22.06,131.2
2026-03-14T14:38:00,INC-034,orders-api,33.87,36.32,86.97,104.2,0.254,31.36,106.7
2026-03-14T14:38:00,INC-034,payment-api,20.49,51.97,33.13,195.1,0.498,43.53,219.2
2026-03-14T14:38:00,INC-034,recommendation-service,30.40,49.06,177.91,61.3,0.172,25.26,
2026-03-14T14:39:00,INC-034,api-gateway,12.67,35.35,282.34,455.2,0.584,,135.0
2026-03-14T14:39:00,INC-034,database,29.37,61.44,1064.35,6.3,0.081,41.19,
2026-03-14T14:39:00,INC-034,inventory-service,15.71,32.39,121.48,46.3,0.175,22.67,135.1
2026-03-14T14:39:00,INC-034,orders-api,34.97,37.74,83.73,101.0,0.255,29.86,100.4
2026-03-14T14:39:00,INC-034,payment-api,20.03,51.86,31.01,185.5,0.433,46.12,208.4
2026-03-14T14:39:00,INC-034,recommendation-service,32.14,49.27,181.33,59.3,0.165,26.09,
2026-03-14T14:40:00,INC-034,api-gateway,13.51,35.90,284.06,195.7,0.374,,148.3
2026-03-14T14:40:00,INC-034,database,29.58,61.60,1028.19,6.6,0.103,39.69,
2026-03-14T14:40:00,INC-034,inventory-service,18.58,33.02,117.70,47.7,0.128,22.08,130.3
2026-03-14T14:40:00,INC-034,orders-api,36.89,37.86,82.10,103.2,0.222,31.46,107.7
2026-03-14T14:40:00,INC-034,payment-api,20.00,51.49,29.90,175.3,0.532,44.23,210.4
2026-03-14T14:40:00,INC-034,recommendation-service,31.71,49.68,173.76,57.7,0.147,27.11,
2026-03-14T14:41:00,INC-034,api-gateway,13.05,35.72,286.36,216.5,0.519,,133.3
2026-03-14T14:41:00,INC-034,database,28.96,61.28,1031.83,7.1,0.088,39.73,
2026-03-14T14:41:00,INC-034,inventory-service,17.48,32.97,120.82,46.8,0.168,22.21,149.1
2026-03-14T14:41:00,INC-034,orders-api,35.87,37.47,88.24,103.8,0.141,30.19,101.2
2026-03-14T14:41:00,INC-034,payment-api,20.15,51.91,29.60,176.6,0.499,47.58,225.5
2026-03-14T14:41:00,INC-034,recommendation-service,28.64,49.66,175.75,53.9,0.075,27.09,
2026-03-14T14:42:00,INC-034,api-gateway,10.88,35.34,279.72,193.4,0.477,,130.0
2026-03-14T14:42:00,INC-034,database,29.64,61.22,1042.11,6.9,0.064,40.98,
2026-03-14T14:42:00,INC-034,inventory-service,17.43,32.90,118.00,50.0,0.112,22.88,138.0
2026-03-14T14:42:00,INC-034,orders-api,35.43,37.38,86.64,101.7,0.225,29.34,107.6
2026-03-14T14:42:00,INC-034,payment-api,19.46,51.85,30.91,152.2,0.581,47.26,261.2
2026-03-14T14:42:00,INC-034,recommendation-service,30.90,49.81,178.44,58.9,0.115,24.20,
2026-03-14T14:43:00,INC-034,api-gateway,12.30,35.24,284.22,184.9,0.290,,128.2
2026-03-14T14:43:00,INC-034,database,30.44,61.36,1035.20,6.5,0.098,40.98,
2026-03-14T14:43:00,INC-034,inventory-service,17.63,32.98,116.90,49.2,0.099,25.63,132.3
2026-03-14T14:43:00,INC-034,orders-api,35.82,37.68,82.17,104.8,0.303,28.06,97.0
2026-03-14T14:43:00,INC-034,payment-api,18.45,52.23,30.21,154.4,0.390,46.05,254.0
2026-03-14T14:43:00,INC-034,recommendation-service,29.30,50.32,173.55,65.4,0.148,23.40,
2026-03-14T14:44:00,INC-034,api-gateway,11.58,35.90,292.91,185.3,0.317,,121.5
2026-03-14T14:44:00,INC-034,database,32.20,61.11,993.79,6.3,0.084,42.82,
2026-03-14T14:44:00,INC-034,inventory-service,16.48,33.14,116.49,49.1,0.090,24.16,141.4
2026-03-14T14:44:00,INC-034,orders-api,35.89,37.66,79.42,98.8,0.253,25.16,109.2
2026-03-14T14:44:00,INC-034,payment-api,16.81,51.95,29.87,169.3,0.310,44.70,250.6
2026-03-14T14:44:00,INC-034,recommendation-service,29.23,50.16,175.59,66.1,0.170,24.35,
2026-03-14T14:45:00,INC-034,api-gateway,14.03,35.70,296.45,166.5,0.277,,119.3
2026-03-14T14:45:00,INC-034,database,31.12,60.89,1000.10,6.0,0.057,40.49,
2026-03-14T14:45:00,INC-034,inventory-service,16.72,33.16,118.95,43.4,0.084,26.15,143.2
2026-03-14T14:45:00,INC-034,orders-api,38.13,37.99,81.78,106.0,0.184,26.52,100.0
2026-03-14T14:45:00,INC-034,payment-api,16.53,51.93,29.66,177.9,0.142,44.18,238.0
2026-03-14T14:45:00,INC-034,recommendation-service,29.90,49.25,175.36,62.7,0.143,25.98,
2026-03-14T14:46:00,INC-034,api-gateway,15.03,35.72,280.93,180.2,0.344,,114.6
2026-03-14T14:46:00,INC-034,database,29.59,61.01,1026.04,6.3,0.091,39.92,
2026-03-14T14:46:00,INC-034,inventory-service,14.45,32.74,116.12,44.0,0.098,24.62,140.3
2026-03-14T14:46:00,INC-034,orders-api,37.99,37.86,80.95,99.1,0.363,26.35,108.3
2026-03-14T14:46:00,INC-034,payment-api,16.34,51.90,29.78,179.3,0.075,44.35,249.6
2026-03-14T14:46:00,INC-034,recommendation-service,29.06,48.99,168.18,66.4,0.171,27.24,
2026-03-14T14:47:00,INC-034,api-gateway,15.07,35.59,299.30,172.3,0.645,,112.5
2026-03-14T14:47:00,INC-034,database,29.34,61.28,1049.06,6.3,0.100,39.90,
2026-03-14T14:47:00,INC-034,inventory-service,13.88,32.55,112.41,43.3,0.132,25.29,126.4
2026-03-14T14:47:00,INC-034,orders-api,36.26,38.41,85.07,94.1,0.237,27.41,115.6
2026-03-14T14:47:00,INC-034,payment-api,15.34,52.41,28.74,173.1,0.309,43.32,247.3
2026-03-14T14:47:00,INC-034,recommendation-service,29.77,49.40,177.74,60.3,0.146,31.22,
2026-03-14T14:48:00,INC-034,api-gateway,16.04,35.18,293.00,168.4,0.679,,129.3
2026-03-14T14:48:00,INC-034,database,30.79,61.69,1042.05,6.9,0.099,37.47,
2026-03-14T14:48:00,INC-034,inventory-service,13.52,32.66,105.15,43.2,0.091,25.99,123.0
2026-03-14T14:48:00,INC-034,orders-api,37.16,39.08,85.55,106.2,0.318,29.33,126.0
2026-03-14T14:48:00,INC-034,payment-api,15.48,52.47,28.43,160.2,0.163,42.08,240.0
2026-03-14T14:48:00,INC-034,recommendation-service,28.79,49.19,177.26,58.1,0.167,27.92,
2026-03-14T14:49:00,INC-034,api-gateway,14.52,35.36,279.13,159.9,0.930,,123.6
2026-03-14T14:49:00,INC-034,database,27.63,61.49,998.07,7.5,0.083,35.65,
2026-03-14T14:49:00,INC-034,inventory-service,14.70,32.05,104.40,38.7,0.112,25.08,127.0
2026-03-14T14:49:00,INC-034,orders-api,38.27,39.04,87.35,105.4,0.257,28.09,129.4
2026-03-14T14:49:00,INC-034,payment-api,17.42,52.40,29.32,156.0,0.145,43.09,260.1
2026-03-14T14:49:00,INC-034,recommendation-service,28.62,49.50,170.79,55.7,0.151,25.61,
2026-03-14T14:50:00,INC-034,api-gateway,15.58,35.15,264.69,165.6,0.895,,122.4
2026-03-14T14:50:00,INC-034,database,29.37,61.65,976.99,6.8,0.101,38.02,
2026-03-14T14:50:00,INC-034,inventory-service,14.54,31.71,107.60,38.1,0.100,22.81,126.7
2026-03-14T14:50:00,INC-034,orders-api,38.51,38.67,86.94,98.9,0.291,31.01,121.3
2026-03-14T14:50:00,INC-034,payment-api,18.04,52.18,30.47,150.7,0.114,42.89,236.7
2026-03-14T14:50:00,INC-034,recommendation-service,30.15,49.31,175.09,57.8,0.168,25.54,
2026-03-14T14:51:00,INC-034,api-gateway,14.79,35.76,255.63,180.4,0.890,,120.2
2026-03-14T14:51:00,INC-034,database,30.01,62.45,1017.30,7.5,0.122,41.81,
2026-03-14T14:51:00,INC-034,inventory-service,15.81,31.71,108.85,41.1,0.115,20.30,105.0
2026-03-14T14:51:00,INC-034,orders-api,39.10,38.45,86.35,92.0,0.157,31.76,123.8
2026-03-14T14:51:00,INC-034,payment-api,16.08,52.29,31.01,166.4,0.446,43.76,211.3
2026-03-14T14:51:00,INC-034,recommendation-service,29.89,49.22,162.20,53.7,0.185,27.10,
2026-03-14T14:52:00,INC-034,api-gateway,15.16,35.49,252.75,145.4,0.610,,138.2
2026-03-14T14:52:00,INC-034,database,29.68,62.42,972.85,7.0,0.092,42.42,
2026-03-14T14:52:00,INC-034,inventory-service,16.66,31.97,116.15,39.0,0.068,21.62,115.1
2026-03-14T14:52:00,INC-034,orders-api,38.95,38.89,85.33,92.8,0.157,30.91,113.6
2026-03-14T14:52:00,INC-034,payment-api,18.37,51.72,29.49,169.8,0.294,44.84,224.7
2026-03-14T14:52:00,INC-034,recommendation-service,29.52,49.40,164.71,54.9,0.145,29.06,
2026-03-14T14:53:00,INC-034,api-gateway,15.70,35.26,258.55,174.3,0.430,,147.5
2026-03-14T14:53:00,INC-034,database,27.44,62.38,979.38,7.0,0.079,42.37,
2026-03-14T14:53:00,INC-034,inventory-service,16.95,31.64,114.54,35.3,0.037,22.04,124.7
2026-03-14T14:53:00,INC-034,orders-api,37.94,39.16,82.02,104.7,0.316,32.66,105.2
2026-03-14T14:53:00,INC-034,payment-api,18.28,51.63,29.03,180.2,0.287,42.31,211.5
2026-03-14T14:53:00,INC-034,recommendation-service,31.04,49.56,170.65,58.4,0.153,27.18,
2026-03-14T14:54:00,INC-034,api-gateway,14.52,35.62,259.53,176.3,0.362,,147.9
2026-03-14T14:54:00,INC-034,database,29.36,62.78,989.96,6.5,0.081,40.18,
2026-03-14T14:54:00,INC-034,inventory-service,16.77,32.04,117.91,36.3,0.072,24.02,117.5
2026-03-14T14:54:00,INC-034,orders-api,38.75,38.23,82.22,111.0,0.286,32.41,115.6
2026-03-14T14:54:00,INC-034,payment-api,20.25,52.18,30.05,182.8,0.263,41.50,230.2
2026-03-14T14:54:00,INC-034,recommendation-service,32.00,49.70,172.91,59.4,0.199,26.49,
2026-03-14T14:55:00,INC-034,api-gateway,13.97,35.78,274.61,168.5,0.554,,137.0
2026-03-14T14:55:00,INC-034,database,28.68,62.62,973.03,7.2,0.085,42.69,
2026-03-14T14:55:00,INC-034,inventory-service,16.55,32.23,115.19,37.1,0.125,25.66,104.2
2026-03-14T14:55:00,INC-034,orders-api,39.03,38.20,80.72,100.3,0.132,30.28,103.1
2026-03-14T14:55:00,INC-034,payment-api,19.82,52.18,31.28,182.3,0.238,41.94,222.9
2026-03-14T14:55:00,INC-034,recommendation-service,31.56,49.09,177.24,55.4,0.181,27.29,
2026-03-14T14:56:00,INC-034,api-gateway,14.19,35.25,270.60,173.2,0.645,,141.1
2026-03-14T14:56:00,INC-034,database,29.46,62.86,1036.83,6.7,0.098,42.44,
2026-03-14T14:56:00,INC-034,inventory-service,16.69,31.80,111.02,43.6,0.099,24.26,112.3
2026-03-14T14:56:00,INC-034,orders-api,39.44,38.95,81.06,102.8,0.065,29.45,109.1
2026-03-14T14:56:00,INC-034,payment-api,17.41,51.73,30.30,177.9,0.314,42.46,188.7
2026-03-14T14:56:00,INC-034,recommendation-service,32.48,49.31,171.38,56.0,0.143,24.89,
2026-03-14T14:57:00,INC-034,api-gateway,12.28,35.02,263.63,168.8,0.361,,140.8
2026-03-14T14:57:00,INC-034,database,28.08,62.36,1057.34,7.0,0.110,41.18,
2026-03-14T14:57:00,INC-034,inventory-service,15.17,31.55,105.76,39.7,0.135,22.60,132.2
2026-03-14T14:57:00,INC-034,orders-api,38.80,38.35,76.79,104.4,0.144,28.82,104.7
2026-03-14T14:57:00,INC-034,payment-api,18.34,51.34,29.83,159.2,0.366,40.16,194.0
2026-03-14T14:57:00,INC-034,recommendation-service,32.38,49.54,170.55,52.5,0.083,23.92,
